207210
203042
200642
157886
248081
143232
235848
244914
168287
225080
167187
212265
235871
197929
179512
155476
175104
245576
241005
139096
180863
253012
220473
183733
219326
224321
148955
170763
195703
185689
218912
244937
166454
246474
184801
192955
247099
235592
199021
197399
175712
240735
188596
255065
222525
249903
243050
231279
170502
250730
186381
202118
263921
241593
209812
198376
209180
149910
162916
201934
194598
145117
270846
267047
189898
240137
156316
209345
146304
227447
138857
273663
187666
255699
196902
150640
203049
213648
240331
222860
269772
229817
189857
265416
158268
254710
254442
163747
246031
268521
230353
264153
180676
271508
246988
144322
171986
168162
230697
272699
199979
186920
231165
168824
170403
168240
176106
170329
238450
264920
264192
148039
218205
155404
173976
271276
172213
253387
247676
196666
210757
206300
244813
138944
202112
172875
263181
191313
254521
247800
246265
202050
152488
210516
173126
146270
188194
264207
196626
245679
258833
219198
196413
260891
242365
234586
169961
241043
180115
152820
197793
266792
232643
144534
221905
254494
260302
232499
236140
144102
185516
239192
161094
159493
267235
211995
274408
144544
204807
178809
159498
223815
186216
166978
152531
153720
159774
162373
256581
155729
167289
188954
139616
262962
258049
188642
180890
274174
157857
154021
274290
262827
215450
224028
200023
157547
214346
232036
215281
243594
203463
273717
230306
232445
160391
206444
188792
246844
237877
169945
139792
152741
163528
159429
224509
203899
162534
146135
241496
214699
222097
185664
204559
167385
234633
227180
159698
186935
141399
245706
169793
209312
145226
151542
143484
251063
262301
198817
253989
224407
218815
234686
253351
191708
202358
157900
264384
269730
200402
167620
207869
153791
163404
180544
266548
245991
260700
247211
209869
147759
256923
238679
230044
225166
189891
208512
170962
258152
263204
157278
209976
206452
180267
139621
267641
235855
269829
199857
143540
208216
264822
243799
259408
144825
186692
274392
261087
182349
204028
227891
239475
139520
152387
201725
203480
225129
183134
179305
212324
255867
273806
261019
229725
255487
198462
227674
250976
193719
224898
245907
230107
232914
207366
211128
244121
250962
142513
261163
147617
161507
199796
203594
259747
255618
204132
222249
152136
263716
177427
249506
265711
185419
171973
167336
155516
141794
218164
267382
153626
179183
161814
204498
217500
210703
236155
174185
255691
266804
266311
274245
219540
239583
156526
225717
234924
217506
251965
235391
154797
175275
149595
266420
156072
184609
219841
218637
245121
174207
240671
259339
177760
230560
230304
273855
226937
146773
268900
225526
256651
149765
239633
162578
263818
193873
181728
154428
214876
149583
226926
238892
148141
168496
150626
224301
190525
192123
207740
251016
206823
259718
153123
193579
182555
246293
179723
151096
269786
143937
153691
160769
140750
217916
178667
270077
273406
158968
151400
220164
192758
176365
224167
212774
146098
199636
141695
248952
172418
214774
146174
201539
249795
267461
259819
272076
152020
246632
219144
194005
140959
218181
216258
180343
178229
255896
197048
216823
202345
220432
140543
270628
190543
274175
265448
199853
162253
200845
198215
151280
146800
264329
235079
170558
259683
203293
207196
219268
173478
257661
201331
253661
270994
255326
149841
272688
183683
238119
165399
162832
244338
195630
248193
155417
154921
217980
238066
225616
179666
151699
201118
140360
188269
210827
152643
141054
211365
210002
205387
259369
165162
223793
229213
180597
232061
234616
173454
210089
182466
154161
138929
160472
238089
191630
264556
140515
205571
217802
220930
150953
234001
220129
248493
248644
205322
239246
159026
203969
180594
200428
222070
208737
224236
246958
158169
270764
166142
251836
221514
139870
157952
262307
214368
175994
206777
271881
142357
212276
163266
212492
163742
241526
243602
156215
186961
260980
201795
261328
230844
145924
243456
164970
200088
270838
235797
243507
195584
210029
143922
139885
221948
249246
170021
147449
150891
156167
172834
179073
250604
239443
257471
214419
213442
170368
151380
225718
196597
175892
158388
230270
179254
247523
266463
167865
262012
267183
185794
225889
215681
211252
233928
150413
222605
222182
184374
236715
238505
212119
210808
217080
263383
251621
170027
193840
211756
208215
140714
143435
214733
177414
198779
206175
148693
211972
226109
274211
181786
269338
161462
197479
249382
138942
188812
243949
217945
223554
150931
259320
255021
187587
181736
209106
269033
168577
213469
174104
151961
211083
159740
215355
150512
188283
253605
162129
172351
246668
230596
177954
146829
251583
172306
184265
157793
190731
215426
148431
261660
250625
206771
177707
230859
219714
269287
174056
237669
215095
265226
262999
160127
243569
211969
211172
146130
274182
163900
229304
241198
238132
152131
191903
147605
239189
200186
197935
267280
267623
152606
216344
261626
248522
190838
177900
158001
150714
238831
214573
233651
202119
185842
241781
144908
244624
235568
224205
260133
194560
222238
238463
226733
223217
249238
246097
234292
200646
273728
156537
231562
195610
266632
162512
240218
180811
191547
149329
181535
215614
220527
202841
193372
154557
169486
224951
274374
220511
223728
199535
184560
171462
263565
244676
239856
247004
218541
215916
214663
156358
269706
159902
161763
173317
145879
182293
217567
260435
190319
184306
209745
267881
266125
233150
169944
247813
166343
202962
247754
183750
141842
184851
159989
188976
269879
250102
183811
172295
227770
238302
261142
139388
211556
187019
230855
269721
250590
178679
200021
186484
175573
211342
274171
262419
180589
208944
175149
154952
217483
218498
254641
191704
202082
161793
234852
250638
196285
265051
143015
178771
215827
212274
233891
253209
146663
257818
217963
165096
139108
160787
199243
153602
257101
169071
189276
152960
170295
223983
201455
174774
158655
254614
210177
248561
178302
263317
159623
257122
217046
209580
269221
148865
239959
174197
255444
267836
229769
148425
269563
181067
161454
261935
148997
243155
177073
213770
237018
244288
270433
265636
235818
265967
216028
208957
226014
203011
162482
268609
235484
197491
169995
150847
142445
253991
232564
189924
149319
150006
225612
236816
183776
243430
139838
149609
170018
245413
247920
230452
229399
269720
147428
162774
138470
159323
239605
153639
172186
152724
235768
142987
142329
251956
235714
172199
239054
209649
257792
261607
222748
155867
246126
242632
154818
219464
240535
259593
190733
224673
161567
217705
266899
175416
197965
140210
269526
225869
168176
202205
149893
241881
260571
212732
214218
157393
236525
260523
258952
198413
249746
167530
187412
159801
260880
168675
227288
183763
200361
254942
174194
242082
162598
268115
217016
235822
250044
193750
252004
164179
210209
224274
139343
149579
262065
201211
154529
187795
165757
200737
199427
175354
148832
166728
190806
164848
157667
158769
255098
217775
257605
270570
234024
182306
199634
176936
225277
246737
196062
187333
211219
173360
159251
148099
150792
234096
156187
223773
253406
242719
265583
184808
165125
151865
144294
144999
153686
206344
152837
159509
160728
143414
144564
247722
191420
199005
209620
227590
169103
196777
146885
178444
197324
256633
201143
235605
149400
182541
226684
179228
243081
258868
246779
257121
257179
209466
170683
223896
251557
223026
142274
242816
163000
206145
263731
226247
166680
241307
266263
140244
249173
191486
217173
246853
202221
184352
197150
152023
241316
168023
147523
193298
249744
221946
186987
217335
266057
259049
161647
249879
139357
237637
272491
166950
239869
197298
142777
138853
193722
241395
263858
214631
193481
149660
243211
165680
226498
227968
193198
204464
155645
235640
249317
205500
264730
139517
236724
162384
253597
258755
197722
181199
184910
261195
209668
236395
195055
165790
254757
271719
249955
172316
244867
241819
251116
229021
214682
187420
213040
216339
175437
171294
159733
200464
189321
161469
172851
165256
145331
175781
231517
226876
264712
199457
237158
150915
163438
197049
183830
234892
240123
177924
272347
269410
151356
271159
248773
246321
238437
145380
208864
138667
262677
199889
241373
272072
141562
250811
270854
247005
192922
253310
212763
145540
145428
273645
261039
151548
232013
152306
245599
262011
239492
259538
246398
172811
143611
166903
216707
272388
155320
225088
181247
152036
183152
253402
153901
269773
195057
220614
263845
173304
202828
246577
226767
267206
253752
175261
198723
199381
210952
262064
210858
268477
234253
169949
273407
199376
144956
272128
194356
143412
219876
224768
184600
271528
194698
208230
221632
139202
180261
266418
176040
272744
264296
144380
207321
149755
138166
161319
257339
224376
248148
164094
180009
165552
186220
211712
177675
150868
139634
187877
163072
142902
181165
209884
250304
239814
139694
233809
244627
181604
274040
218370
181555
262610
222230
144992
203965
247884
180600
140270
237334
198391
222357
146674
267443
263407
162702
263364
182136
158734
190245
268507
232504
253588
199307
152497
168751
241003
143678
237667
247977
233718
143148
257482
219165
265490
239548
152194
149773
252301
175384
149108
251462
146765
242258
172240
238073
245936
158083
225724
162943
191873
169748
250643
174526
150564
179317
228999
179188
217230
159129
182126
245389
213379
270257
234164
245448
255570
189942
171262
228699
206087
186081
198090
237029
252607
157120
152074
255184
149235
184316
227801
257047
242749
200592
216711
222175
255124
241381
196140
227226
141025
244463
161540
202546
243693
267989
161262
145243
188694
170493
226740
246468
138891
246812
240254
263136
210442
153083
268938
164277
162181
150987
262721
163572
159440
155855
270088
209855
256582
258424
212356
159163
183385
237424
193094
243983
254025
147484
153285
253125
151181
259082
202209
263206
248242
138987
167112
219169
202595
245747
177889
167092
189487
172929
188323
256166
257968
184546
209380
216608
168226
183240
203829
166006
269045
200656
268903
235229
250547
229778
155888
149555
145829
155649
141091
153590
160721
263956
214966
232715
203511
150120
258928
147084
162356
222641
207213
138222
243936
183438
213224
177355
265942
162566
195714
162688
177958
260190
241740
139566
142115
144199
205394
159477
248648
178253
147642
234697
188585
273684
267746
238304
220151
233411
173994
151328
151287
167357
163179
254456
187488
235680
150152
179870
219541
232713
245482
152233
175403
145821
172339
182633
153674
180420
224197
251392
255291
212741
223709
244947
148921
260717
209020
159379
176559
257716
156186
235480
270368
218852
179993
214983
157249
257430
204614
219197
139339
208319
258863
207397
231750
255575
241882
224068
261454
175271
188314
201941
193805
193374
268795
237815
182918
147074
175113
160727
238249
254202
259526
200525
217840
246029
212918
169379
242666
142783
174587
196085
152621
157950
145673
211053
243206
233029
253232
166892
262201
231405
259203
194526
250472
157859
267915
157275
249166
269651
267013
178128
226751
142684
247409
176464
259905
159795
182813
263766
151794
202421
222868
219990
206967
141714
207850
144649
234993
218840
270215
167386
188905
144837
202823
257782
234374
142117
159092
236700
168251
194369
180881
225531
215110
220578
197044
262248
150616
234029
243920
208192
178195
186101
185857
222350
232400
199422
268572
161970
205219
174793
178009
156265
192666
255198
193166
214347
181822
233392
157539
241400
230268
184965
251784
162643
212285
209011
227711
248828
186662
184650
164868
234590
239493
199988
168483
258441
178345
186958
185983
259384
203498
144201
186976
250480
209882
165298
146855
169377
225021
208111
271599
231139
267340
179391
153518
201832
139013
236206
218305
212131
167511
143275
228705
159849
210992
252294
230583
201742
247881
246523
268137
258940
182539
274110
182071
221817
178381
208823
174848
163112
224324
144366
198999
260109
146628
219431
258444
215336
182861
141893
152860
251173
270695
260068
255148
262712
152601
255970
255787
218851
174727
225673
271412
175135
218594
144418
206159
217566
145267
143179
152805
181029
164797
195359
220269
182109
258553
250420
226704
219215
193899
213563
209661
153040
211923
150533
272145
253986
166177
251421
241310
170727
233525
256500
256081
203553
169615
248035
219924
249375
258689
258217
171743
211113
232155
235694
197518
188461
172949
245760
235240
268075
171516
263038
210245
163565
180334
233125
159514
138551
252479
224437
254349
179648
198383
228419
248597
226930
200312
260434
259628
226546
219391
189383
235529
218437
256913
262456
210841
255766
266111
221523
140456
196144
202039
265648
249997
265625
185717
174096
188542
176131
194616
220003
272877
239638
218923
183692
221524
168922
208277
202604
182493
255599
256900
264524
181503
228719
147690
245282
139665
166220
273100
205890
259860
198264
254798
265740
206318
274216
152334
163399
172684
221382
154380
228297
170687
267471
189333
174262
169238
200744
162928
163702
217522
222061
228712
158638
248376
248557
261476
168359
147956
251338
234121
158077
195365
196343
170601
201052
188689
215085
255969
159400
266744
221757
168961
269844
265972
192842
235369
198499
238130
267448
207097
258931
264414
261218
273043
185306
153508
147136
205574
233098
170497
167361
209864
267514
227498
166893
215629
216065
207018
166198
211189
178507
235422
208133
237897
203668
188577
208924
271356
200764
242881
159680
254224
220772
239201
198769
249785
173254
186900
177320
138976
255958
258369
164689
187959
161448
261722
218741
242305
216044
244505
190522
266036
230947
168102
207693
143662
171842
228081
140709
147344
226488
219353
139435
263252
180284
192283
184051
232829
227915
185797
144684
145510
173605
214009
194142
197545
234738
231549
175794
270236
167402
248880
157810
261448
263281
261437
167934
173900
255897
240291
220320
218915
272137
224211
273346
153870
224385
233894
192671
178937
218863
253076
239215
272667
267815
243320
209024
219882
230802
185171
255071
159695
232226
232838
204486
227621
189737
226569
266336
217575
146666
225112
184301
213240
210535
153035
268763
154827
152926
247184
249433
191455
184281
192013
168319
205731
146043
142796
257302
270201
164375
225064
239996
254345
225338
194955
235772
240775
151517
145278
158805
207826
269111
162197
175778
202094
176116
259388
218240
176152
197499
244594
201686
176911
223444
211537
168971
267752
153219
171861
225931
141357
241746
209555
176207
229087
179094
244531
179847
149256
200042
266080
184470
140117
224225
178005
199580
243880
146577
267465
230590
175575
205813
214401
221778
207614
148116
143927
210434
217723
209022
227595
202656
187008
245884
222513
203713
149847
157402
242064
213274
144988
142474
140801
203765
227250
198371
225201
167876
241326
250574
242084
180469
197080
254497
186776
231656
273529
273539
234601
138980
211554
214502
256153
242112
216521
149432
204708
210462
208501
261574
167577
259189
169831
241309
257729
149553
256915
273802
182922
231757
142265
221060
177508
194783
151581
212947
192590
178157
176214
223349
167174
218592
235249
211544
182721
165220
169758
268580
261649
260031
179362
184624
244395
204095
251826
235064
161511
234553
178952
184967
144082
262349
264923
212712
266606
244680
173197
252098
209200
151122
177074
207821
227969
255784
193925
161025
212475
187476
218621
249932
141655
148985
214378
169959
172792
245580
158824
208606
199292
264449
214443
232114
256863
163009
237511
248995
210199
252644
264105
225815
177549
145686
152483
249643
251743
234060
236837
192353
234006
193648
263977
273006
165906
143079
144346
251435
220503
140436
146000
223951
195977
235561
238309
231807
175175
209900
176766
173247
263293
139684
220030
242394
218894
211413
183700
155585
139381
184095
237200
183749
214986
268615
158862
193341
180904
210291
268977
143034
211802
179646
142831
221426
192655
143842
245962
148153
244271
271620
162699
186751
223112
175439
167280
148376
158043
170154
238820
172159
189025
272117
264445
257566
165705
159361
271531
234153
180772
168497
262977
239401
207734
143316
250661
167842
151242
157086
228572
196952
210574
150307
139181
272298
242675
157421
214683
245202
156701
148124
156907
190486
154318
155879
168101
171329
228752
150035
168136
159111
273212
237652
273677
247295
151196
228055
220755
268573
273157
153780
160164
271958
270550
263920
259302
231391
145618
233538
207989
166257
159112
244987
234428
165594
190160
228251
207342
247499
138637
216309
193184
258758
188238
191160
175534
219011
182130
221341
226136
164610
175428
261616
151957
245488
171364
202550
187892
145529
259027
157632
178211
143167
217169
161372
173913
219884
208869
268343
256623
199189
141556
218189
154732
145093
160915
200033
206974
256318
208160
215168
154070
173327
175934
165349
228577
229691
158580
155804
232126
201109
241548
232407
251919
194686
177059
165516
252912
206075
247260
178886
149769
213401
256771
180639
192814
204784
246533
222654
209932
245935
171221
148823
146560
194669
186001
203124
260556
224690
181017
269584
227741
251934
213127
198482
199705
267425
274344
222483
152243
144327
229405
271201
202493
172632
265270
233017
182949
155410
219028
188633
141436
204770
226543
144194
170227
159748
248050
217901
170582
238343
262274
148218
235642
235437
241567
186241
229075
210214
201712
209655
239837
245830
247637
157042
169082
215361
261077
206278
272369
230261
218275
165969
173309
231434
193902
214096
160303
172621
236217
208061
178705
242827
193442
187691
176529
188142
192519
188800
175318
154121
218775
138862
263841
222130
164678
138624
165997
261495
201528
220058
238110
248681
252490
233650
269206
191409
241066
197221
218627
270060
139189
262619
140783
150419
252241
184963
196530
257588
238617
210087
168877
264959
233175
152983
170929
167858
166043
230909
143108
205514
140125
217593
164097
138327
246759
207596
238382
264351
184127
246922
202249
225297
158819
230354
203368
164611
238913
141081
250836
231010
150238
269740
229167
242431
143665
190554
189469
158970
215572
269353
259052
241097
201579
138694
206961
150548
196039
140909
207701
180533
182971
148722
233163
147601
166297
169263
268132
180437
170626
228969
235273
256025
187695
227122
254504
189686
140446
173760
188582
140471
181882
268467
262691
141261
220429
144944
176420
242662
208120
259768
140556
268715
155502
226595
207057
204105
172659
213980
233397
174771
242784
238843
214708
266436
138254
188258
206550
268019
268719
188818
236737
160570
221550
258937
169026
163613
230183
195236
196475
212847
159940
216534
257449
248835
262450
231225
190754
218346
231377
250557
257046
227353
242814
176082
170042
216871
241380
236499
268360
266114
255686
183012
199940
233401
249393
198934
177220
253782
211270
197495
215549
251980
183026
201236
196904
184392
224581
235629
200071
257137
208209
212800
165477
163950
251087
161948
269506
265773
244839
144154
147754
235626
198816
144177
242079
237382
234112
178205
253198
194510
265165
159699
160074
163575
184019
191326
138347
262630
259943
191932
261254
250683
219285
239133
156837
244783
178730
265296
184943
144982
272178
139472
147647
170351
246379
226587
241800
205164
152011
194089
235683
173353
207766
226787
266669
218079
217615
154605
205809
274371
203521
225120
224944
161727
152698
229127
217167
189076
209685
226647
231311
179965
262911
206421
199319
245626
194725
248747
186956
163239
204496
160339
191384
244959
265898
204474
168968
223030
156429
220629
244394
219313
230604
162057
181749
266147
238300
219474
194358
204304
197363
199647
145936
183777
245826
158575
173501
176566
271124
143965
183946
246214
259254
194703
157446
148905
174343
266173
248125
160909
178633
196976
248031
152575
177236
230773
246719
167318
231622
222542
189937
212934
221762
252120
164783
218967
175441
143799
202878
168776
155860
176143
263357
274073
268828
249230
244803
254038
257509
256856
263269
245363
203038
164044
249337
235881
177745
142542
148121
250670
207845
258851
243827
142697
168910
172010
250054
190008
182631
167152
152163
245395
207771
227329
197284
231997
187298
246147
258229
216895
240886
193968
224796
250405
164004
177969
178825
163181
249281
176773
258159
217090
156462
181023
232988
273450
162666
158902
156193
204908
248183
182088
249550
181478
191206
194168
194485
231834
179566
200218
196922
244037
138772
180039
232320
193611
140341
195464
250980
172742
173724
236069
182736
243767
260540
212452
205301
260105
197477
216394
219672
156457
210481
253159
208002
197272
165988
230222
141755
233864
225642
159868
140172
186490
226950
273764
230542
181209
234103
209266
231646
254329
257912
143524
260409
209016
182906
210587
161379
220022
251377
170613
176385
268758
139172
258580
254912
183395
213073
195472
232566
190808
211775
219865
195363
250803
199800
183703
182327
190492
233072
192756
153704
255938
259037
177378
205728
200433
270644
194827
272974
158706
218061
145716
197381
251187
147976
222866
271307
242560
188598
258147
143284
195317
142238
222245
264273
237966
245562
210218
143489
188609
203567
255248
147843
219633
254557
178591
235780
170808
265212
264574
240765
217663
165622
158735
172937
218396
218134
154054
210955
192999
156090
205016
156223
234326
210279
208655
256378
224276
262627
170324
214605
169275
227679
172802
240712
201452
178800
264770
242325
169087
207672
149255
181446
247372
236667
230119
188442
260944
200995
199963
176974
170552
248547
177258
242531
189615
169660
173236
152918
214951
227136
149027
146654
225994
179877
149415
249757
164329
153762
227484
206009
177802
180788
266174
198739
140764
193431
245281
161007
150143
212878
140139
249150
219075
145078
272152
142823
190983
199402
258962
197693
242183
195632
208842
238896
242391
173755
164035
188301
178191
212167
246079
223353
167294
181153
175015
270801
159408
200196
260535
232244
270873
223168
253721
170181
197627
225135
139607
160451
158138
209743
149070
167000
186427
269177
150903
173885
210096
142756
226215
217390
195919
215027
257006
230667
242197
187405
234718
252875
260802
150723
246038
242721
199553
209459
162213
194786
206728
215932
191381
248734
175435
231655
188731
199342
269760
217228
144481
213441
262017
144826
269991
202005
169639
175470
189948
157677
190730
189455
157243
244003
220142
256198
206645
249775
148414
186928
204399
179942
181400
155454
222000
196434
150263
257855
166898
173171
181398
144831
162630
231860
235758
240468
153349
247859
152359
228583
172332
143834
225870
156883
218624
156862
202405
246921
223973
216236
269841
262339
237925
272859
207952
174419
223847
194952
186109
173706
268353
174608
208688
139145
189457
238017
157902
170044
157425
149139
236955
153761
214185
219284
273271
260722
208184
238988
139295
205325
257110
270379
211510
237022
153666
270739
154110
258410
269957
188550
177963
192824
208392
197295
214783
195293
179727
251978
262121
241985
262583
184843
228254
255462
200530
268891
205302
240230
139123
228091
231190
140407
139016
230417
219149
252312
257614
252808
243063
242533
160813
155380
228343
189366
244786
241383
273760
267713
155747
268173
213265
230532
242730
233630
263211
197713
149872
262626
218732
160775
214097
173789
188992
267160
219788
172861
205822
241359
150234
200715
184480
158016
211826
167996
149491
164996
187524
190036
254650
240591
247126
149021
263998
192958
139240
257851
252443
161749
227131
231686
177103
248595
241569
186714
204881
174808
247241
212829
147792
256072
155741
197190
161834
251706
243667
164237
254662
221216
140309
227437
200803
174042
219977
163524
265549
156638
219126
147826
178439
215359
268699
230769
243276
178744
252945
193871
261548
199389
185602
274715
222779
165837
233048
184521
168091
194521
234856
268688
155067
163010
232748
139482
230084
224685
163512
193868
232143
262389
243070
139233
243737
242509
241031
241040
225672
176426
169728
162685
139986
168686
159890
268676
252203
227158
211780
206140
217438
208113
247148
235047
169132
201375
248553
175468
272973
183651
149655
166277
172877
232328
256987
213913
194092
272197
145715
141315
228153
225663
166262
232151
168819
157560
211323
255680
206985
262548
257668
221764
205162
238404
239279
259946
189939
204434
225518
178989
246674
152809
155844
157048
265451
267253
151939
204484
163464
140899
256437
207792
146934
188388
260359
215463
271111
163652
196563
159659
190205
240743
258944
206170
200337
150158
213675
165133
238677
179797
172097
187702
157466
157492
191596
274273
230102
201542
184366
168064
177961
270069
233253
232496
167625
231744
234883
166148
232010
234954
183060
251579
192149
194652
174225
193555
259660
202522
222016
203175
221033
211748
266344
242600
173275
246621
189056
202251
172279
225182
153373
258234
181381
251695
175992
214740
162545
149306
252041
261712
152128
219155
251042
185658
274280
248207
255400
141666
229621
225388
174003
251540
208564
198006
167970
150860
246599
180739
204519
212053
227282
194472
165311
212920
176265
221903
202594
179290
216477
254011
244176
178493
261617
273846
270367
214107
161157
179547
191911
271423
253861
202243
233027
205023
241674
271987
191202
190208
242321
217011
186100
216471
236870
198128
237240
164739
214506
201912
184699
207110
204552
194668
233590
234515
252159
152238
167749
163200
242406
241546
244410
208821
230592
162279
140810
209184
203327
213447
166917
220090
138985
227573
238268
165187
261894
138271
250996
141675
163300
149897
202034
264950
142209
198803
269434
187163
215290
233313
197053
232160
180783
140557
223619
210059
262254
265162
177335
213590
247447
160458
174155
258902
194600
168474
147291
191615
263615
167799
201096
192988
188125
202291
224803
213904
237705
184394
163790
140084
254698
205230
270533
150962
246245
233290
185880
256769
268012
217203
266146
263890
237552
155909
178551
192974
245864
164932
224568
141866
250261
252714
243655
220035
251010
163005
178149
185676
243153
200736
214403
252249
209279
225874
268571
196066
172761
187851
184074
247896
220082
160669
163440
157009
199218
189928
205362
138101
163073
223901
203540
138440
242792
196409
200245
148181
225953
265459
244214
232647
268879
259601
216366
152121
200115
252829
230447
150273
180477
167194
227873
263600
261482
179199
152301
239697
188520
139675
225949
170672
160447
233617
155724
254363
215276
145456
154873
145728
252842
170671
182371
202961
190787
235749
142454
270842
200056
194903
218176
163390
263527
142473
161476
262875
255183
210581
174939
238389
196431
250701
160256
266054
271484
197375
258060
151944
231526
210698
202489
180400
170457
151747
160755
153336
242281
249475
246985
168132
258641
175685
249957
241681
175058
148123
173544
171833
190069
213239
181180
175758
260610
167540
269979
237292
138512
155971
141177
169902
247684
206815
148776
204052
261100
232110
181113
202905
157234
155815
212017
245898
153026
267766
255314
154124
143256
257769
184498
202542
243037
170743
248971
248621
174529
234871
205089
174264
213907
245889
162379
173882
215682
152076
258336
158245
172387
194497
215802
272910
225818
209782
257055
244373
145780
257788
274172
169876
144070
260304
247155
260367
229375
180705
171084
166971
237428
214726
183536
237042
213413
227746
189602
215960
156753
254549
211439
196816
248633
228416
237283
142623
175768
239684
184955
141727
159531
269865
180421
206922
204087
192689
185751
244539
206573
180383
173816
247205
221026
270097
226256
189419
250043
252931
157504
227172
167125
246986
153382
152413
180202
144344
167201
163927
225871
244652
140204
272475
250933
227204
211737
237727
165830
221499
165888
167841
148536
168540
204398
270682
249325
258698
249188
170277
189657
240741
139408
151972
157679
268739
253233
261661
193830
189672
192069
273724
269349
166072
273061
239683
156985
176790
173313
162971
187898
263560
188387
179792
242295
166336
264639
165034
207466
245238
154181
188464
173486
153495
140868
218170
226093
227130
172181
174256
233336
166324
144133
148015
139994
252666
191904
231004
160759
169361
212970
160924
180564
200271
232821
234083
214455
228027
216851
258562
257825
239197
175172
240310
193406
164959
259036
164794
206242
224980
217310
217845
193875
225333
261604
235038
157046
262942
154977
144509
220085
186706
270767
191639
210798
252465
150574
212832
141110
271331
221329
174458
245609
241739
185016
200998
213129
190844
145257
207075
151158
221581
265850
247339
212169
231681
172134
179903
144037
252595
203691
220882
240044
208342
167710
157683
173973
201517
171298
212494
252440
244147
205775
247453
231162
231522
220536
166204
223641
153487
234783
268383
210401
229142
176704
243132
236649
180167
203402
272395
242257
228165
191439
248199
224060
176908
238441
269269
226253
208726
261107
249973
178268
259403
151297
144617
254042
182229
249711
228786
264904
253057
142999
238386
183963
166284
208539
142420
142843
145279
253952
265167
162258
246280
191392
227678
257074
221557
166313
245859
223418
164006
228971
249368
246713
154992
237293
197352
209610
183685
209851
254079
248245
199192
138665
193263
197485
245454
269586
263127
224817
235966
150095
168887
232809
260567
146698
230981
228989
228306
270276
263943
171128
249047
205862
184833
146432
202370
169170
149987
203802
250152
172215
252967
149523
177209
151915
176478
167375
239043
189434
264249
145572
263910
196388
230307
241155
214402
209044
181198
197497
157988
151136
211194
148826
175586
252969
240245
264434
202452
176438
262724
220021
138207
150066
255935
180169
241041
220798
145755
227974
210877
209702
196569
175819
154451
168710
152459
150482
261881
224507
197372
173737
264125
240706
199430
201873
158110
245872
144440
154940
216545
140999
147348
206419
215780
271530
272798
230443
214176
249537
255451
166522
262473
169973
167478
248669
251390
210689
207179
148978
258335
209315
213138
164627
155781
165496
225103
209080
199373
140612
194086
227472
177870
150472
252290
228465
148519
177495
195049
243225
172075
148344
267712
241308
201478
271325
243274
239235
210216
201707
270443
184275
256333
170479
241164
185903
271220
246267
172941
252080
174958
221852
225156
260917
147138
174940
161668
234570
238320
268775
205947
171768
175137
241048
184710
144973
183031
269136
160611
230913
178425
158791
232132
150740
171246
258606
224040
262123
272753
172724
209680
214248
173515
254335
175159
251571
220140
226285
256768
190453
141405
179298
217013
274355
145585
172765
201225
200963
201002
225731
188300
205195
201872
140032
238171
222943
213431
194130
242831
182313
221419
156801
251169
245997
217125
144804
252850
230291
212225
238096
190725
246831
165208
221696
265961
144554
264341
148886
188449
138316
231350
164073
238092
155015
194947
244910
170841
217744
224427
207760
239929
192313
165703
155488
200816
253205
256812
151426
242952
147718
226499
143944
260985
265933
214016
207127
242471
250306
184639
141030
173188
216812
270703
209065
242703
158724
158238
209599
267714
251261
201230
228481
208978
270652
211807
190365
212701
172282
140950
167004
194529
183406
209595
256442
271219
181893
262718
183171
214940
219074
217923
270326
178329
152551
242173
179042
248958
255793
213508
200094
263536
270787
156716
241180
160291
158265
157586
239595
228869
180612
172525
200930
177394
166389
264949
155058
270283
157420
192231
152505
232391
151232
210436
258654
211322
257882
273531
138456
178459
231108
166881
208722
226624
177020
211823
268108
189446
204421
210532
142857
238449
170092
219303
262374
183920
209501
156214
237847
228006
168661
199281
171716
157127
251372
204468
231240
245271
271486
233791
225454
238993
273801
145822
216651
215104
162911
199768
231073
252532
162248
198233
239393
265420
142959
198618
210321
260048
183861
186743
253679
250207
220388
233296
204755
160668
157436
165221
219505
214630
266774
238528
228488
138405
228403
255482
179124
138372
218691
157320
196524
186553
242007
162173
228422
157131
192853
191061
194544
242954
172212
244013
266493
240868
223736
271379
155832
262743
254789
243571
231469
150398
253963
187894
216722
161351
158806
235316
234285
155245
201177
228112
238239
167545
144914
218583
177324
144288
172891
204525
203110
220759
223872
199781
269762
172263
252724
179788
158336
191152
226210
168869
262411
243012
225826
183997
143509
159399
237199
157347
224827
235026
147707
173930
228240
148386
153684
184355
269131
196897
144792
167393
254969
186968
219017
236732
193999
157705
186557
266905
189382
220698
231385
207756
159847
159923
142534
238978
226549
142351
193195
272663
153252
173530
229696
187103
175708
173598
187340
248459
208108
226261
176070
248306
267718
180155
177771
220400
251811
178375
265699
157335
222964
253267
174177
196464
252468
187474
166292
261570
260736
194543
219480
240947
179462
185723
248299
207129
256983
198661
142565
152029
261384
222119
178424
149679
230723
261082
179908
201668
229378
152518
260984
138291
259122
186775
265078
248845
209139
188617
238186
158112
204680
266400
208779
229812
175288
158063
211553
183310
263492
161107
181915
262582
221761
258825
270749
184020
156829
179609
181299
202653
138978
205045
149538
160017
267287
253479
249754
167648
202483
188119
254180
194731
160384
227103
205709
219521
140135
167244
146349
209776
190305
244736
249135
207093
214156
142587
236018
211239
204412
194335
216166
230814
243679
225235
222094
265319
141943
168467
229911
244557
144974
157942
245503
164055
143122
270991
197858
227729
235385
197751
208175
162772
148094
215646
265414
246761
240046
196420
271880
187990
177132
269298
146226
260275
229062
259521
172912
227515
257648
162122
176557
182895
179625
186265
212372
195083
180216
263403
197716
146799
175118
201543
175893
257779
265147
177873
271524
250071
255009
191715
141911
248624
201601
272876
194697
187041
212845
216650
167498
163939
259470
200122
220537
204625
149945
149436
247794
259431
171602
237073
198755
245603
254050
210603
144630
202035
222475
215965
260758
208284
203300
156544
197361
269656
193513
202703
257183
173759
226739
215717
171026
267633
229369
225747
272862
161645
189652
164423
146426
232572
178696
253199
225661
140020
260206
166366
273192
267062
210357
151795
224082
243889
145012
229309
241142
267874
255642
267092
142450
201643
238425
210051
172932
220804
205695
190691
257157
238131
263019
155506
177825
183237
165409
201397
221480
228057
207148
248136
233583
266455
186738
160284
139092
272318
195880
264787
258242
264111
142818
232740
171117
244046
204163
273354
256382
152849
152670
228409
207238
211364
181908
183226
158128
155158
206940
251731
197186
185799
193053
221306
215577
163923
224027
210424
143934
192555
170026
241292
267249
154015
205483
147513
164603
217622
270981
246086
186682
144079
174031
221660
193240
252964
225553
217313
227409
202026
179534
257044
148678
272226
165871
253938
151127
246960
163827
268631
150076
164725
168000
141143
258095
168390
254858
222419
194844
162552
271455
265839
218228
250866
140696
182826
195439
259171
226831
238890
180470
205894
222294
245122
213166
154310
266871
224393
160646
263089
181264
268232
267248
268566
198221
253223
175438
166430
232679
266602
170982
150272
234026
258966
180725
263546
232469
249000
152450
194118
272198
171782
240346
240470
254891
247098
254315
138766
266349
246184
238421
253684
241020
251144
189475
245193
207008
201858
242291
143456
195654
251041
219438
266777
244906
189610
139652
140694
235119
225447
156444
145812
268345
182909
240913
138605
230279
180761
156082
170387
272484
188312
148447
262632
219580
229828
190014
262240
163620
180796
229737
145021
252231
149689
244506
261209
271839
198976
246562
265704
171447
195755
141355
265655
262729
215220
196798
249130
252711
165784
170285
164664
255945
186369
153669
201385
226360
194812
256542
268144
202001
159515
158143
245886
208912
231494
218865
178723
225138
206077
180142
187465
197440
181096
192847
244703
268780
221137
161573
148426
221891
191745
234237
190023
268661
178924
264066
219140
263248
168761
217954
213695
177111
189263
207519
149598
169375
168329
220787
201676
202787
187670
218259
213190
201226
220104
226955
183627
256186
195827
228796
252835
256653
245053
225096
153630
257129
248574
185122
236980
208292
187907
140675
152189
167928
162508
238001
208027
175564
261777
142457
268517
218755
270927
220588
203424
200858
271854
161187
267570
146646
158836
156285
167075
230772
159820
201365
146478
208940
253226
252048
185431
191506
196962
250439
143714
189846
186352
179791
228277
147758
270232
245478
207601
270572
266887
202340
139619
271817
250746
252051
273162
159200
158330
215284
262154
167670
182183
229620
234484
196735
254763
255445
270022
240018
179016
216574
171217
162621
266161
180791
222491
247726
199980
211032
249892
219357
155692
168422
255453
152916
255592
180968
236482
142641
265710
173603
253791
229053
236930
171722
164524
201659
272890
166996
250139
162912
179776
237495
188530
192919
273994
262622
170574
268363
268355
161569
230059
238752
232322
228053
148165
238077
236017
161677
142402
153435
197820
224884
243583
199653
139421
192710
151509
208836
244420
234749
167647
254803
157365
251808
238669
258829
226841
180929
180342
153330
210800
209561
241828
209748
167265
230989
172558
262482
253729
146529
246936
153544
154733
168210
177419
205811
229928
205189
150832
233172
189280
203597
198638
160203
241460
187962
171086
200229
269734
262749
181516
246828
195757
232267
255914
249669
161142
248867
222367
240229
253530
152112
164218
159894
142494
209903
157216
187757
269253
235094
266397
173876
215770
145611
188975
249472
145752
262762
143868
201529
198820
250912
219887
245133
175554
232649
234331
167975
204255
241518
184272
164311
146158
259899
266781
139293
205417
251539
241443
140796
152941
150456
219089
175044
191435
267763
178346
243157
263046
249437
175848
188736
155388
254633
230990
168130
252913
176964
202283
174229
251179
243879
207515
251508
146386
203539
230793
181707
143326
164807
178251
156039
244308
212733
164482
225150
233940
202749
239026
211019
262395
245950
217718
222494
273033
216584
202647
144046
209736
153118
196723
203233
188760
210303
141323
160310
246609
177070
161085
230324
149056
196758
253999
237277
239368
251726
167271
147127
210939
140015
270668
270440
172312
251711
188987
263384
241931
167531
215970
195670
223298
244678
267453
273216
220189
146421
243258
267398
228710
142309
253555
182075
206864
180906
216616
260400
233893
197830
140632
262792
182406
154897
261905
163493
252695
271472
255472
250284
153281
206414
225945
217109
187957
262802
241459
164660
212700
140504
243763
142741
148587
158661
162732
162030
266658
213630
158325
162024
198095
269254
253055
229535
195398
143651
244550
182481
146543
249675
243685
234668
273834
168437
156856
248359
228570
267569
143658
170917
240986
138889
198447
220990
188478
250897
204790
169501
202232
138542
210933
146507
169662
164805
244102
190763
254136
226839
160416
154356
249640
202638
170551
190394
149343
243197
145735
145561
167448
165113
229230
227320
236771
166817
230097
171653
251989
243771
175801
157333
147394
143070
243275
138595
196307
268163
148224
273934
164933
267667
183820
207424
249964
167894
240050
155156
143173
242809
229904
139428
185042
249423
194997
221519
198323
178258
148388
187185
268556
265327
231141
261167
222550
256386
207199
176069
222301
158566
191741
228724
161590
149280
144623
229955
273560
231218
208332
213437
142483
227225
165616
210290
256843
271030
242103
156253
188516
199452
166868
271117
217703
242234
172746
167103
193602
183671
143824
157203
138648
139874
233684
151465
216886
160157
164028
197826
182696
159191
252865
233182
233827
187632
254624
250206
233767
150989
194851
239677
228757
224794
138712
170031
204396
217161
157025
273438
227392
190798
203695
268217
213547
220089
166827
188721
248582
161735
215103
240560
214782
245148
234236
249339
181992
205702
268000
203771
232409
224784
163385
229102
210732
160220
223692
168605
191337
246209
239850
271746
199860
164788
228085
181735
243005
214656
145035
155653
207794
212128
208409
273029
228945
152613
216729
252459
183038
232605
157989
260122
176198
162989
235830
248527
249171
200425
181380
225469
141799
180691
247840
263901
158243
256507
155621
168255
207762
163417
202258
143966
141109
211436
273555
207932
161165
229329
180710
148205
170271
190957
150590
213729
269057
221495
236770
220734
234726
153587
208239
272892
218957
197342
165785
184441
154201
201833
220854
192301
222888
266974
272632
169064
220557
235965
171688
249906
180374
217148
197777
234132
162451
139493
160300
148672
264182
165746
168608
253347
253074
235933
154199
225939
265827
196076
207432
210204
142541
187399
190287
211289
271316
267876
207442
157982
197788
157818
197529
239186
254022
199515
140260
146079
216307
181507
257815
272140
251099
251518
250295
166705
146953
170545
173798
191049
206156
245180
173001
272007
242040
194945
189713
265935
220205
161952
240639
139248
188551
142830
200228
161526
249272
240321
161794
181419
209481
206951
255610
260925
220259
163230
188167
273302
270538
232521
255161
180224
139825
172113
241265
252364
262262
195970
169964
168632
179555
145557
143698
161446
152593
141182
233877
176297
210684
158600
189282
273889
147419
159210
237811
138557
157791
204557
177240
215812
144135
168273
185014
156080
260224
162211
162037
236809
244069
225195
260800
146222
253595
243866
226366
254467
142657
206323
232940
199421
204104
200152
261899
247949
189849
177491
210041
194403
141836
176141
143739
201320
176639
236163
216618
256862
199554
205660
208807
230501
216230
258189
221287
148714
188431
236285
179019
198446
240847
245713
259392
262469
149123
269137
165436
200506
181543
197530
232308
231452
168133
269515
159481
211539
161939
166451
249880
226479
207392
155092
240777
206070
174783
217505
226714
204526
176601
156448
245490
269095
206725
256174
181357
170593
236900
166843
263170
142605
148843
211574
239508
249299
164795
209283
265195
248141
213344
160926
201424
235233
242826
179186
172291
167938
263208
224457
159487
251626
197508
242099
209308
149928
270458
225797
252029
224030
213631
266520
215053
250571
246391
261226
162687
224116
192367
215489
229969
148856
200765
220566
149498
260885
173212
185877
257021
253214
186705
145593
177518
215621
186482
186500
209539
182686
207769
273399
259185
171227
236858
246034
143693
193534
197167
225671
263828
248967
217309
197866
253490
184730
178821
269388
258893
218359
157431
220874
191210
178011
171900
189715
160034
266695
215657
214409
166213
239874
265258
229358
258557
271372
237945
239116
230175
219868
198085
259715
156092
208994
253994
166644
201278
185648
157617
224332
151718
230994
141211
266682
263396
217543
245126
158037
250035
263378
272325
172459
155034
257420
269948
167599
145841
156634
172234
273108
183528
157708
243996
224990
207896
274412
261190
138172
178670
159238
150873
184925
148368
264728
261200
259407
186531
141659
233344
247116
203365
262707
243485
262047
176699
242436
202873
170830
267690
221415
167903
238491
217147
205457
179219
150871
142436
233959
198275
204026
243751
155223
245986
192102
237742
236735
211647
216560
187633
240155
237375
212678
230955
145429
207176
247922
241347
170010
155719
235214
261178
245586
163470
142208
167676
215082
170172
236431
147851
153025
189175
241038
253892
156107
247891
248874
252976
189983
232541
273037
156056
220396
172453
200336
221955
248539
205513
215923
154900
259796
149200
255402
270822
193495
153133
164515
205678
167896
192029
239951
214918
213982
197810
246181
266433
191466
139856
202712
150355
266017
224662
205786
164360
156830
160359
249819
213707
260870
235547
177273
242301
266191
208846
253161
247532
156155
221488
230906
201637
204562
193935
176463
194001
203652
244512
151100
185738
182261
177417
155192
201442
171309
235076
191850
213332
242934
202705
227445
197925
227458
223120
166101
191829
185501
153795
253598
138768
265819
250558
243957
174523
249320
255137
247796
272899
222570
264215
158106
146327
207278
222957
218166
184886
139045
267564
200454
182672
171105
267191
145171
164540
271439
183769
206381
219448
209667
152828
262815
177409
185093
245802
216905
263013
205744
204349
259646
198765
202774
200873
223685
189720
177527
207155
241907
194016
204318
172598
258541
176014
180557
201253
213553
258933
196381
158949
203586
157762
183715
240914
260879
202087
232644
207071
262633
245013
265826
236339
274212
188379
172498
145368
232353
146367
245168
229587
224355
268033
223327
147222
261322
182103
170381
235699
145665
259961
149298
228737
231867
151591
263322
179363
159765
194599
209894
253447
209553
236597
162376
260557
237477
207658
143126
154445
154559
206348
239386
249182
145430
231700
187044
225159
206253
230936
154081
215546
183717
150511
212138
223699
273474
204735
230691
250719
199701
237961
219837
257040
265635
237197
250459
185328
209538
173215
228187
199501
192903
143017
203685
220195
231674
172561
231897
163292
194433
230960
163938
255055
205376
232660
199727
142331
265995
214917
262187
170494
166036
139738
207211
271712
198572
151415
181624
169659
203816
167693
260277
184200
195768
228011
195947
252394
143781
212447
225281
271143
261385
157089
153861
270251
188795
194555
214588
221818
243628
157919
242031
197238
225113
249071
158338
198610
203967
145770
203889
144213
181843
254089
257520
177078
146550
151956
270016
188408
168125
163215
224563
180622
158253
263813
236157
261171
154955
259318
251519
201616
177822
173781
165359
265470
146336
158539
172337
218913
247875
223786
201206
167592
236232
253964
156566
230399
186770
160540
193280
186905
153450
148958
199621
268341
209027
186343
258560
246563
203820
228780
249821
220749
164083
274132
141925
204397
253557
250270
260422
146093
147014
149537
144279
182424
250154
172920
170415
182935
151977
138579
200950
257759
156750
190192
194711
226642
228874
202903
246376
161168
146986
217271
146248
270894
168794
209295
207600
230276
190242
271501
172688
165637
180585
150171
221908
213795
205359
264281
202600
140995
156277
184079
173282
239982
267804
159035
230849
152709
192887
159666
211432
164521
172046
199106
230462
240939
209923
221693
163017
256089
270810
164856
241128
224468
247706
180820
176250
264597
247012
184040
186620
222116
250003
193673
148256
266619
223311
243431
207133
244590
234291
147991
215934
185748
147734
167424
200601
151019
251877
180614
271845
168569
143867
224872
267790
265174
194080
156936
188032
269697
204224
179761
230562
160651
169215
223803
208297
223895
229952
266509
139790
195327
144075
202306
232269
213683
264157
230089
141957
245893
213728
188788
180021
211973
209176
260491
253040
174362
268720
229793
170618
269847
255604
256533
215343
216068
201284
232317
170914
195104
158957
195879
218826
228810
188324
195526
139141
262066
243599
209366
145103
219352
162291
269260
170028
264864
258990
199044
149085
198671
152208
224067
187653
183677
176767
247789
163255
214212
194865
228581
228307
232058
143940
151930
258213
243329
221168
193316
193356
205825
204203
243729
171990
197198
244508
178350
211423
208583
226015
240730
212705
186992
144175
246954
244361
155739
187003
212051
201999
202598
195559
249872
154698
241626
213578
238690
215705
244120
178217
172833
263445
154013
199493
207291
227995
184564
267632
159268
212578
213480
236288
161375
224605
172895
267144
225577
265861
248316
155533
250529
269947
185690
262015
182258
204747
168466
177791
138504
177298
219491
264415
204441
221408
214765
247449
162340
155820
166272
140760
204705
158613
270308
274181
170748
198923
162834
182019
167598
172766
252593
226815
264285
190409
169585
141873
175522
235357
185772
176219
263870
140991
248407
249617
264217
145090
213839
163910
186337
162585
248130
147386
210870
188033
218564
157998
152265
144728
204130
222339
235304
196683
264601
216186
203109
146153
272653
203260
240174
206821
173819
269875
172779
244503
216003
217121
167324
160296
156151
194774
175200
184739
209023
251219
181681
229432
224749
210828
194346
185064
187799
206456
208534
265254
252050
273912
149970
239812
191884
192405
268102
222613
206086
192348
209342
260629
208613
176980
145509
253026
268536
159039
235846
209407
264641
148708
191232
152749
190251
211244
267227
243834
217978
216220
160862
201007
246626
262094
272928
152209
219564
241747
146191
161844
187592
155928
223293
160171
225445
197371
240098
204905
164705
195040
142956
250817
206003
178782
190087
167730
194685
203609
267361
227236
159570
218908
149643
229421
218832
139043
197951
259777
227219
202357
217941
165292
207971
215957
157600
233188
193453
217145
154274
242750
264943
156535
144033
204228
272195
164966
167792
215015
139831
257953
253061
195105
266046
223902
143089
180641
214191
197019
154523
171290
249369
160930
154028
151660
272938
174013
177717
142775
202250
237919
261280
155557
219700
266898
230742
207085
206662
165563
268253
227022
197179
209558
246708
205871
217616
181930
198752
265951
159090
197088
207229
252337
246573
199929
148147
160182
197228
249025
164528
196243
201401
197320
219719
196730
228321
169658
181291
143451
249685
229819
260160
216959
251620
173071
159423
170678
256995
265391
216312
255497
205521
222324
269619
185086
176176
184323
265856
145180
158318
235347
207063
208123
214437
221414
217019
263754
254140
183341
238506
214813
251203
167227
174644
145748
157196
253819
259685
140693
212481
231249
227715
247105
255615
152878
218167
265750
242962
163531
245160
159919
245001
213785
243301
247208
218987
143694
197658
271447
220776
174655
269699
232075
252872
184693
252934
163643
194444
260813
207761
193788
221356
253665
167284
247331
260473
240136
175964
148863
195132
255960
191515
169924
260716
190085
203792
159687
191328
172512
227802
204199
236332
179051
138966
149502
233308
145785
257594
247817
199188
197807
147839
274039
172342
247921
268270
188777
233578
229654
150449
167020
261677
233581
252659
184350
190204
148612
258162
162740
237085
237837
271310
238916
171179
213352
245900
228095
261061
165672
202070
199994
229836
203678
212114
210537
201856
163684
177645
156383
181763
142317
251241
272981
228077
219771
253580
269277
246166
263642
138714
261640
244400
169590
200938
263008
190945
255315
263116
206186
153578
230608
153982
186028
160757
161317
211328
172201
177296
202817
270650
170012
210395
251123
216845
266386
148986
139150
249493
251800
178017
231530
231411
156066
217043
251007
220833
155423
204490
141376
219049
198248
247731
265755
243288
185062
271695
180038
215464
188786
159960
167006
147986
171850
173080
166482
156806
218058
219660
219750
219495
218630
138484
159299
169834
254664
228206
162605
166056
147852
267616
211162
195091
265339
204424
167303
234163
148783
183363
179180
212247
140346
209520
256924
221743
181655
231409
187013
228718
144608
264459
243508
156859
191529
240040
231184
236949
207686
237542
216485
258838
172860
165184
226834
181251
243374
184254
241242
231117
174988
233569
189181
229141
235402
221610
150304
259865
252060
239284
187694
233361
226017
216741
261693
155419
269828
231445
242951
220134
189847
166226
206024
174276
232849
148852
247857
174475
265500
145255
246067
163595
139117
160836
238282
258846
208121
265950
203840
204288
202410
206148
246324
187125
234320
254274
193363
257943
150571
188517
216721
234721
161130
148228
252996
243670
237762
179934
159428
172545
154694
254649
168848
179191
182048
169721
224135
192901
222729
171984
241088
184583
260300
140024
268537
204499
237107
247379
200015
219673
144637
149751
154843
186538
270746
241099
190273
148158
228743
265472
271889
220376
274072
193324
138670
204730
252617
268472
231564
229319
172828
170534
230486
215632
207022
233945
265035
171123
207947
249680
190707
225838
139889
154796
139603
268055
224215
189808
219861
264716
210476
234009
174415
182353
181839
154027
265553
178460
196820
210754
223874
253229
186418
154775
210012
248916
253676
140865
266562
255118
244151
271980
209838
236521
221035
183926
214349
166609
224511
152216
221022
239609
176550
202079
156275
150726
198115
252795
249894
210345
178087
170653
260648
207671
230070
225916
271167
155652
185047
195193
139795
200921
142100
232951
238858
264293
162219
268284
201988
251426
138933
179839
203047
214827
241171
156645
164027
150341
170471
270665
255648
156663
178463
187144
240033
191543
147970
273367
190742
238838
269881
271509
179911
222720
158511
228715
162618
247766
152322
202492
239496
199467
147906
154608
184349
155219
143202
266928
272126
233924
206103
267380
176563
240358
174178
252576
271129
251332
239389
240184
163068
224079
212752
253781
185592
156624
157707
179803
248519
267296
268044
216244
268509
252351
159807
232603
172357
259866
197013
249576
248060
200541
171610
226231
229124
223276
233991
223553
180348
229924
238277
161283
245368
160433
258057
237671
248577
202126
253538
253627
157137
273128
175672
213086
235331
163115
226213
233495
180433
186969
178391
272780
258678
270154
172126
253426
221628
248670
201600
269968
204692
157355
253926
270349
224833
253813
203878
145188
162558
253188
193713
180559
160276
189918
170867
148220
189565
214295
215089
153399
251458
227339
155758
141830
163326
253857
254026
211334
228439
224127
164105
263555
269671
253274
247929
180173
219623
176832
263719
249874
269474
195082
213735
189018
209651
225893
158290
196150
264033
144008
170508
181934
157809
225313
179193
150946
163403
208958
193312
247715
177909
196435
257544
207084
167695
244793
181730
182583
269718
226852
187881
250718
201405
139837
198828
216365
144264
210625
183496
207464
156953
162879
229704
195029
224759
166276
200884
193035
163909
141006
227140
215182
138437
193739
162301
162755
140597
143234
138809
250772
184824
177163
270409
245209
205993
161835
242745
150930
249945
192087
253318
213962
209966
201178
139861
154522
193226
252299
246885
272847
218242
253459
208364
242613
188385
248943
246946
259422
140940
265605
249710
260605
209005
239000
227599
270640
227691
164147
274173
193215
212580
239467
168087
247658
171998
181842
150210
208813
199760
267934
174331
210791
170878
198912
169816
214463
263223
184479
158494
274341
208278
194907
229854
155021
185194
144356
145935
228411
190704
154178
157136
168828
142409
193521
189906
205088
185427
218465
145551
174903
184969
234143
164715
147748
232106
195357
173209
149692
196672
140279
204628
241671
149916
265864
243887
264910
154620
188949
242654
189817
173097
249696
168161
178267
180339
197892
169157
166064
160356
235872
185275
173106
184900
204217
200684
239891
229465
144725
203581
219191
248496
248708
171495
245311
235153
166431
155428
143427
256782
237472
148299
140562
183209
262371
256735
175657
222256
245651
231601
171721
249580
231510
175487
263435
270776
187382
181985
156846
193945
186778
160972
258594
237741
173258
162959
269527
240138
152986
196660
163674
198518
230079
198352
246279
175978
174915
159827
253977
195379
271790
214623
204802
231682
247355
175723
216151
229113
154131
209103
165709
190890
149098
197791
208624
253587
266392
153135
230407
154398
152826
236401
210180
195243
236810
256613
257285
158067
267698
183093
204160
184722
245411
153553
160827
143424
214964
221005
241248
255013
159147
211987
210144
211873
259297
216324
165338
150356
274409
256595
209700
270085
228663
142930
271471
157388
192365
224700
173916
240641
263139
215708
192377
212977
213028
203218
160060
248375
222767
213072
182143
253565
271801
256658
227027
264793
147741
204575
210974
202553
211851
263822
211217
143387
198363
165134
252989
166732
252436
261413
271602
181397
263523
176860
256464
228146
220052
142711
166231
156831
260327
171770
169450
171759
221159
144666
227997
230300
203025
252806
269808
203903
176836
260790
220350
263228
206136
184662
271715
153188
205662
157409
230377
146301
261330
183721
155942
222485
228293
141107
173674
227869
263456
196930
262567
218260
242575
165715
197817
167634
240281
226463
242348
220348
258986
241644
171018
178578
149509
163033
239550
204314
142135
223944
210907
180869
273077
245545
265575
150354
257844
162167
264284
247521
259704
175936
220238
174704
269887
184866
153826
157084
207537
265488
237806
238977
222490
256495
270992
266041
262609
221243
262139
235937
210804
241484
156833
248612
170462
219568
173320
162600
207494
217244
184176
144822
167547
194961
265277
141638
271360
234487
240081
165724
232089
186070
153534
162768
272116
268490
260650
159874
237291
192608
192093
227502
160254
209564
140107
184267
253512
143128
138092
273075
171706
202800
210147
257633
272358
210231
253391
227266
220313
251414
143643
147607
148416
203461
236268
245204
205997
145893
209883
221976
270886
225742
211241
221234
160148
235608
170331
201929
233428
248067
243732
256101
260662
198429
259555
191038
178760
217732
176642
196132
258200
183205
191824
242477
179537
231100
151305
226470
201449
177668
199338
145714
151145
245771
239800
147551
155586
168899
253956
231099
228116
183901
271036
170218
168340
236912
248753
231383
176926
195325
150822
171529
248128
200870
177232
265330
152014
160901
203882
212141
144103
185367
205253
205619
149677
180221
257413
241762
206711
260507
238053
219437
242498
195642
145934
240561
187636
192613
151984
242658
265112
154571
228228
203482
205128
224084
237518
272124
148222
215211
180164
186152
261237
150110
255280
229897
272016
189229
179978
169622
160776
232771
248024
164890
197402
142470
143483
224886
223566
260301
217977
164802
157510
155630
145639
142180
206261
241235
202139
219055
177781
160314
265837
244451
267626
222805
164501
261729
233417
203012
204893
203336
265220
159534
191197
183449
246669
210810
219960
207904
148341
216239
273492
218547
226557
255204
253466
239743
202988
194347
143983
151023
149758
255430
150149
241594
183118
246163
270719
262773
206889
266515
263287
221987
237962
160511
227816
195898
226441
225657
214484
186697
196407
199976
217751
269825
226908
214675
178119
165899
143776
238802
173242
194363
238225
174281
208674
149542
265385
165188
151364
184263
169835
266312
147092
162958
259230
187791
231361
216593
157324
201313
165283
265425
179707
171335
199875
150988
187933
196568
267686
234509
219513
184405
140093
139730
256440
142835
243488
191865
227839
201399
250094
210447
229546
237301
176687
206084
168935
156652
142571
194450
225781
253700
258021
259022
203048
203314
153141
192244
172189
273796
167997
181488
156896
150123
141432
178122
239319
227592
250727
260785
226925
232854
220175
176215
258804
242702
169568
246394
270334
226325
159285
191823
207348
219347
267132
204529
254323
255200
212279
244981
224545
249335
191218
261860
261896
185021
139513
212116
269692
220525
147616
153106
206395
231309
240407
235027
194321
261998
202555
230355
163141
241826
217007
234547
160965
259859
193262
203524
192621
247549
274230
152284
263369
207425
254241
255569
272202
148020
147635
260831
153328
179322
150239
154414
245357
166137
215382
155475
202317
188277
209637
193173
224092
235985
151590
248712
180644
166394
222575
244150
188047
155345
193424
207255
181250
215055
154086
203752
225977
143812
142972
176159
176368
184707
155905
192990
139537
255278
206738
195428
257407
251541
164763
228686
168778
191078
215265
213180
272445
143156
152681
142995
255524
181553
262532
235723
224377
149495
166695
236761
140769
195451
217624
174320
243195
166462
202261
156923
216946
148073
270323
231952
141061
240567
267488
156746
187080
167257
214366
267039
261535
237860
139463
189332
200799
179484
152167
262402
236091
159517
227722
207373
249223
140132
270508
228487
222389
138630
224669
238514
244681
253832
238797
159789
258072
227034
139910
147258
239881
219991
236563
161166
169524
157959
248482
238803
266630
188105
163008
208887
196116
193599
148204
219961
220138
241173
153504
220981
174524
182170
207499
240301
273838
194864
243872
173618
164013
146118
231224
268454
225066
171033
149851
262405
215388
230246
164072
144431
195099
235837
148126
169364
162363
217414
148087
259237
228384
219201
179459
251595
238204
272354
254183
202960
219172
143368
238721
232892
139935
239356
166450
273613
229170
251916
224846
232311
203872
169027
243740
187037
178311
181618
193170
274266
220087
247429
174292
213663
195505
209961
216733
199841
209818
177860
216809
259071
159683
145657
203562
213939
215824
237315
161149
143875
160281
246333
169239
243776
159345
242515
272631
199275
237567
240620
216218
227575
254525
207548
202143
185576
177055
175536
138532
205294
145484
245103
168702
219240
193726
214486
196425
256544
265658
241269
208130
162603
199428
259998
228160
179991
175566
218250
169800
139041
143736
224428
210358
166626
227189
167307
236622
175687
170437
203433
167631
272067
195695
230948
214503
210913
188355
272436
264831
245646
218014
243405
144934
213898
237596
242412
180235
180356
202021
221255
152097
220319
182731
178154
225728
272515
259242
240948
249342
208213
191340
163598
270471
192458
212728
211665
265428
263023
200763
156930
214566
149000
230455
271454
253312
251928
231110
139978
180874
155795
163602
236188
213287
151875
216885
153379
140895
213226
210212
203322
158189
207661
175705
198136
206998
262491
230193
272112
195046
227295
238332
257767
168186
267217
200214
252748
147623
241034
204379
222132
209945
219485
216240
190419
265598
216985
223869
256635
250123
176855
234476
172995
203104
268860
246753
213912
230985
152945
224689
265799
235237
226401
256850
182291
215732
221985
162467
208616
189878
244848
216976
211296
145757
170197
235666
263651
224594
182236
267513
184911
210503
229228
163472
189204
188844
252502
254048
211278
209402
159834
236050
261093
218798
211072
247049
176528
200074
268704
170933
178562
189002
240389
259437
234229
148332
267555
213391
184986
241927
177334
224798
254597
211979
205314
176169
150928
233508
267142
244277
145423
175537
172886
184102
220471
171765
243476
163948
224854
193598
153616
144405
170799
257865
214239
243236
255746
260572
197439
237892
264230
229216
233132
269800
233389
259886
269442
139286
217009
229929
236236
168399
242546
202003
183452
178759
210843
257914
198129
272942
177172
138659
241245
254776
227315
200149
273146
240811
176252
233932
241121
214533
259790
146254
235275
170541
210981
225172
164891
241315
186276
166984
164859
148762
184774
251721
149453
152567
206568
257491
202763
199661
254595
237729
205399
199832
268922
166980
227099
212689
162793
182766
151386
231421
205666
193447
154810
258339
210972
231825
193502
236251
253421
176401
203458
261002
271808
170183
254285
268980
189007
272574
202732
222989
179946
174340
157837
248865
148482
260664
221036
197017
238807
201820
180276
258615
181449
197027
265387
206968
143807
215363
147433
165468
230015
233210
178246
267986
232403
208620
249559
212547
208165
228062
175666
184180
160322
197818
273125
182780
157766
264454
247145
216009
199798
245939
164339
255803
204737
209410
177218
143190
225089
156143
161236
246545
251257
194461
258696
231816
271869
226962
256286
197854
196465
172166
231080
183702
165841
258745
265770
164743
258549
260488
189197
219310
168266
171182
163034
162061
270416
204233
170354
158462
212670
159325
236666
247601
154441
147045
138290
193191
260377
239226
201394
149418
191840
186938
220707
217221
162389
222887
206802
168816
173584
162746
157574
138258
270743
176783
269035
207844
141759
162852
202956
167207
220906
215199
171679
272303
212773
155659
263530
157493
260534
245863
268322
173495
230748
167728
252526
241920
239063
267177
249810
202919
271830
221651
142957
226862
269775
186062
190057
198415
257337
243772
197739
235490
254305
199329
166761
171741
168151
220813
140905
145170
186781
173144
184765
257041
139274
273494
217610
247240
269797
144967
184927
178109
154080
175269
206960
264978
261183
151531
202613
221410
145989
211116
210181
227594
269472
202683
191106
159087
152549
193694
175037
169433
175942
169940
247759
167214
263225
183766
208384
263406
232827
237001
238213
190822
221724
147387
241905
242119
225628
241965
267810
261770
205735
164484
252726
158427
250651
255722
144087
139152
162856
173653
159950
211155
262180
166391
218983
260593
193047
169190
248896
190322
180751
189805
187539
268912
258592
186626
146449
172053
243191
189206
178599
266908
194823
144614
273815
145788
150549
170091
259671
170334
234202
173179
143274
263952
151015
251714
155203
220704
197655
162460
227838
142993
257876
199646
175328
179027
153208
211138
213798
193763
219408
243970
195333
250049
191122
212362
143851
261394
188849
169744
255010
177811
199222
238603
145105
138248
189887
162305
203526
144009
227214
198844
176648
160948
263695
169862
210399
248508
189879
160328
224247
236350
208740
254471
187805
141314
245604
151720
255987
255710
213103
248278
160441
220382
194840
236004
214661
181468
198443
211833
143242
186655
138644
171572
219781
154347
158917
213208
155432
263297
259532
183331
227087
236116
160319
227157
189326
213034
152427
229361
149605
168149
225265
267454
251059
240476
194672
181780
192041
180854
158357
249560
150067
214360
240330
155911
228977
244997
189854
162833
181653
194790
229197
215879
197054
231135
268876
185811
200220
165579
138947
237724
243553
201959
157928
207473
203945
236494
159082
147995
197403
156409
144421
156025
249308
173239
153977
272868
245290
261705
151283
164609
248093
238217
150807
147775
180373
243695
152542
161551
146229
187131
270980
223694
215575
221525
265326
145190
249714
249916
149927
204380
143929
169724
155499
255224
170257
236111
166918
150878
215504
150686
151730
184782
190818
183899
260292
185744
215754
222566
201834
208090
214638
217366
258813
267930
211064
159126
210125
267697
264224
146356
246159
239248
268218
183915
197831
205337
164617
242187
161252
232240
197003
201667
263762
141331
212228
140571
188401
234470
243435
250688
169402
223302
269052
145431
166617
207710
217287
179752
142752
180883
167182
163432
201359
236054
224783
251941
218910
164256
165526
167789
218280
219889
163170
157475
162150
150111
195281
259930
204156
170567
193273
187029
190337
240404
211591
261432
227637
201121
172541
168271
212153
172791
200679
272001
214882
262383
195106
195175
227079
202857
224158
219838
160236
260172
248177
205073
264324
232122
205552
155402
177671
219697
237411
198643
198279
203224
161396
268424
203554
175017
209770
173404
208993
159414
243873
235688
245761
192781
247354
225987
214173
224367
148110
249661
230690
194348
267894
214666
220816
155686
153615
155304
228538
162277
242799
165073
152236
252073
224943
169425
272182
194395
152935
199343
171367
219999
268890
254458
186430
189174
235583
185341
213894
209592
260542
194631
176271
199168
170326
264433
146082
169269
221123
190776
138586
139528
273312
150641
151113
179823
221018
238365
214383
223019
187083
220786
251483
162637
148932
175624
255774
238025
180949
228631
234619
232237
154245
181195
197156
167706
163557
234962
207603
165903
161488
172027
158118
143471
238056
242179
243256
270963
194765
146739
150556
203805
223252
206340
238987
208450
273433
228068
200291
157310
199962
161599
246294
166985
251665
214351
267992
184536
178423
202832
232697
213569
139727
154847
172538
216925
155721
206287
239630
218524
217008
236731
210243
229642
167951
188365
229619
255191
177957
206632
261433
142885
213429
258679
151688
206385
203902
175380
189080
246144
252216
244415
200283
256452
156068
270127
200519
156519
162844
193870
211225
212454
214862
144289
229470
222674
182887
264887
262985
219738
143849
272944
152501
165434
160427
183184
226425
193330
224912
162514
143054
183542
185395
259678
182477
204478
273097
210192
160046
258588
254834
248520
210037
209659
174136
154910
220316
246701
242209
210363
242037
190046
141243
198690
262369
248575
164461
157020
191287
147321
203340
188867
227749
211380
187746
251814
184697
187173
254400
269630
273036
189277
202420
269566
169366
252943
258785
194381
183206
244960
217818
160241
186451
170371
263773
180596
230374
256473
159302
212809
209515
239722
226301
167765
151950
189374
150022
266730
188869
250951
180797
193487
252437
254717
199814
211215
251594
164362
198868
250072
251432
264963
196908
154020
154791
253035
267820
148393
197240
168977
155558
201191
199919
165864
227254
256954
247313
181476
262782
206704
215195
158568
227154
230043
139213
249865
164697
256206
153953
257416
190563
216596
239231
223114
256868
228913
222813
217653
223006
268226
260908
181344
209122
246201
188973
216999
187274
172744
164936
168179
173654
164281
268271
179058
198784
200600
193730
230746
200273
225315
206799
191843
203650
156976
201283
182409
175548
139767
188714
152330
259025
196114
219761
195210
241447
250444
229858
173096
155082
271112
235018
179255
266541
176049
176475
237193
203986
179737
196754
191699
158230
149867
178586
272510
203548
250008
243214
162601
253260
211437
245354
219188
231333
169105
141910
184831
163104
197842
227870
176787
246569
231313
248428
267526
265207
239593
263345
236207
268595
161090
187015
171783
261554
219365
138250
200535
159227
214562
225775
212226
252225
213016
158984
204556
196104
264288
197487
214500
206458
151428
198063
165260
235470
273778
170500
216936
178750
252535
217441
182413
225629
203428
200503
262472
170182
166916
252708
175100
208430
216334
252461
238210
246989
173881
249915
259143
266258
270309
202710
215845
261963
217132
153501
143508
248240
196595
228020
227262
144546
258726
167960
223203
180782
250068
142122
157342
226455
153406
270976
188681
168388
172005
255147
206939
202176
199420
216931
205079
239631
168053
267794
185310
226421
143476
189474
270914
153952
229060
176110
247790
225819
176028
262699
171975
241264
154627
259205
185828
244154
257009
187661
195278
168106
191951
163607
153230
238660
197800
251664
176752
217130
223223
249855
260672
233566
168811
188474
143848
253324
273223
242844
224793
206158
150138
188146
232438
178362
219527
233099
154241
140604
158782
165485
208638
265123
173499
235916
186863
252472
151104
173886
141001
226467
267580
232909
154547
193856
272319
268642
167282
184119
250422
212431
180767
253465
255129
245628
160743
252523
256945
145839
146842
187134
242361
212269
262600
216718
241807
243185
186210
154090
237852
241510
220970
188302
173165
244974
262464
212210
184092
222351
203006
210730
249229
270280
219186
162352
162800
263698
185163
190440
138680
225084
158201
271042
265452
247256
174283
209451
243697
145282
181315
208917
254096
163223
153099
205115
162698
206457
182319
231921
227108
221296
150383
175078
227699
221455
209988
218708
157338
146957
167293
227676
150853
232735
197241
141517
185463
242715
198900
211473
162063
173658
229879
165608
260625
244112
174355
152873
210737
183338
181389
221635
165065
259744
145667
142653
187530
159094
178615
154511
252902
229921
193637
263696
268092
242397
167667
145554
265644
152108
217423
261688
218441
238287
145271
235301
153832
149549
163380
224145
224165
209331
140643
143510
252257
262501
172006
211956
153016
235565
248083
182404
211590
145501
227937
195326
187832
263242
140644
230582
227208
263217
250030
268003
258295
151785
272444
172184
158887
174657
209820
143716
158293
241231
207953
202289
225148
206963
141803
238757
266153
152851
239236
256728
182549
183632
165846
225325
140014
198692
270657
142966
161337
257020
183610
142261
249944
239479
173307
257547
181335
256372
273671
243143
248531
256540
231428
172121
212449
185571
270082
229561
261101
185897
247744
240660
260988
254860
160473
192388
170886
208280
231679
184390
270486
262257
194732
273487
242695
148695
255413
197453
188518
270678
221781
236766
181727
249780
231319
226141
215992
211640
206877
195294
260203
167212
220256
225395
191501
242796
193309
156926
237493
254958
163502
219615
147116
237857
158986
159860
191180
238957
263965
205599
210242
163070
209165
181338
187291
173849
176985
247609
200720
151559
233074
227723
218312
187359
181438
242090
267054
265904
257284
158247
209683
234908
226788
218289
200536
216058
240224
154404
243262
170122
184216
162709
151189
252446
140357
254559
211638
269636
162753
153049
232004
213822
182099
174201
185175
156621
153623
259861
223981
204447
198544
260757
240500
242625
245796
237754
154111
208129
154462
274365
192134
182551
236159
189415
213599
241678
140147
259495
141218
174313
150061
199643
138091
268015
185834
252886
154638
218883
204768
272265
229974
220078
236352
246253
198330
141085
163075
143394
257238
203119
169920
174381
218285
216833
261861
224045
194635
196540
233433
200470
166758
154237
222127
153594
156152
243401
218244
239466
189136
209264
145958
142750
169030
206673
220206
176150
267998
178420
155768
161685
252975
245112
143617
154239
184760
238188
202897
200247
155258
195866
139717
202132
262569
178826
221187
169530
188660
183360
237092
258840
153440
209917
174905
159249
162080
173109
260823
214355
230546
147519
258884
267567
164034
148238
193613
265137
179741
184565
165479
219965
189463
216613
202163
253138
149440
246493
144832
184553
143467
153576
187552
232127
138589
252824
166739
237934
211488
253308
192273
265249
175797
264395
215823
231056
138546
250736
229013
266262
219899
170712
156713
226070
202957
268239
206015
175207
246780
173210
200784
269426
186724
199679
202682
219988
255577
211910
213162
247235
251357
254956
227000
160232
187021
197808
143005
217456
215985
248263
141611
261331
207024
154153
158776
139219
180005
240248
138931
185301
233445
206559
237408
246980
232886
253502
151067
195302
208242
171755
201549
269995
180538
264076
206669
202853
238082
256184
172680
182907
210760
225105
229155
252276
196453
259950
223156
262321
164563
230915
139744
265273
220668
259951
270312
238653
256192
167595
216879
166741
234916
196618
228408
225403
203333
204888
167565
211367
215884
205368
253157
157691
257404
207561
237027
169848
165357
209609
258489
198737
166567
216548
259285
233195
173452
274064
242128
149996
142090
185101
140614
239362
259409
247375
185819
242780
202784
219033
215031
159250
260905
188666
236097
201290
156918
217746
262590
236882
240688
210950
233748
189202
256341
213045
200638
268229
264172
164939
241861
214494
208097
218142
165861
222665
215386
248537
143139
167359
257711
138717
213199
229612
149365
264204
252477
234674
229242
202425
176876
196781
161838
240306
239297
196399
259702
210325
162931
188899
261865
151923
257710
207887
178441
261632
251301
252371
142418
224463
213200
264202
269110
259399
222970
187141
235664
180886
140160
235865
155897
238983
245840
174812
197918
249001
183678
229733
238159
256364
261063
200046
151236
256569
246920
266709
216590
224632
194591
159061
215310
267308
146250
230789
153945
235358
147855
235607
226265
257211
169149
239725
160920
175693
152361
220700
258596
254621
242617
193313
153432
155632
183655
192632
270741
262229
271656
199264
232442
242878
186357
147064
140566
175391
182978
145968
226976
251470
242634
175541
160761
270411
239658
269440
234106
156511
184959
239113
138981
210392
221277
173863
258895
139662
184199
272712
222347
203376
266973
253898
231001
201986
173173
196644
215927
216784
218805
175071
272241
140711
212512
220917
238291
186661
195808
145247
271101
162233
167702
173293
188362
271952
256037
183929
208334
191811
186415
188394
273199
236645
138725
151430
202894
259572
149113
231444
161359
149414
157562
190657
232302
185498
150748
263266
269644
212589
198452
262997
151966
251504
170571
167108
220098
202967
189844
242767
147859
214664
213071
255980
140619
211810
235029
228799
168643
255287
236933
149873
241964
181466
266884
184633
228933
225119
263058
227073
235204
240387
197447
272363
246686
180734
172014
263988
268419
241424
213612
168958
240855
245250
168342
238779
211552
222266
209378
204368
169664
172069
220532
248234
207274
162261
168320
253432
170347
197835
259649
174565
161191
160569
193885
242461
211550
215004
203397
184821
194950
216405
175415
232573
189153
243989
147576
237289
197463
149233
233357
201894
210300
150612
187846
145701
165634
142686
265464
177428
242368
213209
203199
146567
220758
168803
145375
140835
146840
239607
188625
168257
261165
216747
188615
142070
246871
261515
219893
190186
244740
165180
140484
247106
223999
264599
169242
251955
236716
139924
237049
143294
248780
244106
151573
232164
200739
183991
158010
269223
189534
216200
272964
234367
145918
229970
172454
142129
202464
211978
164053
149324
162176
170469
204320
155884
151151
219212
175572
206626
259720
190067
252573
164144
149261
183414
232620
274191
246065
178596
191847
170972
242003
169723
260986
182220
272065
229595
235062
271027
178497
203193
220913
247001
227128
142828
198810
171803
260621
207768
216091
214149
271800
218477
161153
149379
270983
184305
161346
184962
263149
183097
266120
237467
239272
206364
212993
184550
180481
160439
224170
179435
252944
235455
163206
207948
226653
181740
272204
261458
261156
241804
186244
268746
188496
143301
273208
161205
155842
156161
231386
258788
186513
183392
271791
232568
187468
212402
179273
236024
235645
228590
159947
203767
273735
234705
258208
227904
182172
164897
262998
201566
250686
198367
179688
197353
176700
222378
165290
259226
226576
163899
153463
233907
272443
254607
158192
212175
269479
246687
208374
231103
167416
186897
139793
254178
215282
153062
242204
185388
169550
245391
139443
251322
198725
268478
239681
175445
267517
151074
180109
139902
210702
173334
192823
202432
150959
139908
228897
138106
152777
199274
240640
155547
270336
274136
184656
232943
261863
269397
199997
230980
166686
265956
267705
161092
170220
208279
264735
264452
239118
199085
216629
228413
272800
181775
184754
253275
224779
140182
196145
155765
222415
172085
248403
257756
185303
262496
200289
260840
201515
160699
166179
250906
173659
246046
152458
256574
241157
203485
259832
166427
175598
243610
189806
240817
146899
261873
247153
189375
175619
271066
178179
220414
223182
248781
248074
138687
231629
177775
163866
153633
218992
160234
211049
209927
261733
202404
181365
210521
258836
200783
190369
252800
204329
218506
193440
144594
162505
140465
220831
149803
190811
272504
140393
239680
259809
173777
164956
162074
215149
239828
223234
230564
157739
155510
156305
215592
219773
238966
212273
166636
155484
248175
155442
207729
243491
258664
231390
194977
185147
189271
172268
151262
152002
187151
183465
245573
175077
258507
256176
176524
211820
141809
165310
235083
216724
256425
273839
159802
177786
268407
146534
233319
154918
255840
174072
206114
268456
265136
198426
267415
138727
141788
262852
159502
252615
166475
211447
237659
233170
158122
189170
263438
153938
185656
188695
251660
172323
241334
176274
157630
263330
212253
205718
189355
161696
164934
268567
165955
254129
158466
269809
213972
178101
159731
143357
212486
144599
164090
261577
208210
213722
198775
245299
225713
271346
197536
146969
254244
201883
271559
270959
182734
154675
155282
271126
219492
176996
248492
170562
221295
242061
174245
262137
145461
160644
165320
238741
267860
229034
163521
270000
171949
235241
146074
222600
209998
175838
154834
215852
147739
160847
158151
245680
213236
271421
266084
253380
249056
246741
257696
146087
238715
204958
194839
161449
190639
210636
139733
196067
184786
236361
139158
162884
164894
186456
176248
200314
198393
221554
254239
169432
144874
218954
232346
217056
217018
149616
268437
214288
267071
265897
178909
179950
212857
219007
158853
183053
253105
270934
148403
257627
225057
197341
257049
237144
251312
205933
212433
163882
224740
235120
204467
243013
205853
256908
259755
191182
138564
178834
156900
172780
213215
139486
185374
274126
205188
163956
147090
229144
140921
166470
151281
244952
162353
256740
155121
262316
266599
154868
272194
236118
248144
206197
177782
154628
200934
273484
154693
161927
144979
269337
188886
159858
139593
175630
266082
219694
167646
187443
189866
190796
250649
146935
243549
237861
170825
248693
271460
174014
220619
144750
230438
256520
243102
231299
203434
195614
205887
270781
160580
241263
226919
194838
221775
200048
189531
244657
267440
217973
202378
256800
184563
255944
171471
254291
178542
196790
167539
206020
172584
145197
219042
242225
139252
243558
177102
234575
158498
261379
223458
252368
233487
256573
258387
156655
268063
216972
255904
146041
270998
242823
216927
180163
166084
206293
267292
170344
248567
241126
191554
261513
154863
254124
155373
256851
228143
271145
239662
238202
250502
264515
205332
258319
254679
259857
212272
246521
198373
271241
162329
174030
252984
160082
206031
193092
166390
265484
161723
175374
231276
235660
245352
215955
271953
174083
200198
149905
255503
213181
200747
160380
199936
143127
140734
214695
237522
231699
253249
181614
185816
155787
151867
211018
221678
167341
178597
207036
244054
246409
238873
264878
152043
230209
241706
236861
233759
175665
198591
188971
244140
205967
210076
198809
252498
172645
252838
240526
141332
144780
262863
251543
186360
186588
236698
217420
168622
211262
179674
187744
163737
271252
146718
138108
143252
254154
257169
178622
192747
196152
179577
153864
145019
272402
159904
161545
191538
236679
255861
237084
237764
175429
249121
154066
194966
226798
148860
147119
192513
192874
171954
252586
144277
243881
202990
165337
182264
271887
206908
241894
182382
218342
249858
243122
204520
186229
208174
264565
220670
157751
230595
269530
191785
201585
162282
178963
180074
151796
233285
228879
261668
217259
189262
200136
230227
257992
178774
196987
167520
163784
264042
142502
168809
166675
244480
164437
197394
196935
214389
192854
156960
230213
248126
269554
151812
169053
171955
177820
216615
253285
230788
175967
140521
167722
212360
147862
199890
235750
192685
190393
261445
167325
234135
189863
202486
155375
153342
182651
204631
272735
167633
185420
211586
250867
184232
234920
166592
206369
167217
242866
272863
170184
254594
193373
270419
151916
186144
164187
175531
257126
201213
240416
239010
224750
193930
187992
215098
155856
194828
165803
224162
182162
193394
224233
219294
148556
188164
177126
266412
262335
150645
223800
248372
215449
244454
214776
161687
220418
269899
147317
194316
172025
245537
201893
248739
235030
211614
171305
193236
226140
200478
164571
187186
158353
262044
250919
269737
183507
152370
267627
259452
144030
207439
243715
165755
234955
169978
187598
159941
163552
258352
213611
256056
208455
144043
183622
145199
158647
174685
254092
224614
194880
192189
263436
221517
171107
144590
196818
152172
194329
205414
268440
253508
216830
181170
202240
185059
214960
267634
209475
267070
156126
155090
165824
274496
147969
183225
204757
264521
233064
144577
256055
151318
232212
241006
151345
139433
261332
265703
207267
272079
256465
180959
187062
207730
164703
231408
175805
234565
187735
196026
253060
239245
179500
226175
269670
240448
170083
203091
233806
172092
154235
264689
274239
172528
274359
138344
260873
270186
188653
260424
155430
250833
197020
245213
246551
228335
229920
273901
188505
190699
144304
254654
244917
192745
271605
254529
172088
171739
143760
215350
190631
206327
235957
253329
218898
149524
208219
139393
223755
219087
201219
234928
161451
272208
243703
186139
216433
253273
226637
163360
203875
215471
162292
160613
223883
258748
246947
195098
243977
239387
239936
151254
145276
186286
211200
191944
208322
269541
156887
152791
235097
266521
242013
172555
195806
268296
272309
205425
174817
195495
186173
152902
168286
168659
176395
139395
235559
145944
199315
181583
243484
206375
239301
141344
187428
163229
192006
146809
212999
222572
230675
151861
147883
142531
138122
175312
147535
178943
195368
270065
162334
174740
245868
267590
185426
191601
188860
257264
144456
194681
169515
253216
165253
253047
144941
178332
210195
178779
264416
167277
274248
213825
204279
260811
142955
223110
212560
200119
188669
188919
159614
206337
188439
153415
168940
231716
274057
240619
140487
215734
266075
250960
141082
142102
254401
192795
172242
257946
174250
216457
228385
145875
149237
159571
273189
264850
152113
191444
218982
153595
247729
198734
184030
227355
251771
221218
201719
245668
251100
247322
170547
176817
271215
235298
238840
146641
254450
160696
200610
186805
231639
186675
175161
262841
263928
249441
210606
158409
209762
150516
257468
209931
201645
165958
217558
144843
218787
159608
245640
256920
228797
274130
268002
239940
197528
151476
162435
237253
190267
231342
214842
239770
210122
141087
260401
160875
169194
178824
178738
205959
272069
143683
216333
242467
214537
153407
153612
209707
157840
252542
150538
260357
202539
270231
167973
180055
186182
189904
234251
152537
189441
168757
183051
196406
264374
251118
183337
150589
262057
183547
139704
243361
211209
236047
153886
273089
242022
195200
268195
167254
271988
211405
153088
178891
163911
247524
188402
215835
235154
264388
265527
197007
195431
252738
269282
202138
231022
217729
248032
143539
160980
162060
200444
162405
234653
151042
147542
213674
204830
180537
190333
178521
189609
189309
245968
243378
202508
235059
236254
207165
255862
219141
191668
196351
140586
224880
196909
210477
167866
152864
224595
175032
263630
266517
157321
257130
184246
165385
156278
243459
194380
243304
193089
141533
199666
251898
153493
194197
139210
268251
246071
142637
170375
183935
228708
216436
192024
248556
264019
184800
190833
262935
165322
157281
189704
259656
143347
202819
271505
272692
240176
249172
166146
270693
273322
151844
188814
160534
239825
190964
182092
265593
222736
173235
206205
222234
210583
142125
249544
262752
180166
182502
221056
217655
271633
167023
230851
196359
252948
204036
201582
157932
173763
156802
172745
252106
143599
258880
167166
186221
256871
256132
211449
204752
182226
175887
144717
187759
194490
227161
220652
164631
207221
151215
235896
271384
144319
166054
255544
168966
234352
266234
220927
224065
146830
239390
176242
255408
181237
152246
207547
148239
205631
167124
147335
257718
145481
177191
183526
184596
246043
207758
257683
213157
208699
206667
218678
183514
201890
233764
177094
268435
235913
222460
206979
231965
268316
189337
229123
180930
214642
239033
141402
186601
142406
144915
230133
253912
152328
147048
203871
152155
227585
183147
179812
182701
229938
165212
191050
174439
257438
187327
270133
251645
188925
233260
270328
150298
197333
177740
204390
200489
186246
146466
154401
215524
149226
203436
267662
256822
181002
223422
145693
195110
269389
152898
246733
218839
220336
265520
254688
175398
140844
253158
250235
215517
255658
165571
200710
177365
173494
139225
268357
153995
178446
175647
214938
196844
261900
180380
235459
241981
228889
182593
203931
138486
194437
201491
216821
266839
207279
218575
192785
194804
271044
183658
139982
251847
248732
157811
175196
215510
173809
212104
205929
200547
238911
263060
159392
177644
254357
161004
180010
253162
197714
162322
274082
155307
271585
190499
150262
164151
218156
180360
195852
182320
252799
178827
178900
213424
214512
182719
218367
222580
246514
237355
260536
154944
162865
259597
269492
161145
253942
217070
186187
252279
255534
155161
148266
158596
141536
161618
178614
245434
219170
138299
157373
252511
250739
246647
155110
164503
233883
138238
218605
272975
261965
260763
218864
194683
143146
247982
269216
205264
170484
165248
241444
264051
227917
188378
177206
154943
212739
237178
182684
179668
181225
193036
244460
146849
189038
218447
161583
141795
163476
139718
215320
187324
262005
247847
251127
217333
261084
201608
164637
170192
252514
249069
271937
178516
195753
250694
269553
258735
141041
252819
225374
220439
141847
255230
176276
221228
267764
228340
256780
250137
262989
198053
146601
273203
251986
201299
259458
240036
239352
169416
188485
257599
145433
142949
186736
267336
203427
236059
185179
182468
221951
261883
226233
260047
157938
258645
162934
259088
156600
266160
149338
153097
261337
220498
208389
204345
192372
163801
267562
152808
147436
153619
215659
209260
218673
176554
223537
178731
195392
205860
272796
247056
204351
150630
208139
157412
223997
186190
230295
163039
260238
224881
199181
245317
153411
217039
267908
157842
156237
246990
182168
221990
196544
220156
178098
189896
149895
240618
253424
215702
140008
262700
178313
269511
163288
169761
145982
263970
163172
177405
238189
178249
213944
198007
259482
272507
155889
249262
227055
165821
230421
211913
234211
204310
192522
167451
192663
229544
149925
249741
163407
154630
270690
206037
149556
150636
271494
201485
178338
197691
195735
140016
245215
224202
268908
176264
183085
140596
245763
248252
233339
240808
250258
215335
249487
197964
242986
239976
268489
139783
226893
159436
207288
201757
246663
231228
196170
259077
250738
208997
197201
225981
266537
164866
217340
150049
248558
155271
256980
175305
251412
236085
257372
220125
265041
167342
232579
255001
271237
199848
174906
161680
227911
256083
189399
212623
225600
185432
233522
161877
253868
266271
197783
205893
145477
194090
204234
266103
235907
225003
214144
180545
223146
164305
242801
147856
166421
247121
247044
172593
271353
143366
254260
180802
175824
169137
244226
173824
184907
257435
213096
208916
229461
201260
193393
250490
197433
172899
145439
263772
148537
225968
149222
151087
230507
217825
180654
145317
226334
243682
165120
217465
197702
145852
229017
141395
257459
238901
251214
271974
244240
254477
221034
194102
236148
151392
268570
234393
250541
242555
235031
186937
226082
253464
181003
206204
263693
235048
238878
228957
246458
182144
202149
212963
173678
266933
239732
160486
230584
235834
193475
234462
216424
239253
212771
144012
229693
164906
180831
256973
203780
216118
232291
265576
256436
179262
268957
247458
232375
180887
151532
230349
261944
224963
219690
211033
176308
187690
209353
272087
265645
211417
140893
187879
229527
172078
240349
152513
190561
261996
166937
177371
148169
221713
244457
261138
191081
149459
195817
273630
258790
258129
198666
184404
269347
175639
233713
146597
151324
152008
177436
242664
216952
161014
243884
266566
243752
217646
263780
219735
188073
229455
177360
243429
251607
264580
255665
182605
144098
162385
220013
219346
266285
183457
177828
200587
174607
226168
160716
226177
266761
270456
178529
193735
194449
221613
233817
240238
204823
257878
234209
217589
243981
240649
206505
211029
179985
129221
187684
189424
261844
142330
207683
194849
272572
153491
151976
182062
167131
235475
217839
166763
249816
164242
239724
228482
196671
211560
147274
145786
263323
171391
175780
169063
235755
243147
267971
241846
252282
148501
269166
227675
257676
209474
212726
255361
158425
268732
216008
185051
163736
231824
253635
251443
240479
187575
196004
228123
170751
182434
181756
170362
217428
189633
234003
262023
224129
239715
261656
216231
140578
156984
257395
192969
254223
271005
213956
164789
176681
199753
176781
185457
173029
203640
157805
145320
240413
181536
246190
234802
169661
204934
169404
139088
174583
161888
189237
240004
249294
147902
208684
206322
147510
259136
170519
177593
203339
269980
245157
209473
274260
237887
169418
146312
162204
210611
269060
202514
181716
229157
174595
208919
216445
145505
241727
196157
170884
260134
161179
193529
269827
150392
211934
176912
184937
221867
138382
160125
252654
250948
264343
258922
204637
190147
270116
222310
247426
231431
176657
201842
200225
260947
154506
255209
182351
270545
241999
163227
207286
255323
138510
257754
149860
226523
167619
157161
219674
142398
227421
222980
140148
138591
216810
261491
246196
268331
182330
266685
174243
235495
138300
262062
178907
221020
238480
255539
196617
211454
258368
266309
201137
203870
250447
245999
205960
155133
235003
257529
183999
199024
249093
171082
257501
160710
166085
228991
143268
223003
228267
212831
213909
267789
266800
244444
174851
170829
182729
243719
160870
139267
183656
144164
176782
197266
250505
179999
263538
259126
245296
174175
174482
201778
155906
139582
178454
161815
157714
149381
203827
224873
271136
244743
194524
188156
196984
268142
257963
149210
161414
148785
150301
270878
249941
209857
186140
185215
213050
232447
193075
144212
149740
156335
194098
211498
153528
168983
171680
253265
144924
202319
208975
159794
141310
210149
218640
166632
265924
160044
220795
151173
269274
208594
182804
202414
236643
139344
170007
163805
219939
268657
208770
232884
251195
192652
201451
246049
260216
182566
210820
144379
200922
175728
268122
236133
195903
207354
208321
243564
185289
256019
153275
253220
231231
179613
144023
191176
186527
263827
193163
272577
255985
237182
149563
174228
182557
149225
144570
175935
245214
250427
152003
141188
194649
267757
236080
225054
224825
194163
266868
149083
204420
241783
252136
204458
272878
236895
164326
146729
146711
271306
247626
256879
180571
229710
195142
203677
176181
161070
170668
164202
194224
196207
233922
145145
209360
142754
152761
223572
176231
226843
190000
144218
143819
202977
200365
220971
228314
216805
273561
256253
148690
223122
162249
249582
195479
180133
184142
237540
142963
154176
253181
256242
180047
257448
273568
247344
193634
265959
209808
183415
263140
223012
155699
162029
199111
270869
159120
167459
188001
152430
151758
154822
271754
245190
238553
198312
240513
217486
179037
189864
230688
258000
229435
228938
145889
188328
262227
140906
221847
269323
188769
272560
217637
138751
242566
247229
233609
171717
221358
180170
215828
159324
205015
239252
257514
239961
225470
194984
205561
163220
269305
190117
178765
212245
147099
161523
181120
160013
250191
230362
218321
240844
254266
239984
162564
226598
241837
232098
227451
213642
186565
249008
232665
169338
148430
183506
153906
262944
194705
147809
162624
187434
148203
238710
185755
258930
233688
168536
263666
146812
219127
145183
233109
267577
241982
269531
155726
179725
264059
221449
223971
183255
189659
244737
218907
211035
165791
203864
239239
174960
246348
261889
238745
260474
194062
161232
160320
204897
251903
150880
260113
143561
223283
250403
148707
233905
156696
250390
211092
181256
270506
242387
148862
175979
246340
267301
211363
219518
242648
184834
157032
252447
265544
234390
271970
190073
156813
212280
194552
189189
259100
267445
242890
191674
266273
241185
141767
263823
192477
192109
246132
203246
244818
263729
141228
236568
269232
203836
212357
197566
141936
260927
174210
249040
222986
197411
230237
241974
265714
173021
236337
212943
231286
140972
223646
208179
180758
212361
164777
144325
164393
225854
142492
158620
272025
143861
235870
258717
205937
172466
151253
264181
252629
201133
151786
247653
160946
264937
175186
240491
203571
197229
228451
145904
165718
227554
252811
252264
145094
190618
232587
172250
199700
189236
199920
220036
257579
254269
230963
229746
193405
141320
152433
249452
192010
147950
237387
161919
222435
201789
217814
212929
272769
156682
237823
161737
245129
238642
227605
146184
267715
245660
200034
185130
253913
147421
261072
263929
226248
214287
160019
253098
192311
192664
250416
199913
237279
228030
242558
235496
271339
217777
163449
140336
177032
222968
154473
273490
211719
264935
226508
225512
232425
272671
258365
262281
148736
213506
159021
225122
225312
159833
159339
269214
165935
223596
212374
177404
147270
251522
230500
245663
245268
173866
250132
180944
240343
144668
166197
266734
260620
171028
216495
152256
133234
265540
184410
155895
169813
251523
191058
143952
271657
138621
262870
189489
168046
195283
149656
232278
188405
247534
152663
176995
172340
168364
248715
252550
160388
266983
198382
242590
144238
260428
230511
235272
204094
245082
229540
193954
249742
141679
138863
184826
178183
264242
201796
151648
226878
213620
248774
218098
265610
214894
204193
264696
220867
170880
207225
274358
212788
190831
198637
208195
141774
200113
143236
145239
224110
261030
217754
226772
200251
221357
172083
230409
254767
228097
181168
262558
225117
159548
169693
260240
148056
236864
141440
273356
233281
169089
214294
190162
178786
195949
194612
215043
156969
265870
201849
223586
156198
138189
266018
189757
148864
146636
189944
197357
160337
151879
151833
192126
195126
216530
254443
179986
183029
204328
171199
144452
234968
164472
178885
146583
251807
147673
141583
262019
178789
178947
182786
260355
181284
153144
218096
251693
186255
194917
142794
168663
197947
184678
216597
263197
236520
249301
265334
165039
245548
253971
240687
228595
139070
150985
197148
141527
198898
211227
174649
164813
215344
205508
259129
146970
142071
226749
220858
189351
152831
153274
229574
247505
262733
273458
198564
186972
267886
260396
202449
252881
211581
233090
189727
151079
139360
227617
239757
205670
236298
181941
166518
272801
246914
177529
177011
258871
257327
140936
222087
223202
201939
269204
242783
241850
179973
260347
201722
169240
252139
249784
147893
249329
205914
272359
146245
246834
270468
158719
158629
253864
197590
246054
201123
233325
170152
201201
153998
225685
149664
258656
202065
188248
145583
158145
258089
257261
248086
260146
263569
213592
195153
163279
140912
247067
238847
268607
179084
139844
223042
224522
236383
167044
148422
164668
269449
250415
202513
148822
161700
265037
167401
196875
231704
154909
186861
249999
239826
196709
250556
184436
212495
165124
231451
240911
226402
182894
218895
233147
167859
257147
250666
254212
151112
235867
235854
145895
179242
179681
150843
156247
240895
227841
196293
232218
180643
245027
274386
180353
221074
248426
177800
211304
249624
155359
242980
141643
189454
264068
256290
247931
218390
175862
204966
205758
272599
247831
235169
250858
186056
199829
213476
245330
147918
168405
151309
39733
182083
184972
254975
169280
205587
243175
271520
205820
142889
189517
176914
222539
248215
138792
265901
178358
177504
152627
246263
258426
244628
163728
200483
153919
268263
198223
242918
264221
152434
253210
155208
252736
237249
138638
188571
159447
168939
273772
264692
174357
260614
145186
237716
214249
192778
212049
236808
246218
207572
168294
226171
229094
237672
162235
178819
220838
177424
157279
144093
154948
179272
180701
251650
274401
212144
143361
140310
190452
238522
225141
181980
250398
147643
238638
211770
257382
228701
175492
243882
198823
239315
184825
183513
179091
257854
235478
268293
212825
145873
212569
220231
200338
256580
163425
180051
266527
244391
162073
143720
146379
192510
180808
150023
260955
244279
138695
178600
263737
159452
175782
272506
196792
150388
220647
240834
181982
143947
265613
213322
177222
227661
151624
224606
175021
217061
221195
153294
162429
178654
253589
165833
148119
177627
163307
265669
164514
199257
184082
199977
183521
272283
204973
166333
244939
170595
256789
200133
208082
212477
201216
211190
237447
172516
218671
234398
215930
271492
223342
144429
267392
241609
145131
148610
196559
244866
241956
222899
185641
228864
235540
273071
269927
255393
161275
215848
169126
187755
191523
148535
156361
233302
226305
190283
163683
200039
199014
200217
244333
225653
247876
231455
142700
234727
191861
264275
241386
163863
158606
161785
235433
186512
146912
183354
145146
191108
160368
246413
272825
210795
177896
152719
227710
244014
153829
196296
158510
177876
145699
140450
226061
241214
222291
199748
148245
270584
254403
210460
263069
235093
234173
274425
156928
239013
261902
244708
228736
226811
189418
239576
251886
177179
169678
168051
206351
271597
141729
161812
241599
180094
172571
152659
141221
184896
242150
251109
185958
190293
157210
272988
190302
245588
181047
246215
267113
157043
272545
153439
270246
194493
188977
178357
214892
187266
232927
186493
220785
254619
211481
247283
204425
170777
218849
154287
149572
185474
258288
258834
172962
236340
221745
147102
243020
219894
138662
231012
175309
264952
140439
254259
250115
222053
211474
238020
190786
180316
245745
152473
256729
217890
250740
170317
250910
177744
169676
249094
218661
256084
239285
200200
209646
148749
181571
189770
164261
252531
201006
214789
142683
174549
196829
139198
221773
272953
146971
177965
140780
185976
159174
252314
274185
171511
239870
194216
157937
168170
230062
212820
156570
269938
250293
196805
170108
253980
207389
198749
242679
267242
200317
270986
230914
154033
268447
206525
243318
138472
170635
176074
236317
220028
239986
230871
265380
234534
271933
231673
218737
150678
168247
177787
189521
210435
201817
236278
177678
157323
170124
155125
157245
200346
154966
176943
186004
214312
142342
208565
191072
192586
174099
225920
243922
170193
237069
259822
160026
241466
268037
202590
205292
163913
193528
216398
253533
256493
222557
146038
195064
140421
229003
244360
193214
225147
267444
161419
176556
231848
264902
255643
223087
166699
209765
162853
249061
246904
224094
192753
218842
186387
220239
249702
218010
254645
224035
240540
253628
212413
225570
269396
264547
156934
228248
238580
226672
153573
200025
150444
252025
190079
188497
222259
156618
216978
244180
161986
273546
248839
207175
220278
208783
184887
197416
204142
270049
265915
144249
259508
185485
273931
193516
212652
218227
175389
165236
184611
229868
247907
192064
242230
139608
138885
209095
223275
214686
141276
166507
220501
244847
230311
258227
195406
154411
266331
224869
138244
149262
251909
250266
181914
193093
210545
244513
211753
238076
201496
151979
255965
200083
226866
228885
142529
221763
211518
221824
218897
224287
198861
207117
190236
173578
203804
198049
145868
259820
257427
259849
224036
196770
268535
250051
182113
157071
231913
183429
237183
241735
225067
175747
269106
157591
165668
159488
239575
224230
197073
204174
145321
191927
230151
185002
153449
181619
159058
172484
156651
224472
227263
165564
246105
211038
171692
214059
145182
238388
214749
160981
149095
186214
215419
148470
166702
247966
227601
195171
262116
212256
269079
246703
232975
193629
269174
147925
174059
224900
193485
268948
249108
248037
204919
188805
195583
268670
168002
238712
253569
241631
229567
232138
183351
227476
269382
271359
248843
220985
161206
230753
170099
200241
194059
219008
168055
219335
151886
159883
210053
212369
199116
218418
222386
258911
167347
180516
262666
257731
153694
274353
213279
230256
203907
254121
273238
173223
170463
176001
272716
172514
185492
158870
250104
267390
224253
217062
230640
272080
145162
268235
164811
201888
185253
235531
185752
197213
256234
203393
208519
219866
224850
267422
238196
229101
250862
146112
228089
231708
229665
159283
251931
185241
191774
157375
230761
184507
150197
142149
204834
250077
211577
243967
169452
146157
209583
160808
202234
194523
230872
214865
167444
239341
267991
186410
178980
266927
264783
152090
227588
261490
168636
185906
227321
195980
190649
198187
156324
176200
152880
266329
223380
266443
235764
238009
155605
190475
256151
190589
200798
252001
265161
269727
178561
191936
270004
256808
170983
203585
248301
219070
236359
255255
154344
224190
187232
145721
207641
209747
145150
154649
267417
145233
147638
250363
153843
165780
165414
196925
220881
160838
181998
168260
198857
214954
173007
234671
226081
231497
225497
139450
212297
152740
243162
189989
204118
166795
186977
221941
252096
164096
164191
184177
252196
178794
144694
152732
274153
247659
249569
176288
139549
187874
230759
175001
183489
192670
217495
217030
240710
195232
228543
177090
191947
217891
266287
165674
179504
160893
163755
196321
138223
256713
161038
254196
179521
211597
239601
162009
215854
251717
144797
266715
216523
262831
215544
223475
171361
267700
182611
143808
157100
158206
211161
272468
271772
218620
186604
250050
231121
264505
155555
253423
138210
143526
248279
199172
224104
139390
160604
218935
207032
203014
148737
189381
242770
162868
182161
258170
217099
183219
272915
203624
264093
196424
246099
258710
215586
166679
183355
157232
255741
243471
167082
270132
232161
263249
193328
173321
142715
245463
190156
189947
253576
213624
158866
264841
194238
212480
195249
196771
236366
224128
239709
231280
242250
142219
229437
219307
198673
222596
219616
197149
155275
248500
164623
196483
156564
220303
199465
231712
150948
251786
209188
181430
214300
166184
272229
145997
161459
206863
219056
187325
208683
152464
156378
193704
176934
158922
189389
138282
168445
138464
266268
150117
232154
169270
173984
215855
177692
261244
245304
190583
243848
192928
147442
200055
142760
171650
162178
270887
192416
205153
221023
253660
172956
261036
204864
255473
248320
204712
143355
152500
199899
164275
187525
180921
147509
265215
225220
169771
216492
257831
196397
148560
160892
203003
185073
243503
152472
273836
140926
233929
252383
190133
271821
250568
246649
233493
227096
250548
139995
268551
252322
246316
242748
150013
202751
234405
220514
169139
176632
151010
204880
164481
177859
144053
175002
174652
239473
226651
142461
211516
149464
192124
259147
242889
234814
231717
198754
165137
192287
222781
176966
272420
166447
149898
146434
249426
202734
243913
201513
235530
204593
148436
268804
191552
177156
268049
257473
243511
150957
244782
151005
217138
262893
239485
164740
246524
193781
234425
253195
213868
152373
215496
181232
211054
201390
263602
218664
263708
256892
244671
193980
250986
221445
145849
163932
182265
157195
234411
219883
263837
165463
147644
187777
263957
205966
266236
255681
225914
209557
177469
148199
202722
209528
151031
262241
186126
220535
263076
269771
188115
208485
146417
214453
142709
264214
237584
155536
199850
140677
181650
218941
156576
215491
210333
242229
219811
196847
251562
197638
246821
233355
150453
241758
174610
170967
234420
273159
195595
220474
179883
146217
167925
268945
238942
216076
167080
176765
157444
260001
154993
239309
152802
253412
218593
221388
243372
159300
238656
192398
191016
185214
246362
201358
247496
177742
179775
225296
192870
226184
170564
191036
241286
244449
162665
167164
200171
236104
150255
145881
259352
174232
246694
143774
273035
180265
177376
140264
148334
169599
252734
150760
273589
153549
138242
147621
253073
261429
154750
261345
263587
154659
205716
209143
185098
266872
145815
238932
170566
198881
185861
219447
156954
273835
145440
169890
193867
273044
233579
195489
265845
229798
206181
214072
274112
174224
143719
252900
273679
210289
205136
219245
270558
218262
202531
202570
223072
266185
143815
248993
173291
220372
140080
154839
229136
192599
190402
245431
150379
194694
144658
149721
170243
155709
142383
181462
258323
200268
174026
259053
155901
251475
206896
241872
153189
244287
228114
248726
161762
212035
244969
160533
217602
217475
257936
209269
261318
148621
176923
224459
232506
194925
200967
228087
149468
210402
239860
223880
151823
230930
244809
147534
253016
272218
237328
271060
234361
231972
269185
162263
178202
190188
192516
143264
138257
240326
156941
150105
209078
220218
231307
202107
201309
252430
206551
233983
222089
238612
189558
273394
219583
265131
265754
206028
138265
216542
249366
187364
153884
266250
226324
199347
248909
218330
167712
256927
198194
154789
165615
191578
262444
191812
227255
191006
271006
269201
262124
138460
171659
165800
229684
142606
143704
145987
157104
235599
214688
168984
191356
193362
175574
225264
183211
160005
170628
203231
250448
238169
232052
236320
245043
246928
180006
242465
263343
268694
272068
229623
224055
259551
178791
185397
231410
195214
252960
226291
268085
253609
176697
258017
180732
212411
195394
217278
196810
177479
261377
260041
184630
212390
205429
183474
225451
205247
187984
169828
267997
229519
227888
146086
261311
198438
227430
187715
156733
248818
205139
201701
156866
218130
268844
188097
161922
206572
234818
201900
181802
156580
218324
163675
208845
212958
268179
199360
236992
143512
179660
164198
202704
160586
176002
216770
198087
141369
226196
204334
172036
150486
241899
217528
210266
273691
244830
151098
270871
248810
254117
204670
213507
163499
164366
169772
144424
209498
220454
178833
261943
175272
175729
141750
217312
269722
199240
200404
172503
158051
195209
197920
156294
271261
208132
262838
177550
203349
181593
187595
212418
142690
178131
211734
239314
243285
146531
195444
186510
213389
177880
150622
202217
212983
235995
239269
175828
217119
240973
268555
212714
153286
186771
166820
196274
172047
138920
221809
146397
155629
245817
205847
185279
217350
162182
167038
243043
191837
173517
259655
209724
267926
195747
222192
268448
242278
212541
210728
139265
227700
237592
251657
217137
262246
265412
147195
243284
234351
190370
243443
202955
155456
215505
226994
190626
221551
196044
253556
227118
139899
173496
173922
225436
245582
270150
243523
180753
182665
184899
239759
242069
180444
196211
166991
181106
239503
257998
263454
188938
212278
251890
167705
240035
179025
230529
250586
158449
167927
146473
145225
199379
183137
179709
243622
172654
267033
186446
147666
160318
183745
257144
177445
145950
257270
192886
167208
264271
244831
273434
183859
160392
205612
258875
146271
206806
151165
139281
251404
180188
173347
209031
264253
261194
193010
247984
192077
272399
202802
155952
249024
175941
265140
148879
222359
146023
161062
201416
143996
254960
197248
171608
265284
168588
198699
182974
238971
147151
246001
252710
168923
229756
228689
152533
176202
161770
242459
214853
272782
223828
150281
199547
243351
272514
163198
146195
260900
262519
143871
222638
156558
174346
240424
152026
223232
143331
247934
163209
193369
251568
164432
220092
255494
216419
183580
260624
185670
257294
213133
252015
194109
250360
194014
193796
175670
265480
148313
237098
226894
194559
224070
253379
167567
151983
199618
182917
210927
272038
147884
208569
182084
265110
160894
254258
195139
243461
272534
214012
165498
175982
217639
168141
271697
205689
165423
227435
181132
180439
179624
207158
226553
139975
235751
151946
212334
167323
208253
195424
197524
251790
205459
163781
263878
193067
149742
227549
225481
268637
199054
149249
221085
231573
193636
234315
254837
262208
259909
147757
270651
152390
220202
152608
172812
218953
240860
141895
150870
153235
199772
272446
158228
269612
213490
215389
202157
170194
273746
243482
243398
263532
188128
160966
249390
143030
234610
270989
182986
196017
256116
258718
214180
263826
198242
213374
192962
177023
246824
225887
201474
212692
153607
173790
138107
159743
181396
175093
265900
243120
190459
247837
174202
160287
237870
181074
177306
178810
181594
158867
164531
205489
147006
196610
260303
222583
189109
190578
204124
174330
154244
192798
154393
189542
155369
177476
206004
264779
163087
142489
174076
160917
259869
203270
266499
259011
215437
194902
253492
215733
254535
246896
187482
164193
222759
230926
182428
219362
267867
258608
192702
149673
201813
192183
231071
198166
242219
217105
147717
252094
194746
169091
195435
221175
221991
249686
250262
143786
249691
172429
200168
182476
245491
150213
188686
214979
249410
150468
243450
222644
236908
183044
160956
201173
234073
271021
189900
200727
221203
163806
152722
242202
225049
190355
148011
273039
198985
236805
141713
273415
227629
138536
169408
231924
153082
234861
151519
235734
177141
184578
163437
156871
231651
218658
256553
252627
171449
224038
247927
161159
258640
179336
162954
153114
140848
168444
255166
167861
166734
264922
230371
181819
153058
199348
186774
140559
267595
209642
200112
239429
187342
230765
242916
255240
200666
165642
258153
226863
199410
175514
218801
234093
241181
245956
142786
140736
205732
179472
241791
258221
223865
244924
264429
253005
151717
267215
210669
191292
256605
244730
181937
216346
170286
243354
255490
270849
189522
256291
199782
144981
144807
235398
143077
260726
175737
231539
243130
269186
256158
234806
237537
234095
172646
226721
177693
150722
266538
184222
224722
171518
205865
267323
242241
200759
160109
226605
198926
159368
177211
163394
243551
244016
268916
190009
257829
176631
255626
197625
166979
230313
181701
194745
253471
261032
156754
212457
216332
220029
154228
253690
158627
203487
152757
148059
225306
228291
139578
215525
259650
242252
220954
207898
247367
232843
272516
183052
174998
268190
210988
264567
204922
271758
144656
215811
237936
146178
195069
149640
213995
166434
215585
150346
149501
146675
150178
265863
240762
150190
228286
195663
160547
260093
155515
252635
139787
194710
270115
201641
150496
213633
165701
203994
250917
191629
152733
180111
189746
153724
141932
155922
269155
185553
208815
270569
255522
254254
141817
195371
223848
262429
140935
154962
268143
204215
188334
213677
174498
255947
187548
219836
181358
241067
186370
243944
237963
146851
194117
242649
230352
255423
237509
262370
172174
168557
156845
257412
146569
205586
238562
229261
269997
248040
217719
235450
197303
144823
140352
160797
150984
249682
194338
194693
218433
240613
139600
152038
162824
188493
228531
260061
238176
238460
239052
263915
221258
138187
273697
269694
194988
255594
240141
260147
210117
174622
241684
200061
216291
160982
181263
216792
226849
265604
152727
150039
268753
207228
153089
214791
207744
249377
140063
173338
164346
163110
258199
161417
180116
203610
162807
154281
144619
172162
156484
201070
271709
172510
195287
250879
175443
214325
199849
138508
229125
258454
222424
250110
259604
228549
139380
208433
272819
186397
161849
187854
172983
202254
224706
238361
238877
191026
265774
226209
180083
245678
256803
205884
150788
201370
162067
273951
209010
262568
198285
162646
238046
188923
169695
252713
163316
165739
157535
199280
169291
147672
229471
172496
202963
175092
216108
164499
173826
249928
220038
250663
179162
223639
215358
225620
143442
165020
161270
252330
196094
199485
204012
234989
189836
160725
164972
262994
258218
229153
226717
212530
266357
227078
247312
200062
206328
272951
147774
268954
187053
227231
197021
191815
138131
162141
138481
261689
230938
184343
138199
250674
185468
228863
185613
221041
159275
140238
250181
181645
200335
213475
167690
144204
258535
181700
222939
251033
139184
268584
203493
244345
213099
271351
200301
204332
211202
260390
159286
218748
273623
207851
268711
271008
210479
216815
264479
234742
255530
208348
250362
190094
245339
162493
267566
227038
261467
228073
152210
240020
262152
190663
240178
205946
233184
179582
216360
222135
194262
139719
160399
267816
156679
261310
179179
183082
227061
176800
183156
218248
243414
166028
209333
238963
266428
139224
150521
266014
268766
184418
234838
235479
183236
195349
198983
257697
218866
166166
154041
138759
147637
271850
154280
201427
226599
252993
187888
261227
203710
178206
199135
186613
240232
187723
140472
179333
155075
216967
180007
268244
212338
153243
195906
199461
234146
269540
257298
235175
202417
253374
272314
194664
171612
269632
257891
230942
151422
242463
221484
157128
182471
196158
269839
266528
194965
248650
270806
240352
232651
242971
231970
141723
189438
191653
254970
199174
188604
153981
148890
233180
241409
184982
237013
157619
144176
226468
196273
211509
193729
142610
223081
234651
139776
183293
179783
204248
157664
239584
260719
262223
249768
188391
245844
239350
217480
154107
206229
211895
220045
251715
165930
147021
272231
269380
262381
193937
256339
190885
144598
214615
176097
187889
193350
232331
206434
195216
242087
232490
233011
164146
162816
253872
248269
259112
168297
212389
185650
170590
260035
258302
154658
178882
267100
190095
139260
196387
213219
236904
162256
148925
209530
179399
188634
144501
247725
211119
223949
250057
155471
191621
159013
252631
188424
186459
250647
170396
146435
190857
272365
148938
146044
222933
265894
257873
204139
207649
163745
229946
188091
147934
253072
183774
220121
198184
265554
158054
245547
216732
226896
246873
235460
272138
187556
139670
274243
177718
214625
204668
242739
140142
162403
163605
184184
195762
261309
164420
203026
274203
208695
199490
213837
224862
164418
246618
184146
228147
222154
171081
167094
230794
210873
249386
147588
242527
170086
263819
229169
198009
145914
140368
223965
140099
249422
227609
269058
257213
148103
163374
212412
251318
153559
199096
198364
217353
205408
201194
179368
145698
231930
258225
166030
142971
149397
202020
160246
191693
153445
150767
149975
178739
215177
152554
273070
261836
263715
187469
216630
250259
220184
168190
180671
249782
144751
209478
153187
190593
191017
163960
210496
158480
147526
234526
142870
202129
246956
246383
243303
211521
189822
183633
247487
231957
255346
195460
199113
150233
157846
163146
197927
230665
165223
242147
159855
188637
266979
179063
157627
268451
156108
138376
149835
252947
262717
144468
222617
192009
142156
170445
139110
182393
235329
230510
270442
160844
241904
143660
140301
259363
197096
173733
212057
221866
171526
156282
149131
247736
169743
220678
158899
224093
265044
202503
179623
146176
152424
201766
138600
266820
256546
197724
233667
174047
149103
252684
212429
248461
172145
214955
176360
207720
210989
193238
243173
234278
268878
233047
180610
233419
192151
222783
253970
143245
257617
259748
221246
268205
251990
243956
247032
199064
252373
217642
160080
240450
232753
186988
165077
273267
195369
239009
173491
156607
153408
153393
235731
251560
272552
262092
270034
235580
203411
253651
151511
239038
229464
233555
152147
216141
251200
214465
221102
238251
198404
191242
261412
164386
206488
166400
251810
247816
184551
229809
200634
171448
200933
244236
226612
148371
273847
267862
206147
176738
203286
260102
179057
230801
178479
223127
160647
211121
255162
219160
222390
246318
272935
216932
269816
237151
219429
252797
207087
263896
192433
185817
173660
181138
264184
154657
258430
228867
146551
183760
195008
214273
206199
139323
216788
193657
170150
251897
213976
216140
165754
224584
210430
255160
145049
242047
265275
150582
151360
238027
268096
210073
238154
144758
254991
158865
167650
244155
262278
203885
179652
235969
266896
240362
268225
256237
233636
273849
143428
148738
151931
177612
143724
230021
142909
264458
193146
206994
186317
213622
246555
175454
141834
163032
229270
266512
194625
153797
204449
174920
192597
166405
227264
269726
260067
260472
239096
141868
237425
207338
257535
207454
231430
237917
195282
145194
222335
196647
161792
243250
191454
153540
234785
210007
259173
179938
254465
191912
238396
226312
265236
200639
266972
246115
218363
198774
211114
241445
201459
206476
228809
226122
143741
138182
187147
265046
197194
245469
220657
272104
208396
233772
143272
271097
194082
148689
139426
149610
194379
175595
170297
244961
154736
257389
154941
266497
247350
201530
174714
168808
196021
165446
241572
252386
247855
216349
217726
261624
150246
173143
157568
156175
259606
260140
263769
268442
251368
149339
211941
171405
273228
175798
227328
180462
213680
171740
221811
252841
228007
230286
168374
221202
234618
242861
210210
225745
152814
185980
259925
181913
186580
153070
151269
153702
190941
180851
213877
241860
271321
192265
260849
190300
271410
180429
180493
218157
198539
267964
144878
188404
260804
206716
207808
189957
201897
243833
220366
254581
187035
144741
256781
252991
226977
256060
225990
241508
162854
260261
235118
159255
163688
178838
224216
179759
161389
209252
212981
250832
158855
255466
212384
263214
190935
237040
202193
213533
259738
258460
252939
244569
217332
246072
208804
224904
160812
220148
219147
224578
208383
232450
235973
169378
195266
190794
201835
238922
253122
197705
177036
232189
141522
195813
197212
177770
218375
214102
196871
258816
250573
227986
271740
151155
259810
189535
234165
241497
197600
247588
143468
258003
155235
270716
236273
167629
226489
138548
147864
241009
221262
184161
183345
177674
267487
169739
208523
180228
240295
259540
192227
213465
219852
220048
166965
264967
166736
168242
237389
166165
196867
146513
248212
214885
177751
155956
147337
174198
148807
219640
271667
202813
214672
228196
251813
167322
164205
253766
266693
258303
156093
152416
272518
239145
168847
272083
164903
161146
175744
167222
199882
145224
154533
219339
189214
194085
192485
266254
258540
160538
163862
154098
140046
205840
172080
200820
195514
161263
142523
200861
260858
218859
197400
176617
146315
208470
253720
189875
166731
241855
173075
257928
160489
181928
251881
248056
271419
199881
176454
197827
261621
214806
270687
141628
162056
164490
155631
258035
200941
189547
152133
219650
157350
256536
196695
236369
240768
266128
194376
225951
179295
259111
242808
143448
185264
233021
248854
234399
139106
139811
144256
152280
255590
194699
145264
202073
205003
264008
173608
214527
167286
195621
157933
160448
228654
256587
222959
198777
138191
244204
204089
159005
228199
157231
149960
220897
144101
225132
144950
209544
214438
198533
178315
251249
230886
161862
259255
227775
261144
194131
152693
200682
200596
223359
238902
253582
236573
201925
171003
165026
208612
243118
160149
204615
209435
268259
229566
219574
157233
231291
223140
199171
157228
250747
260465
245042
180903
206096
141339
183795
240678
148091
207178
142449
226326
196865
240318
215383
180603
264438
204942
204676
255905
158431
255916
261538
150242
203545
196857
139864
179590
216855
144879
267041
272500
188863
175652
247070
208390
172816
211608
238420
162586
147041
159316
145985
162224
203154
188112
212221
239064
256057
247900
257364
270302
254256
182802
170127
159506
213865
237160
145565
188707
172548
147085
233023
257745
199341
141738
176725
230189
159915
183301
194941
221714
245880
171307
186818
192402
199492
258262
142221
167157
212295
177764
217794
153199
250613
176126
171031
153061
194439
141808
255657
215591
178902
252270
222069
220508
240278
169013
253227
179501
152798
154196
236626
157449
159382
198996
169909
141686
170185
199649
198949
157906
194399
150324
163650
264442
205025
238657
150747
200413
255076
241823
153137
242775
192766
179570
159146
177535
150441
190381
187491
247741
216739
224154
150781
218197
261465
232382
171490
223491
210548
205110
249401
180050
165931
157523
194918
204482
248857
140960
236114
234350
246200
222296
192796
224415
242267
180535
240580
211478
186112
268767
226613
144644
211653
168835
232930
196436
189914
146357
181151
214910
233248
273278
219801
250144
268881
252223
183086
188187
189294
270068
232476
193325
168036
177343
156940
263439
200008
199511
197844
194872
189642
240853
273884
205906
193505
240668
222188
144139
254859
162869
179724
229677
232116
253487
191885
166660
208327
173084
259176
224160
217154
185325
247590
222465
232967
150192
167331
255677
139114
235915
177397
233787
156692
160342
266932
157360
178033
176048
232666
203355
227754
186887
197729
272372
224066
188335
204192
141186
228236
144448
258890
251018
148777
190340
142432
157541
198743
219601
197390
164519
140027
256256
232796
162311
259023
240587
162461
168119
252961
271636
212108
183136
186811
175148
162123
211663
220713
235468
208314
182378
225830
254339
265974
260030
160461
246620
237103
199291
161496
263741
229859
199370
247537
230007
182067
174844
226006
163412
270098
156314
202438
222603
250509
213354
200997
165910
259326
247483
263261
140347
152666
156864
182441
146866
273281
254161
220353
213479
253918
183535
141826
251869
141175
164388
256668
174054
190001
179079
262744
180953
232128
222533
217272
222049
147130
157896
248678
235440
256020
263653
261812
269824
257966
158379
243536
237793
255593
234169
240386
153605
180290
251774
229363
170426
171016
235200
230060
264650
271476
160523
176973
169651
237196
169805
204916
254574
197703
138278
141237
242140
249285
237333
174401
227121
216012
218255
155168
144042
225398
184670
189964
202309
262035
179597
187608
175034
219063
204059
159232
159127
225345
236847
205981
176749
235407
158226
173014
180579
256941
213888
228916
240995
226397
224510
215032
148685
187168
235991
193498
220213
176874
213702
156912
139021
226541
167259
208709
243643
179332
220843
242442
259097
247932
206234
274307
158429
203892
195841
188198
233415
217001
174858
147332
232163
154648
230965
187407
217415
267349
188556
266181
180994
255417
159578
138602
236802
252199
147347
266143
153006
158490
265649
209687
256616
237655
221151
172708
164614
204418
165001
177562
257518
202247
226188
195337
188691
187641
268760
237796
219551
150347
150343
243385
223411
184795
270820
216649
153251
189072
148201
237439
238875
214421
254382
221590
248152
173118
207106
155155
255891
224576
273235
141293
138609
174512
153729
229039
239719
227137
243006
143492
273342
256572
170321
196885
249328
249259
213842
193407
195870
248509
193691
255362
176674
225385
251988
223343
210672
225259
147314
214977
170889
182070
185574
265016
216464
196711
166895
245700
221815
156613
167681
158938
143160
233564
205373
237560
254642
203955
245970
235622
175311
247304
158697
154709
193678
231236
163121
211208
140506
189065
192206
147694
157037
140284
230148
154036
213927
181834
141691
236267
238228
152487
167921
259622
217452
163860
202051
272934
257915
179980
145894
192890
254104
177893
147508
152863
167603
164846
224440
247485
166638
161218
249558
200543
253853
172335
226406
163582
238573
235306
196510
204090
228855
190048
222618
160266
147929
210693
171457
214338
245364
165110
272675
141133
247663
222786
247195
167889
219293
155743
166234
186994
193299
201704
145158
198864
254818
205289
172630
218521
216759
172608
235372
213669
169640
166942
227331
155509
212889
226909
165797
223626
169540
267186
155140
158822
192820
208546
248218
151065
167935
167438
178811
233981
170214
264159
254527
196391
234101
139814
154871
224006
196898
149533
150276
262020
176008
160806
252603
199645
216515
235296
185567
246352
248178
150416
250220
243521
168509
146053
191696
163053
165798
164719
261006
175114
175869
239456
162530
264278
235724
264004
221861
172966
258682
183753
195720
160686
149247
193008
221787
166671
192569
244640
205037
192452
220634
175234
209026
224648
253243
164566
170217
173170
168042
166855
163633
149887
263640
247130
156756
166441
146690
229320
152623
234941
167178
202434
172472
266327
245878
181369
232421
143967
167202
201398
254321
203358
220370
184516
168862
257474
251716
181033
258374
138436
234894
233598
194519
190086
183130
238706
270239
209697
168836
162270
252751
260707
183154
166117
151124
204281
185945
182132
156468
143085
143514
258839
237232
172470
175698
265434
193576
198440
168378
221051
152418
272669
245210
141202
235825
246235
141112
243684
252263
151433
143798
216425
264680
139078
215112
220822
251185
261364
193353
257263
173125
189248
148964
218793
233239
226151
164997
230427
163315
191750
263303
229548
233742
256401
260467
266731
218948
254464
158861
178041
271914
201333
208972
243798
198529
186663
266697
220143
272776
163809
166258
155660
141145
211170
227232
244139
164663
270209
203095
213696
225335
201656
250997
222303
170787
196437
253052
170620
195780
152150
225980
146980
266182
209893
253847
205539
215595
248602
225206
239112
231603
265366
249092
188525
192415
249769
147098
194058
143609
201471
186949
152377
203430
234076
182302
202463
270798
239135
196824
178823
215384
142200
187680
227778
144129
175871
234274
173564
271396
232432
202602
146091
193086
207324
262604
201821
145803
166714
268659
250672
225371
266940
187137
191291
142727
251997
243212
258831
139411
162973
201415
269102
262426
196665
191193
229977
261778
145403
193096
167027
180709
172441
147024
145956
234811
224327
204688
256773
214243
184206
168159
224777
179704
212570
161667
187518
143801
221832
206835
151911
220846
269422
156451
249449
231221
155703
139278
152109
167687
244324
238481
272111
238457
191187
248169
169264
260108
252744
258798
176394
231559
260012
218861
265592
187823
141781
206239
206400
250498
165037
190547
139072
183174
223535
200446
255567
203825
267927
180156
226830
193893
257370
178349
220753
224391
165654
191120
255937
237838
194070
223063
195299
190771
228633
250308
218783
243645
271896
176821
139199
239363
190323
251515
262368
148057
222147
196001
189019
158542
199747
198109
189913
144443
236056
244459
190501
232933
196049
196733
145669
162006
185017
257091
226130
154290
182697
164227
186037
271441
253653
205681
200176
266929
182210
170710
138856
151597
161669
147213
173505
211462
220969
189876
199602
143920
200965
194868
184319
221196
155180
211891
227275
216082
200161
265806
235902
185522
148280
195929
148421
254103
237026
219102
171701
216513
258131
160003
155976
169929
240323
260176
244558
155763
230109
176128
253266
168060
263680
261497
139512
267855
217540
175928
270408
165799
163892
222553
157944
138408
168813
247939
188251
182740
166834
221139
174417
217319
226967
144186
152713
249089
221206
258980
221321
171218
267696
202974
269802
226993
140827
186278
184259
243629
248743
163240
149266
239310
217706
211343
257444
237252
225687
144228
229365
213244
183503
225323
151252
248610
215302
228642
229736
243559
151599
257245
273430
236929
141887
172260
184779
155611
216293
151518
198142
235368
195782
153380
148542
153115
247011
191487
225586
260691
232935
169188
148550
238510
232918
234381
173131
267067
256594
271593
273066
163578
198030
252444
146864
174590
170360
158842
226239
162328
213014
139129
245639
266255
227436
185164
166962
193922
219534
248891
243545
159558
144299
163920
180062
269144
208784
253258
217197
143733
247268
248486
186766
142933
152248
206762
184168
177412
253559
224758
251849
246443
184336
172704
196310
221907
196713
161648
203313
191320
162165
168864
170824
247797
256183
218823
163646
156952
256928
171480
170879
273523
225139
153476
196788
202572
236865
153339
197611
138884
247357
192460
160097
174616
181395
272199
145709
149974
179972
189644
224877
230839
246069
209172
191348
158834
243319
157827
225233
185762
146555
231371
206690
210105
152368
208582
146045
242819
157439
147171
188060
194004
234172
200960
186450
209633
164452
219136
232789
161207
240843
140195
198603
205926
171212
144839
263477
225862
228348
168209
225221
247889
177472
208573
272157
237180
193026
188011
219086
204440
231592
239545
225601
247508
191023
268909
226916
189036
170753
226481
209018
168083
172284
197790
198309
211065
210286
169786
228765
154305
190896
272690
269912
202246
179513
226756
229629
182085
213235
141568
255180
235704
200695
146407
254423
220628
243635
194515
165484
174873
186382
211008
266301
230493
261145
174527
168481
149662
165632
149007
258649
212647
215391
196541
181383
146940
175948
160088
243151
212112
200725
171295
165150
264538
142664
265852
269084
264129
268275
149517
191683
224962
207595
143909
181360
147153
232711
208672
212041
178399
205855
207107
233762
180736
169200
273826
208731
264292
221015
233804
198029
266671
213296
185943
209113
143628
244608
217999
207910
259600
188991
213900
196482
147786
167848
162917
177676
214725
219643
269419
273920
176785
195546
214907
190830
149846
195902
156920
272933
215216
190346
271555
157747
260844
247995
157450
146710
143291
226669
226603
204330
261684
271029
179520
233161
202064
152104
153270
199149
236299
186717
211386
151864
222377
144768
264295
191685
235638
244132
172716
234725
226225
142163
170015
225208
206063
272364
148275
248435
171032
175918
196596
192447
153241
224720
201195
200508
210306
240984
217192
219145
272122
158527
181354
182850
168859
266679
172788
238502
174345
254390
145746
190040
251712
161801
246283
200521
262835
191514
140806
142809
250433
226891
153726
152317
150227
199297
138491
159598
248204
182995
199601
261719
194159
227234
149947
258547
178269
179431
222203
154622
221064
235360
269509
157730
214022
166077
211950
157749
265375
138381
198241
242972
138641
206561
196276
168018
274079
220250
237414
144661
236478
165708
198298
205498
146169
148003
196126
271069
193832
253044
189472
236078
247709
152457
172519
272073
235313
170543
244710
144373
233614
171835
223154
214263
252220
144562
251379
226126
271991
174584
223534
164718
266419
186820
205048
151919
211046
150864
272542
191586
175950
250260
209221
183462
215991
152185
157628
187315
147100
193482
266223
156067
189722
237601
199622
160274
194138
223352
239955
181874
156418
220709
175929
237828
199676
261479
266208
161827
237651
148647
228446
171374
220585
247140
210560
187048
188149
263474
211273
152696
241940
268381
266593
252690
267194
160724
152293
216990
193180
246000
195380
221753
257810
261111
218961
193466
258263
207727
236296
204976
231820
203457
206843
270078
204947
158619
182442
226395
243603
215346
172916
152564
207811
269992
183695
198174
146699
234021
241851
190066
273332
267973
146680
180063
258993
138708
150702
243379
158958
205441
263654
200627
246889
242895
160211
260270
207824
223540
189589
246748
213753
209323
157881
180095
257677
139741
228973
193944
256018
193425
168206
258371
140553
266631
242222
260221
161373
206473
269610
205455
139688
260287
181696
170857
159370
211776
183806
246745
153481
226910
169387
211415
213282
227191
187583
185585
170363
191900
234427
161046
153142
251283
167847
244083
256999
198920
221782
195639
140706
258148
144621
156836
238335
234642
150681
234456
225569
261422
199835
189046
262016
205021
231661
268483
227294
255059
231293
231303
264498
196538
141627
240832
251857
253674
199435
201267
259441
227190
224441
209841
185866
143043
186024
205952
195186
244148
175098
214751
224916
242055
248512
271673
221536
146740
193071
171355
264473
264941
154719
148959
208171
264308
143706
241485
174390
153047
145360
271672
211880
147409
155934
169100
207475
235778
218423
244310
161399
225998
252887
217432
269713
143516
256454
147584
173572
273478
210486
217908
218455
259456
272192
218675
217028
227541
246369
263960
246334
189328
223675
162318
211178
170754
190849
226982
185369
187234
235279
190457
168381
258544
271244
157250
221534
252167
152028
247764
206446
177684
252679
212074
270087
181079
193161
140875
170769
179664
148968
240340
164532
233059
242966
260141
227345
182334
230033
213514
183162
194401
197794
225544
182165
147565
170891
184094
263955
197006
244965
269950
184654
264101
220354
189637
267643
237530
199350
213408
200833
245427
174826
236789
147532
214815
220656
171670
210099
194579
199754
251864
208285
267303
167546
175621
222819
253458
229706
226837
216247
143463
260322
262073
166426
173070
215661
166214
153021
191806
215476
266228
170573
235775
236918
166534
154332
183853
248488
235055
233909
223917
195095
227139
176079
145511
194053
175222
215219
172732
243579
156450
213434
251972
143753
149641
266806
169620
235541
195085
227453
203890
257282
223240
224785
189194
230925
216115
261824
263424
226617
223227
272603
237995
257572
233160
247117
165231
228883
225203
266769
190342
194298
235389
209339
254004
219120
156977
245356
220550
248976
185812
211074
181606
161628
139195
204990
197666
168324
234059
166590
146561
153600
259400
229596
198558
165629
141113
252536
212524
189845
180352
222885
151250
232733
147872
215026
228727
257097
170844
243343
230110
140663
164159
223557
192303
227449
140623
161632
257086
168701
152587
242264
200086
158722
255273
254298
228645
144458
236504
149332
226921
269289
246490
175211
251262
159648
147203
245770
150229
205902
214772
216172
157124
249234
229903
205845
145901
216974
257917
254435
183738
251228
165692
227310
167993
248150
218995
226278
177201
231555
176739
167557
267404
165445
232664
189068
274059
184304
202865
249826
270557
270322
167684
158236
255239
204098
242444
185732
219800
225539
271999
161257
239793
145138
218016
159029
246862
266016
256272
223189
244356
212817
192330
224757
201876
164786
206531
240073
214971
175679
209303
267375
174824
250963
175843
257898
251517
202494
195690
216992
274199
230722
188774
138734
213426
195539
271926
221166
147932
176415
262151
161588
232282
221094
165753
231158
195192
190852
214530
170816
223090
210556
198313
265473
230828
140185
258344
173688
258392
144156
243312
165657
201361
240216
207955
174790
165828
248385
170303
260052
215321
191154
183127
229783
156470
253178
139322
139462
150027
240880
259355
190423
175079
236702
272647
256846
230829
204896
209286
152374
268990
170141
237988
168507
251485
142898
160271
232398
264719
258160
144236
154920
140857
224478
228387
138270
268707
248963
139873
242194
179382
165809
178006
258333
177044
235752
226377
268304
242680
160490
193171
214447
252003
195054
155836
239911
207523
259332
188667
214985
143501
256361
269608
226648
186454
190042
205064
250993
239172
177303
264778
194466
220884
174991
240294
240754
243467
268826
249931
235641
194834
141415
181939
207307
253866
192867
238337
156752
270033
265680
203933
217240
212468
188207
233371
139128
214801
236749
269660
173136
259618
168867
211830
164994
263120
171344
273456
170864
218966
174538
138745
234514
241514
235203
188537
169565
197762
202270
195544
169589
230927
152523
169409
175896
228130
202711
251422
164459
232868
153444
179320
247177
207194
201343
224445
195322
267345
163097
266438
232086
140858
180986
176990
188133
198244
258543
140414
255078
237831
209535
188170
233317
267663
175125
269121
163648
191065
260076
188945
257103
236839
151166
166089
171417
168615
193099
218485
171895
239971
251957
250920
149245
272190
183875
256433
259713
160854
166096
151408
273655
233145
264166
208678
233037
261493
188191
164581
239754
251340
162743
257570
252858
174822
165219
147777
146506
190555
169014
192564
273814
160376
269714
231097
231552
195820
186595
198747
224010
222858
169943
216669
168685
258595
242568
230316
186154
237135
190185
251364
228981
257336
223410
255051
192176
207965
244670
257964
180660
196275
239471
147110
145193
159006
152658
138780
187038
161653
234667
231826
139866
249176
254575
223597
153943
158003
148515
264852
148935
255474
263904
177649
256675
227229
214190
238476
143749
251752
264722
195318
211224
268622
194283
165503
198213
254577
206144
155951
195513
224876
238678
161401
246495
160277
252324
197001
208091
214773
168669
161757
204531
151469
254373
230499
244709
267785
177027
270671
152018
159148
272502
209769
228525
225892
143305
236701
194386
258390
207190
151706
228233
263112
210765
260284
181377
232394
263335
155240
221677
205883
195284
161810
163199
250358
185384
188223
206029
220051
237464
208527
180159
151116
143771
155127
181589
167039
195080
205797
178862
143102
231759
197414
252910
260166
147669
253081
176666
198210
163785
249224
163325
190063
266885
206634
220756
209195
217944
254213
248336
261644
145063
211844
257568
260242
179633
162976
252786
228644
246498
191103
204516
141469
214007
207938
256689
173638
160409
147640
179720
256704
214391
242584
168956
261324
187004
185788
141212
201205
208593
146649
196997
212819
255099
242863
157692
201829
151653
243316
257740
178955
192840
191616
185972
221249
222281
267776
268885
204375
272077
204613
267372
164402
254087
208586
161198
154061
228032
175960
227292
216310
254194
266267
191211
232045
247942
200305
212554
190837
227901
164400
229805
182400
202736
142074
199533
178624
274159
233775
141807
149229
168379
174297
170546
149105
177034
141022
223236
227648
262901
233915
241744
269935
243958
224426
269748
228571
262542
219957
191645
186688
272278
141652
229624
238667
231302
235095
144469
162713
250648
162059
205166
242116
245533
178096
236687
209616
145353
185530
178894
198296
223209
224580
166175
153191
193327
241849
270330
262118
245095
250344
172866
141489
188719
150428
139892
252009
192404
231273
189631
196123
259619
217314
140878
247592
217514
273426
141553
139581
255072
259659
196926
220334
168284
225978
192675
167329
141461
236411
220763
210280
176125
227094
264814
199124
139483
258824
175760
249658
231792
265567
192339
210418
239886
263024
199392
178749
272695
148174
150181
271829
271917
170328
149142
272100
174758
142669
185416
222420
237267
184042
169115
209826
242242
236341
216621
174114
207875
200614
207638
255860
141421
212259
247327
252485
203280
202616
166350
257024
265786
237051
268605
250994
273197
240214
256391
163409
223691
230471
182558
186514
210990
229409
157963
214887
153898
272139
173686
237994
262727
232772
156601
176326
216427
148155
264825
138544
236200
195745
217122
257862
269327
192724
144231
200368
175046
236108
196294
261459
216864
236264
247170
154642
177276
139191
153080
167887
214261
246983
190076
263409
231432
188070
262498
227898
259377
255580
199718
138597
258533
264147
198247
225878
161890
238255
181812
216906
160324
173542
232297
270553
165943
191158
213820
212917
202558
156658
226399
146259
236105
209992
254282
150839
232372
187287
239056
217835
229407
143614
157480
261876
197112
221310
164354
207852
197083
192421
165961
234394
190397
235726
190721
248014
215035
153712
238380
250151
205375
261871
254532
139285
216174
154509
155655
201875
219946
232627
193199
239289
264977
266148
265708
254943
196199
149259
150314
249243
149951
238348
260384
211828
254205
153932
207079
195094
236815
237379
213557
166235
222341
141056
243145
171452
204810
193421
146771
165927
184617
267947
159113
182573
174888
158962
226167
238525
184785
187662
153948
271363
262465
169093
237457
225940
273276
216431
209383
214646
139610
272404
259979
208075
138893
197488
215470
246529
166178
256890
261831
251320
141263
141631
229895
240045
271477
190328
181330
147422
244318
159367
244307
194904
206135
143031
262566
245911
195626
274281
241969
258878
214553
150248
256766
207157
266286
255211
267706
215064
174187
210902
265791
183030
217376
216430
237407
142524
139384
250634
189638
145543
211494
152327
147867
187485
221100
152015
187911
241325
147447
173939
147420
235056
241897
253348
251625
221754
140453
241932
240494
142096
267727
208951
224532
227899
256525
181781
211948
217182
171196
269868
140627
250885
212513
189391
161679
176052
256448
237676
206222
248783
154959
229508
247910
195477
262531
162265
241047
207982
256381
230686
157426
236198
226763
215440
269319
240211
216169
146500
229860
210328
152217
237234
217636
252719
239799
151001
225755
155187
159403
202383
197902
209629
145385
198081
160550
165787
160936
219137
229927
222320
227313
194628
200575
225167
249122
174900
257397
222462
198894
248959
149140
205733
226281
155130
203467
252315
252675
228115
191726
175516
151310
152230
139109
248817
245806
196489
181587
270427
224506
153314
237648
153150
229273
201546
253446
158965
214504
215898
173732
138234
193492
195077
253020
212337
149881
237443
175612
222114
269776
213732
184318
197438
217694
145333
197336
235255
193791
143545
225656
175886
207123
211724
145084
158975
153937
242832
209074
138576
188757
158457
189363
163769
239018
231107
203035
246940
248140
198257
255908
140567
155730
174223
238539
269690
152977
179617
252899
175333
162120
191130
241955
249681
191636
204745
177615
190872
208873
147819
226245
198493
255910
201354
142743
271007
200011
247693
263740
187885
170149
140043
234522
196570
177097
194474
193109
173065
211152
238160
162942
141687
273262
145539
238412
227019
263884
153231
260005
173299
173698
229622
205112
170409
194378
254571
248765
165010
263743
155735
156983
203664
147550
197215
192792
209237
179424
248626
160559
233992
194448
207369
146368
222945
261367
192503
181239
178237
195387
248716
170482
260188
157075
206701
169023
140934
270194
150122
204618
227371
211967
208661
218566
223067
232556
219881
244630
250221
208357
254015
223663
219258
212891
229810
263605
176084
212643
157077
228769
162163
265855
205276
253966
182933
202560
178536
206653
267949
139989
203617
203612
183290
244434
196449
265759
264777
216588
214877
256468
195474
151553
186791
244456
240462
190878
238726
195650
147499
149040
263296
216364
210944
203132
220814
232542
253418
170006
237830
181677
221535
140300
267378
165476
174838
171524
229867
147700
241039
204874
206223
139027
210444
178323
141541
186401
148781
273413
171818
180823
194821
271536
155814
204610
180843
182355
243128
271586
200487
144665
268146
179612
179234
267699
181412
201576
174919
267236
150163
205505
246847
203978
189110
255025
248468
268045
199565
202297
165596
242294
237970
174675
187921
235469
202439
199084
211961
266917
174106
190667
217280
197741
144464
214991
194951
227427
220915
244976
174897
160065
164244
164447
223862
149811
225801
156659
212124
230646
184721
221746
269557
176625
156935
214994
246035
141264
222659
164462
184702
273121
185055
195466
146380
238271
164057
161382
232274
229088
209413
214148
254611
203719
242870
159354
226371
162576
185023
149919
218993
171112
139003
165030
249897
224701
178306
233494
255711
249367
204009
183100
236648
229976
273372
174405
249105
181853
249980
197633
240037
144522
199624
250821
181925
189884
206184
219387
141735
204037
257195
249207
176364
210025
264683
182156
181658
228674
271222
184307
175987
249359
183586
269178
269156
232065
182751
155597
271250
265204
179280
239477
157884
194162
182818
231576
262184
221935
166784
182801
170728
219163
223143
144901
243291
173267
270888
140785
252739
143671
224767
190107
209121
145083
221395
179208
237950
225458
225579
271068
205743
166597
178577
192434
198792
188916
265552
260293
199657
264398
177024
252746
159162
244039
250585
228468
174147
200311
169709
145480
213500
223528
164701
230135
206268
146816
210311
162579
231066
209399
146611
219959
178278
226882
260954
163204
271971
164363
148030
255398
211115
267755
195995
263053
265285
186074
220625
152508
175998
178081
205632
149316
262093
164207
239753
196783
222973
175086
222540
239230
246975
251051
218256
225417
142199
261796
169508
163544
223750
257728
172760
226591
178394
230483
237824
233795
243642
211352
215023
234810
175806
253090
143676
222649
253668
234755
161089
178207
227033
243694
214567
172786
217102
252135
273357
207584
251425
155397
257795
149410
267803
168154
236003
198995
159208
234950
215563
140061
157508
251608
187804
251832
238629
201277
273241
266941
173373
156455
199817
180086
201583
183046
236681
272643
263231
173214
271205
167786
147688
141065
236070
219733
218093
263628
241437
273161
165300
199154
152376
172108
148735
193961
272338
169527
153939
239644
235862
241281
241830
196239
226134
158091
227584
195316
144682
169768
164926
170307
223893
162388
187682
144946
172940
188785
241665
185529
154950
226471
146494
166720
210015
212597
253110
146753
181866
257256
217828
232144
155126
219974
230579
239776
191091
180991
256545
267652
204100
170487
175969
257602
147736
260295
152781
224542
155137
147122
227507
240542
174680
204415
242356
164000
197859
269680
193693
217385
140168
216843
139459
166266
208187
244190
155421
207741
255256
161102
182623
267432
146709
152718
159056
201417
178008
258298
270462
271841
254822
170873
155819
163494
173032
235133
167132
180678
140256
163885
182490
150315
171353
148617
151213
182526
242628
186614
180405
143028
196776
222922
210926
184940
146477
171846
227589
218559
247781
207390
258680
145810
176937
193776
226044
208173
201775
253283
158055
257874
226760
211308
269676
271180
183882
212185
200032
177181
214550
267605
273848
179611
254673
140852
225237
214973
261628
266597
252365
148506
250474
233715
186547
250987
162982
262564
232083
162390
186336
230442
186029
225961
170242
216262
177161
181668
232315
216456
159359
211922
192476
241397
249291
247180
175090
179225
220693
269620
261514
213782
189798
212992
140314
172243
252577
213895
154004
248643
183727
226219
165911
220978
214529
167396
231457
264644
189725
230755
270946
258137
149430
273366
269311
237323
185200
201913
233063
213901
217370
165070
183605
250018
176430
215692
141452
195172
196410
146881
250534
198112
181206
209408
217371
233550
248216
184230
195911
197575
146893
222126
175615
221800
194488
219115
179616
221029
256064
235996
216875
249960
182967
175191
159497
223053
269625
209156
179342
196509
151291
234521
163302
215423
194512
165532
260659
199271
261486
187067
267819
186251
161610
257314
175740
184606
205520
237285
150834
259898
189440
181083
212414
148971
145874
236538
163379
167981
188749
201269
208161
179755
150893
185961
197255
208782
215224
168665
186033
251271
173294
242513
161522
216387
226794
234271
182578
156390
138831
195838
140622
186849
164818
194958
143821
190454
259158
228138
228504
231951
201826
225087
196690
185520
165553
228759
172578
233975
260686
269383
209631
155914
141414
166678
237817
262169
247533
176447
207265
144476
187387
145941
196374
150084
241990
139657
237840
149305
204241
273194
262953
254273
250227
261185
231767
211755
187231
226789
202680
221252
199403
228135
233414
272293
171712
175212
138309
270450
202859
181274
237850
261485
214394
182452
217188
212066
149521
255716
256906
156529
154707
155881
202727
204419
196398
139522
202701
176195
264055
254243
154494
268406
146104
192401
176023
221930
158049
191649
183942
263146
163069
168590
159095
174706
254434
268501
244905
156744
225571
172483
175842
156605
249978
139715
203079
194441
241473
272978
230937
254772
149330
143187
247493
263098
235499
181926
154317
265515
254307
271686
261721
271571
195867
220695
253850
214703
244771
156230
183893
219658
201690
254833
195096
157924
206188
201217
235356
163637
166034
161069
152556
168281
259948
170980
261562
230834
267656
219844
140809
193477
189812
187989
176058
262268
201547
187589
151752
158609
166460
152415
211406
261397
231687
237523
222543
227567
175599
245508
272027
172784
169998
256036
240718
143125
147853
196736
194617
190288
144465
233256
257355
250296
143900
206005
239532
265267
228584
227956
269428
208294
252709
197883
208795
226413
167659
239312
224359
228059
233116
140269
246513
221682
266328
245047
237262
253208
152563
178366
214446
146648
141546
230219
198011
233268
163401
216909
232631
151406
225958
175390
272687
226691
236002
239507
211875
185137
216129
197109
273379
187579
164145
236565
172348
233993
211085
194212
268886
259375
139049
203191
171113
236832
219642
186852
273843
210753
232201
189574
218343
206684
187225
177498
267602
138527
239889
138351
220486
258322
174302
161042
253917
198760
160717
212976
198368
169459
179826
266663
165228
215425
261203
214445
192844
232851
234219
173114
157454
191794
169005
256515
196495
255600
204082
255094
240837
211602
214423
192929
189682
161860
237361
181328
152746
164088
192060
196705
245346
221237
193247
169830
170696
262427
266176
200859
176327
190155
141262
184832
232956
146311
168482
232352
146388
269954
250473
215156
235892
152452
186420
273246
176806
187547
155744
167072
241622
220967
236489
241132
227908
274164
242949
222279
181130
142535
211274
179455
268236
270341
191035
272724
264511
241759
269746
188023
224891
194691
172394
161088
250379
255173
142194
170316
243227
271135
220962
216868
183190
247393
152566
157389
213083
180243
257741
270815
172248
249715
232294
168100
161249
191867
174284
157936
218857
191958
218759
199237
198701
252533
265308
244723
191574
139185
186797
248452
244348
266423
228586
232931
171437
228279
235376
242708
174834
167559
190568
181031
240167
217665
160587
237766
192470
263787
146948
160218
146495
188341
238036
220675
261388
257993
188536
153198
219196
271776
218146
236485
164445
268136
191995
219093
183568
182928
269970
261884
233491
234131
271407
162965
165046
194764
257892
185818
203478
249949
202356
144359
142480
252951
210417
214669
178871
258394
181556
168440
268227
250682
177348
212456
196760
184618
222297
161134
226981
271741
264468
264525
199193
230224
225502
243586
224119
181713
189623
138329
236378
257007
242186
193590
173228
231422
239819
269567
232479
211738
157823
219401
158628
259366
161808
230363
196037
219846
232129
187509
265089
259756
175515
181966
229861
171194
141084
254076
179212
239560
213659
140169
177392
182166
190510
147959
189023
159466
140011
269895
208234
264197
214138
229547
177872
182951
191426
209626
252455
209675
182272
255236
260855
226723
225081
224591
247834
189134
203761
160566
252529
232635
186298
268865
229880
225326
175877
141833
142908
227100
192851
248550
270338
255232
153745
157019
142747
264474
147916
251285
205600
257293
152384
139237
250928
256738
243813
181071
189693
153250
199823
170527
178775
220215
187497
248920
176403
160852
221656
246412
207854
248133
183668
167084
150284
145916
175692
171008
191319
259132
184371
145864
246138
155242
188534
167914
175709
190495
259188
247006
251817
228113
228791
202354
260602
221293
157588
176283
196939
169237
236873
212307
145104
240605
233071
227580
201036
246627
246607
272759
140708
170855
263759
250943
153847
247514
150557
157735
184151
246287
187797
219376
267719
247093
248058
261208
204355
238587
225971
234680
174138
177553
165146
141241
220061
161398
213892
271303
213859
264507
258406
150461
268120
149442
205815
163366
248057
241480
215691
209625
185875
165167
264659
193221
179170
194479
219677
141829
162287
181038
154206
144261
205779
247088
218283
270489
209486
176776
159407
248438
250175
209007
234008
235553
172529
174206
216836
194929
228682
215221
200588
177857
256061
140454
210412
161470
143544
139103
190256
266403
186273
270425
241368
246673
266924
202657
216159
190132
159898
239108
227690
217862
253998
208080
167067
167492
250830
208064
210285
215235
226259
189287
167818
158952
171204
243806
160206
182022
200694
273323
218903
228638
152932
212050
179450
179325
274342
265943
234751
238515
205935
175766
272477
206480
140592
185595
264377
222014
239468
215665
171852
140026
184847
142435
153180
258270
154449
258042
142687
246502
256059
159246
146072
261044
198395
183846
236000
203098
160701
228345
216709
139209
263360
154656
167170
174378
173833
215044
187100
169614
203751
166092
242761
164585
207297
273196
178961
265274
237551
204289
175129
268320
227391
229431
163698
186719
240016
268202
160615
149044
172330
215323
269031
190832
258266
212693
205830
262904
209873
222084
261130
216072
149611
232305
237706
241729
246877
213145
237816
271283
265437
200494
171354
256950
211465
181390
234807
155851
146296
192818
164441
192807
228567
250512
215342
193816
221199
142186
261275
160771
188964
183104
208469
184060
163376
251375
191134
231843
235961
179221
273385
161578
209790
228578
198635
184026
180813
230428
205725
231398
161938
153469
175970
259493
234148
189340
232453
187774
189143
259114
237968
268166
235621
139328
175263
203073
229022
202930
146598
226500
184465
260344
242656
161854
180560
253928
180549
182394
146261
150765
166718
244024
272812
179499
228523
198508
159882
143170
271818
231764
250676
149227
207206
165892
159970
150993
160260
240675
223662
269599
167888
203714
210168
178148
233930
188459
158753
194467
146891
255338
163012
205434
204553
153648
189426
209856
158426
153735
205075
206217
237565
227364
166201
139643
152725
164702
250949
195205
181422
252154
164249
142776
178230
207597
250189
214196
208666
258431
227650
248134
152349
246640
185203
269226
267356
229033
150863
188988
228684
243152
165940
154057
242722
193858
185219
213986
191610
144828
183582
262956
189344
236013
265762
158025
221831
241831
225095
138158
201429
139425
166299
238928
154466
157130
211955
247526
194690
170676
256503
152560
178919
184296
165307
223104
269344
200771
154327
171346
235297
252980
229628
162715
231557
154076
145062
261137
163021
236026
220443
273924
196587
222647
180318
232825
246784
216642
205207
146131
172666
253768
204442
261696
156868
268503
263663
247435
188663
157157
220394
196426
263226
149337
188993
150189
272949
215376
160168
246464
143727
227914
274402
268678
218527
155326
245798
154716
163622
244565
201356
168531
141438
224487
173892
216678
252822
206283
230173
240299
183015
166753
210979
147388
218975
210471
227930
216420
149693
159342
266215
162111
272271
215929
219987
204695
193142
269068
163261
174121
267207
153942
173720
248342
261201
162195
243658
255518
216558
138494
199697
266105
183425
235946
194314
249127
215777
233589
243830
268348
172981
271799
180696
216378
248267
214544
271166
167390
150688
227615
159067
147180
181708
152408
161388
140811
254299
195423
263336
180844
153698
160792
273265
201465
253520
206708
266867
180685
262720
234455
183424
229398
213845
251005
263176
207996
167387
251416
269280
209550
175270
255718
159736
212602
265866
194593
227900
244883
258700
258561
152965
210313
242382
191698
245464
265692
178099
255692
196887
250780
140679
257239
172715
233121
224703
202540
178504
250135
223093
238900
173643
168906
242689
234357
246162
142229
237377
215610
227846
205284
211825
213964
195434
254635
208753
226375
200936
144629
257104
231809
153924
228962
146565
246866
213763
239817
143764
262599
265006
262869
234896
254967
151327
225261
182855
197513
221204
178606
197005
179457
219998
190973
264558
156546
259060
159138
160401
233439
216790
214079
177918
233139
145571
191604
205798
193821
182107
227553
208922
247411
250463
188088
158888
222288
162015
150292
244009
202372
212012
156541
235476
236109
212258
192125
185655
229499
212353
140639
156178
185011
204219
176491
172107
214146
204264
202666
252326
162660
182980
178837
228987
204276
215206
183313
157286
247183
212370
184527
201315
174653
260071
241001
268433
210844
180521
259093
205614
228664
142175
157769
209152
203010
201560
214392
174885
187358
181447
203422
228912
170448
231571
146289
261336
189684
161682
175233
183247
157648
200788
208454
226689
221115
228226
271900
248580
237983
219267
248249
267523
198523
216203
222710
259750
167776
263210
254890
261982
196731
176359
249563
212143
232919
219235
171640
249187
249055
153853
217906
153403
171229
149174
217844
224239
251295
142142
226427
232583
259206
171969
172954
244664
240966
174312
256926
239541
206200
235790
261913
171727
254341
271534
263400
259354
259234
215958
151891
249847
203194
256841
155029
145032
234040
267120
165066
215601
142935
157587
245415
163195
188906
159468
228592
216907
174002
160885
193597
146716
200131
193975
185026
210647
139540
159221
274222
264785
203320
165562
153244
170236
198851
165335
183549
273921
218829
153015
212231
139531
202290
219759
179733
166342
246654
270222
164785
145436
241146
216447
204367
138827
222275
148570
181697
155407
181213
251841
152534
177484
167801
190922
223392
263031
214870
198207
232088
189658
158287
177761
272092
225298
148566
195155
143209
161512
165109
209986
191644
225652
255212
207142
172144
271171
232862
233228
232784
217544
220349
255410
267289
225392
189858
223568
236610
154928
184973
257976
158793
267226
256901
237473
192293
204325
145865
223858
181804
219695
273653
161444
163066
145740
273259
210391
152913
204359
269717
194158
142576
248897
232529
167016
147797
198891
205970
240559
237138
233229
157169
254828
212609
181207
184603
156904
149059
203243
216839
269972
212846
148508
172982
248772
200869
249651
259056
213991
183747
265070
223600
222579
159194
271295
208375
241387
179383
162421
170714
216676
267141
203857
163851
201469
181751
253482
191359
215188
269445
193907
235677
270311
177129
191073
234699
236871
253845
247359
216104
273021
200002
222148
273355
152538
245383
226088
269139
143778
225748
270421
161332
241219
235761
159453
143857
216947
205404
263334
227244
257210
190481
197181
184171
158032
193511
178280
265724
211275
160158
252622
198445
271430
179453
231713
236650
207193
188090
201112
211154
186525
249419
256144
273084
176605
239717
186611
231331
209905
220984
219725
217491
266833
197871
222935
146683
170637
157882
233585
194814
182875
215129
266916
246650
218985
189614
252804
151620
209525
164555
152151
161467
166424
244642
141100
171585
251300
225146
228753
245336
199385
165451
164056
175497
230943
243845
221658
274256
139386
210646
241055
209876
218584
169273
194527
249616
267920
268216
227779
248448
172921
230763
199151
263463
220683
225582
255135
143238
157429
260615
262979
224375
241233
153646
265893
257003
171519
163731
166392
189978
227651
252892
268413
183432
172395
203121
173438
251705
202576
247255
216917
230642
271553
182260
196223
236674
139082
188547
267907
167228
172315
261009
252922
236136
143673
144302
179171
195131
261041
201918
155231
181515
260263
273685
222902
237905
259492
163448
226495
237678
244483
271782
214335
245612
159461
195169
201055
198334
200862
165736
247698
140635
229504
203222
169797
222667
166771
238362
235295
240696
225519
151565
250896
265021
204465
210018
150608
239862
216228
231257
146437
197250
176824
262526
201687
241379
227862
233683
205957
159545
259773
193116
236112
234858
223155
271619
160205
205351
138168
192653
269241
147020
163722
164416
179766
193297
194626
160633
176486
179072
167268
210079
241705
164084
266607
165693
222050
149736
198998
240161
257773
161549
272133
146746
158089
263984
145506
143390
198185
209091
228972
141880
206966
220887
241545
194810
235748
216852
150241
138142
234620
253022
192771
189119
213339
202159
139682
219413
219702
224144
146049
141626
256778
261186
255219
163145
235088
163846
193818
163739
175883
178642
232998
210175
265963
274258
156211
225866
192429
228244
189104
266028
214036
184671
197696
170422
187211
194724
161596
263074
177219
240896
165262
156295
163178
165540
147464
177017
147816
154388
257950
172191
253088
226535
223271
268432
251506
150716
152706
211306
205248
243968
210764
262846
169457
261646
213451
142782
235128
246925
213823
263594
222907
152759
232673
177454
164769
246903
197565
209989
263154
257956
230368
202699
165063
206172
177605
190708
261699
176293
161678
239728
175785
213751
236654
240173
212608
248898
145802
263497
209930
229682
218070
231261
272274
138174
238273
255936
272308
219374
240091
171310
192389
244993
265525
202385
267657
208039
149344
194720
255429
273634
152275
223362
256148
160666
218535
274320
214981
221340
163496
159933
179716
197076
229568
210094
252086
162172
268796
266702
176067
177723
143850
220775
158173
208176
165733
225552
171534
156235
247408
232797
149896
194152
249525
148591
172245
246643
232412
265514
225316
247565
188804
232920
231506
258894
202728
240636
267470
190064
166444
234974
256860
272925
262898
231086
211168
155713
171030
247717
212721
213487
270491
207633
176206
160670
146959
159073
227119
181573
142951
261215
149384
150956
204436
223018
148740
217037
169854
190931
255302
242834
220149
265887
230032
229115
254795
177233
267137
265765
198212
233286
228460
207067
190968
191039
245313
173883
246528
259596
149837
265696
189013
258512
254689
247610
268279
229996
214933
211843
262080
145730
214337
241402
190142
262674
142084
155195
139059
180668
257478
179762
177499
245381
262806
146843
222501
148063
206875
145358
248727
173811
215333
194465
179984
147366
200821
246910
150635
222323
192759
169554
172277
221235
168684
214961
193669
168876
255749
255080
154238
189821
221300
268597
200957
209970
274250
259766
162683
209652
178978
216313
248118
187104
161029
140795
157241
261307
213949
143730
261252
163361
187582
224447
269490
148982
154297
259673
194187
160803
243861
145371
271663
228824
187852
152254
221837
253800
146175
192181
149759
211360
199207
149264
204839
153000
202151
152529
198041
222812
156603
186923
274052
185267
143100
150737
226181
233861
171408
230101
218973
221210
230835
144530
230787
244129
146578
225331
218653
218611
257442
266654
151063
242631
267870
142695
182087
223425
159317
182199
272983
231795
250242
240428
170812
172938
241133
189855
149599
266478
262237
150424
177556
158048
241833
253251
243208
169596
155426
245489
216799
172481
269646
261508
259092
232029
228723
142871
244913
233681
141923
173956
146319
266405
170252
243808
253535
219994
155834
196006
139311
145382
210849
234828
163775
222728
213923
141790
249015
139168
212309
243218
266168
188873
255309
174050
197755
172041
225039
229679
171040
215719
258699
188820
161951
143898
252087
154680
239742
225044
272519
230645
182295
205321
176663
149725
237341
174389
215878
206838
138786
152127
176160
253985
167803
149642
200943
141134
238350
224171
161867
164860
145887
186250
178393
267628
237953
216170
182650
140236
185490
249045
162266
156022
261181
217469
166241
244331
157395
194179
179899
168898
263645
225136
235555
223007
271680
232585
257280
261363
262243
270857
249051
164917
269801
168142
245335
178828
192120
214143
259558
155691
210111
203525
249817
268618
261694
262342
238511
254778
161897
267579
246557
206182
253100
244344
161990
199626
235535
164121
184804
168003
273467
166120
208899
229247
178274
160237
241474
223777
211210
237009
145118
264589
247737
205323
157575
259901
216667
148899
149136
181899
182762
261739
145784
173884
263449
253315
155385
213000
249877
179282
207666
256397
153634
264559
270123
220434
231037
227863
160603
184330
267921
233212
170187
265278
195605
240879
202830
272635
175823
150567
142508
240570
138582
216896
192188
192546
168241
147373
243105
268532
164952
174603
141004
230883
223832
213981
243556
214622
230370
248791
152191
166981
214915
190364
251439
245398
167011
262783
183397
237083
264149
215229
258675
153874
210124
148305
257309
261753
238567
154133
249529
242089
139151
261340
143932
217700
155714
144919
242774
219187
168732
139893
191924
159295
164454
141802
199290
256603
270829
140322
168638
262591
226652
247459
269218
247441
166051
196921
195202
178480
213701
183490
214014
145719
268764
237516
244034
188076
217581
272931
259579
152285
173951
177858
174640
191974
176793
143441
233052
266371
248702
181703
174742
231474
207967
214266
202224
239573
198437
167669
232751
240685
220005
273943
265867
270541
168572
244553
261726
144930
186272
214775
242092
192525
186157
167500
146990
204443
250118
272879
240209
143622
144072
169407
236030
143168
208429
176547
161170
155925
267172
220266
171601
203360
176253
208300
252040
151414
265315
205739
167031
270523
223190
248628
143890
219958
189177
236611
160119
235215
272355
244714
166968
272215
142252
213423
200852
253480
254983
220168
265253
222516
234191
190398
215908
210599
166230
234946
142268
197242
265090
173124
160123
215140
193587
181169
172567
200277
147827
203420
195188
272230
240854
226646
205588
216225
147034
179489
172111
255820
226277
259123
143249
263804
190004
203791
142945
240153
256119
164832
161495
218104
263736
141325
232325
254252
258280
245378
142469
227360
147989
159814
190825
273890
169844
212072
259743
268585
205984
245302
180951
138722
218150
242049
139568
160272
191968
244632
268511
229872
257258
198333
258621
224637
191607
264119
249942
217224
263174
267200
268474
230012
231762
177151
157045
270862
239242
146148
233868
211435
211213
260779
266926
234062
164547
160665
162430
191449
160470
234795
270451
153122
241962
231538
245486
164341
239785
184137
143189
217301
208921
162914
233880
221703
159233
192071
204928
209029
271061
247906
191208
236728
180778
187187
252758
163084
154563
225543
162890
143511
252735
262658
158026
235975
153918
153369
200791
257117
160671
150337
214650
209678
193427
175553
207626
254816
229408
253399
212951
153659
169612
158898
186785
149728
232457
146788
144415
201532
217570
192549
163587
183248
177910
223430
207330
154215
159476
222821
236258
151947
141392
152524
209987
167030
180626
267319
143677
254376
145057
242306
180154
196822
162439
160258
208438
171287
164874
184049
204748
261983
188438
182630
264827
192548
171284
273910
193178
182486
217915
148412
215920
252174
152009
244772
179493
254296
181008
210936
207943
228934
174656
187334
247424
231208
252656
188004
180979
187248
194873
204681
177892
261969
181778
149997
184936
250825
177340
166853
259396
164522
201311
188016
242731
268859
150215
177458
186638
229806
209559
251883
264428
199523
186312
223630
193547
211316
188046
264666
160735
211067
247226
157890
159758
220761
260577
153269
182482
166842
204128
202886
203996
218551
175559
180558
189897
190061
190149
231968
218538
196411
253384
155920
140957
273983
235434
227571
154723
241544
178289
143023
170201
211815
257059
253997
186802
188215
161048
213509
236388
204146
207914
226009
197025
148512
208841
199876
206562
177434
200073
139314
143551
157788
201391
164820
194405
234294
181439
163332
264947
155899
142092
145654
205963
196964
188878
263453
231461
205707
173768
226582
149669
240417
259868
182926
148994
191690
266104
191965
167906
205236
250723
251669
158141
142915
148509
263129
162565
154957
232044
143995
157269
215605
269596
145575
242936
163481
183001
188513
247156
221711
225082
263289
196258
178004
157206
163695
199725
198509
144389
253717
216482
148233
154429
144019
208820
260234
142543
219015
265190
208391
238254
202870
236212
162811
175314
212640
227415
214648
261038
178797
218764
258123
142338
248323
263014
174970
243542
209548
203020
201473
163287
164342
271437
187987
144524
154320
201011
197449
262443
232519
229932
180465
202790
245164
167430
147983
186230
261805
204766
223517
217087
183340
237685
210108
166998
221272
162850
181313
229176
242671
192164
240272
168911
213106
183581
160145
208718
260364
178669
205231
176397
224295
184874
243671
195469
202719
254150
273956
155272
268201
167355
195923
236472
211534
180522
244923
175298
213853
191864
211705
186533
186810
215651
180349
225292
168270
157996
232526
203938
148798
259789
156712
214125
263806
181654
151412
238537
142206
225972
147179
201895
264420
256894
195634
205789
225660
258885
244257
258381
169302
161099
252599
202806
223912
138503
242734
148551
154447
256071
260789
148800
243750
200748
207215
185659
270304
175286
202487
227836
261391
166282
254145
244086
205964
243540
246414
207999
260195
193969
271247
164081
175505
205225
265954
238115
143088
175674
264410
201693
177916
228174
202880
183787
254431
236619
244000
261809
168571
237898
189789
173089
154851
194630
250021
144947
204460
249315
156033
161772
196710
184378
267352
186193
174823
264658
159184
227075
259306
166453
207379
238503
151853
194859
191672
244062
178528
150810
232059
232230
211652
253558
223550
171981
272389
229564
211371
239261
177262
199811
245023
246797
195074
270528
167798
167811
166016
224603
218727
231644
182054
232667
271221
265960
166986
163459
232134
240145
232313
224473
260977
183812
268634
162303
176746
227271
223833
156557
222789
238003
149942
161344
260360
189176
249690
226221
156970
270947
272039
236423
179937
198287
155352
230249
202182
167911
243917
205274
234442
179685
219473
203891
163125
172865
265968
182137
249840
256770
252453
141008
274096
175444
144426
207644
144398
217326
271301
237833
260369
261029
226685
145544
256251
198171
181776
151437
164793
215187
261214
221063
261991
149636
162446
256956
238536
215508
150051
226561
265558
215773
168673
243119
179849
253108
231021
270346
218552
150690
236357
207694
203348
240614
221283
180032
159583
169784
187123
236473
186850
159409
160396
232035
155827
232319
181276
199011
206430
139519
202349
164264
243000
164319
268313
155679
185102
245664
174839
267377
225659
215750
244524
208145
234673
197604
266869
170798
208897
155770
244038
271875
257551
166229
241608
270063
148192
261822
176388
234647
255884
223515
159744
263908
265530
257005
152064
245458
217710
268812
214452
238947
264371
203917
269345
139554
166778
234990
268629
210850
218871
255024
211840
147272
146008
255247
205303
164737
163694
267731
253006
265011
220196
226848
163657
237767
146218
214592
251160
172591
209217
221575
255885
272366
266721
152819
197539
143020
235405
153175
173380
170097
176878
185518
237470
167320
261793
238719
263254
228360
174723
166052
264419
146355
197275
152406
249673
239711
189675
262330
201809
241369
179522
173620
195220
236673
265713
271497
230131
192237
229713
251736
188229
171678
192739
172133
238633
164189
228756
258702
222776
158773
237275
208637
161968
238557
227984
269303
258447
244429
237931
260867
222709
190688
164765
154289
249551
149354
194473
228748
258138
166192
195816
260156
226983
223322
182841
216962
212327
272806
271130
184857
264370
256080
138549
236424
153075
214711
239979
138563
210538
138185
209226
181271
174628
170032
172210
187850
273299
269360
226356
209878
219468
139656
235222
139142
185266
161559
216589
219211
233086
203219
199893
176498
175042
205563
243555
216499
217656
254280
269169
187223
239539
176175
257931
259999
202154
199013
218493
237657
248947
171797
231230
255979
144514
155098
142167
270192
175399
215863
153078
238024
154681
160174
167241
179585
258965
185153
204083
261276
210722
255536
190689
216887
177415
231266
246183
153356
264446
243335
214482
163340
241941
189327
215938
139775
269090
150715
145487
217572
177623
193828
243339
146792
219662
252108
158626
210139
253089
269401
186877
175370
258490
169349
154747
266858
215545
204590
239476
201758
183261
240575
272730
144333
181125
153862
221010
253566
152957
200018
254284
180476
208464
164709
227607
189259
166113
157001
260004
193554
207496
260525
178241
270279
161886
163113
224908
199959
167127
262163
223069
238574
176775
204275
150092
143329
214412
196637
179334
193714
153370
180961
202225
236736
140933
234980
271300
196393
140432
206048
239263
164854
177361
200185
269573
198386
214822
224751
151288
262813
230693
219913
199405
178808
145187
225072
203004
257082
191566
267548
238418
185116
193651
254847
254546
229925
248339
156227
143550
148650
237957
249254
170389
148469
235057
183476
138096
260070
219530
162114
223347
211144
269966
256137
213044
272902
234360
268495
240226
235644
247158
190289
234243
253937
152224
249968
199002
196484
156267
145680
259842
179473
217362
199204
215442
175944
229910
213036
171661
183083
206143
232222
261885
160085
242938
141285
204827
207048
151697
174421
240354
244488
178549
175962
267902
189420
222035
266277
266484
157424
228566
148339
220548
268178
210093
158412
232793
211795
200328
187408
216572
164895
215062
246888
204507
232046
244432
232287
259664
247724
273516
220063
139698
227526
252306
255090
180836
268737
265168
237755
204654
196344
180033
239036
155959
176535
186310
144306
232190
227892
160503
234910
210039
233695
163658
262313
233621
250520
173087
147300
249794
155030
264536
250028
186631
210867
263255
231979
216820
248322
245004
269414
230177
143430
239792
226897
158726
249720
265781
212948
161121
239140
182348
161771
217471
193533
206601
242213
156185
264094
173088
230536
222512
171872
142980
236612
254628
251961
253823
230606
248196
272304
252438
261370
174255
198218
267808
233796
183372
150165
233444
161609
194845
161116
187344
152123
142503
261956
271515
268959
198490
186023
154384
191330
224681
164129
166557
223838
221006
194877
193167
270373
161005
190760
190512
265143
208525
172280
179892
240200
201948
192028
237263
265992
179215
163596
206897
221078
170575
144834
270979
241829
166775
213065
268969
198790
193005
244398
141256
229559
180378
201000
162101
209688
163723
248931
222270
176180
198706
210934
273782
253934
167353
230341
176352
143820
210973
224346
196309
179869
198156
249786
144006
234054
197068
189172
152933
158858
198686
211691
198408
265628
164570
242085
264036
209846
244250
270655
262233
221245
191024
188134
149906
239571
190180
139970
222479
266495
161387
201163
255688
188588
220611
196173
187022
148920
162970
184326
185455
161195
261304
178618
250418
159022
192912
210438
171830
200041
228857
199584
151522
138488
193903
260654
200203
185156
231857
255573
245322
142820
211332
236244
212140
196996
148838
204058
213063
154296
204717
178190
216018
267127
242236
195197
262099
230879
155785
262671
232607
147462
243025
272074
180689
158913
194260
156689
162886
162510
246292
217772
235958
239065
186005
152541
267831
142729
139484
194597
184917
230630
147514
270778
259639
219322
195217
184240
153267
161411
272919
195894
237116
206850
252229
171191
225169
168129
265595
202461
197086
199568
239894
177079
206670
168325
242358
169482
271364
234418
187454
227084
176373
256295
249420
151857
240493
229956
151890
185189
258618
212176
196502
162835
148383
169123
145863
221471
209112
138502
209636
232392
255140
224298
175338
147283
202014
155921
209099
171005
153326
179269
138744
167045
249226
224403
152287
247187
155492
180809
172469
213108
160906
175455
172871
164007
202208
233454
197651
207772
169466
253301
226218
254903
205724
153585
196363
151936
145896
241805
166047
141722
168654
168553
194288
225360
163887
256979
218933
165104
225845
273559
200418
178490
266373
264430
244311
235586
208542
143552
157807
268234
232284
228320
142176
264794
196866
264663
244852
234569
273501
198388
210302
221695
225254
148177
196601
209213
195367
149197
272022
188855
152577
142198
247973
222547
170341
180666
209054
234036
176345
165237
140076
202036
182457
217565
227782
218129
239518
168842
261790
193934
186856
224339
246634
176552
176577
253287
170342
178231
178574
254827
268113
239906
236968
203385
258924
143586
257241
187228
176479
198554
182563
268067
150552
256948
209833
218780
175688
206479
163890
158401
192838
224009
247131
243982
238534
167047
242756
258981
263142
244300
225483
198710
267640
205065
192049
210826
173205
255581
201739
199415
238223
157554
150217
172748
146258
149806
144109
169340
267447
148596
266911
247119
239820
249708
256690
197881
240722
216996
218688
239348
240351
195916
218314
193974
212596
269193
225151
223366
235624
147013
208446
172972
243402
138785
171544
217429
144216
248840
228902
196447
175330
213315
152411
173890
201235
244907
230335
151272
241875
251648
227380
196024
168844
255900
157863
220402
184131
240478
198377
212648
259889
230717
255644
225161
201438
234720
208226
140774
246858
139567
227417
238272
168040
203140
164600
139988
230318
142609
178447
189071
262745
186806
142866
257656
222445
168863
187338
144482
232288
247352
209094
182030
234032
151452
168755
177143
250908
202451
188450
261319
194747
265475
194976
149323
169792
151686
194778
187660
205199
225611
191281
242911
184744
235020
225050
269494
142478
237312
229844
226347
271897
250677
256898
254113
152304
209979
202561
218462
157469
236433
189586
158801
206006
193045
227655
140717
222343
257276
191875
268199
157582
265163
238756
169790
241230
190183
256679
197663
219867
162751
148166
273317
272926
193317
254583
261034
250918
243223
171069
171923
200704
163999
262312
236291
152635
154480
217290
208212
212928
206272
150752
244369
216793
193811
144868
149738
209207
150755
259118
164353
192860
181421
192938
271051
232618
155778
187952
212482
150121
235742
164018
151960
169230
230878
208456
235024
193758
180970
269387
150310
232725
237614
176378
167636
153743
181723
230476
249660
195625
267225
229815
150610
237449
199326
219814
165700
176340
262327
208570
212094
175019
271022
255557
231861
170302
191583
157640
236131
154362
231481
189435
170630
218204
148992
183669
241583
177546
233096
246564
169809
140535
190039
195225
162975
182717
272059
179508
188325
261700
183758
207532
187213
241049
258439
214316
259982
197345
248903
249546
266828
180665
139950
150396
246816
212797
265556
230716
249455
205524
214153
252803
234808
194738
212933
198883
197634
224705
238542
171442
216222
260249
257934
220261
155538
189125
221061
268335
214839
197301
218938
192520
167641
139590
234382
192136
222771
140118
174084
192920
266116
140375
236604
166759
212968
214925
157605
140062
269159
195609
265491
149155
246003
205533
142143
192295
176339
213558
245933
220299
271683
148315
195101
194422
166799
158219
205051
254481
269817
170011
269705
194267
261533
169330
199537
246420
178502
163327
146341
224587
153297
246219
233903
207202
270056
171817
167875
227015
158320
193217
211536
249818
179004
248888
238406
234486
193539
270793
232632
202282
235740
263145
155783
176526
213811
235587
241935
271543
140152
267034
182637
201524
257771
218981
259395
148019
260091
265899
210367
138275
138337
241942
246307
259140
194056
199219
231131
243345
183342
212330
248026
244229
233169
146083
267954
206091
260013
184535
230636
273007
187523
228951
220136
210676
214357
144585
197846
207189
153532
184309
215233
258923
261584
270426
213070
193348
254402
268709
168166
223219
196077
188826
225358
193854
232820
203152
187975
176124
178464
245929
250631
219975
222312
241274
190145
209289
169584
155184
176516
157678
256662
182642
258548
265947
256953
162759
192595
227913
213276
187659
164621
217892
148817
199590
258237
227647
270637
231155
224300
254295
217903
238122
267334
238791
201635
169577
249587
215173
233000
157031
176867
264039
227207
193917
189793
153810
243532
243662
170608
274194
215738
192406
176151
223607
269915
167467
161273
240060
184147
163718
243113
222652
193624
194766
205799
159028
182639
165862
182788
246810
234932
226670
187442
255616
238884
241525
165808
256187
149060
209190
234340
171138
170343
263989
162016
251409
236311
240705
226699
181012
167052
185359
247520
147575
147769
262507
215798
159624
166330
267469
225295
237553
198826
144297
160404
175257
169165
182638
262654
158528
191809
214004
251436
182433
233101
146026
153292
257736
178137
162375
195065
195450
186316
262314
171868
272501
148144
146942
177639
214397
253590
139696
273787
189540
193797
177312
183576
215790
182865
221368
225424
223686
180518
271732
180755
185360
248135
262839
215010
242338
160386
242215
260915
216553
177763
251074
139786
213139
192849
221934
198107
195705
257801
217038
170745
147941
203160
265138
269848
269769
179954
190789
200984
221515
273608
191813
263689
155389
263636
213360
153679
147077
230509
192180
161999
140386
171565
231602
196940
263004
155986
217997
173177
260137
217140
253707
224976
191283
180531
207843
187082
206142
204619
154099
148782
239451
214542
250851
222381
142348
156741
143103
251106
274247
260595
188052
274267
258471
170492
143600
154974
210832
159312
160354
149780
255019
156562
186828
149250
188453
212346
269114
167266
207568
139025
199534
266851
204546
225562
169710
219734
234884
207276
161837
177964
249622
193260
260365
194525
256628
252662
139165
140824
189301
209130
170443
200853
185237
213380
203948
184477
216763
191303
203279
175456
172390
239964
270578
251865
203738
217015
256418
267201
191565
233185
263428
176210
182514
219236
251844
181818
174609
188019
151171
171443
274018
165345
162531
261498
241649
263748
201874
161045
254961
219371
202662
241648
253225
170757
168900
139034
223593
254783
186355
271202
259712
200310
183347
246991
182902
212957
209918
175136
219538
272353
262971
150680
149118
243176
224745
204143
165048
233295
186957
262162
177863
251636
254643
174117
165258
268248
195585
194343
254051
270205
252024
200424
236130
232729
169267
245785
174672
154705
147573
221994
173792
232365
202267
238538
243513
247997
262859
143253
238956
233898
226025
185620
206743
138769
141539
190623
161503
270228
273082
205474
211253
269096
170693
181828
226176
146395
246453
229762
224238
234869
199313
221629
167909
219484
259767
213706
175402
151719
233080
255126
248431
208154
190152
200139
183851
206380
151813
148382
186713
152030
260618
226956
191033
139029
219973
273455
179038
231328
194848
205144
237750
157488
253792
242450
145656
249846
158578
205909
219639
193326
152816
173714
271240
183146
208320
271541
170095
200749
251933
172156
193595
233519
213667
199896
234545
205900
225607
163640
244639
245184
269678
141255
208377
228554
150841
197043
248919
241282
267710
138263
225091
174570
243364
177182
189096
172770
231665
208756
171139
168282
170224
161786
166673
242837
258793
140951
158532
178636
155627
197205
153224
176428
236037
202884
259699
238039
216623
249451
194987
255477
149340
245300
194491
157620
246939
217114
177640
164424
249609
204534
260936
193921
139939
146339
179052
147061
247002
150332
185213
256697
233923
150944
164108
222383
248787
223588
212270
234366
170120
175543
148401
249961
220464
263603
197562
171760
218075
183798
243533
177988
140216
231624
158218
173476
172900
159775
216380
184923
228140
242011
258811
180795
259571
160937
142730
237440
192441
203032
140362
247535
197041
203401
221543
235410
169017
158007
140136
238397
151061
166263
235341
138876
207462
181472
139529
199659
255986
153719
252316
184783
265934
247469
144940
158633
159697
259311
192131
231487
234780
244651
230685
184075
175326
222683
272990
165731
250527
145620
228350
263534
174623
251682
217010
203351
178450
139829
243230
260313
172325
195737
264354
223648
209158
151845
145494
193243
167850
221037
273564
218287
242108
201955
142922
241936
145452
219405
233203
269176
234557
155039
170533
261662
146625
212439
158669
249600
198405
203357
230271
258110
158561
225639
165919
153568
187813
211089
153652
155143
163563
157035
164333
143166
171384
243116
190912
267326
241673
195189
150786
158695
257575
191722
154499
243867
226643
212407
273597
167791
164120
176053
152462
233853
243011
170688
208467
208134
216511
267747
266878
202729
221133
237060
205925
268444
140894
160621
153277
156690
225924
183436
274387
219504
209889
173078
176384
216731
191957
218945
229909
226419
160987
156823
211031
185008
243093
234023
149663
155877
186113
194324
154521
234819
200971
162767
140502
262756
174739
239420
219393
239138
141646
209738
208136
239392
230770
186711
232228
166651
258695
150302
272311
241993
249236
263325
226544
201012
142906
258900
145598
271352
262280
211593
177741
185733
267291
247648
269581
169718
148961
173754
169956
255339
186176
206800
165606
189591
238488
244401
258247
222535
176421
255412
170987
238405
263897
213579
198318
256122
205955
164124
268700
194135
181305
196175
269806
244787
256384
143950
201915
238909
199022
251452
239488
218931
250108
228812
249516
231784
274233
193772
233471
250584
142089
213458
223576
186807
209257
243395
196669
197047
154049
143795
250179
143147
229631
220009
184055
272628
226308
254809
215013
216217
150326
189990
244593
171500
158705
254807
190138
190880
264881
191301
229333
173019
232324
140039
256435
154933
147377
220563
264208
173302
160309
165332
155353
273509
164852
175605
165054
153806
152862
215432
224896
196639
238554
174666
251411
172656
172884
138493
206958
147661
238899
268001
206271
161426
265948
233388
194640
203429
265383
268962
162658
259928
204815
178897
198648
170168
193888
151644
181600
260427
174258
230668
186677
261026
221378
188008
207842
167173
230317
262995
228620
206952
259630
202916
244577
180871
216490
150297
231500
213510
273145
245611
221248
235721
202623
144881
270941
196554
178663
160315
138213
174938
206219
223369
260515
159119
139638
161950
209041
237056
230818
158413
257410
223907
156479
156165
245006
171077
187517
194377
244165
255671
162802
171744
214548
148080
154520
184431
173788
149966
251958
203445
257415
273603
169097
202578
188462
213537
249688
149973
156666
154403
228373
257737
139903
202395
268198
202237
192826
257335
243149
206692
193958
182305
159693
153611
203269
173802
249073
268429
152197
199967
166349
246256
251690
139721
247999
225900
220715
163290
266045
161194
171884
216737
244942
193474
142346
166169
151662
266132
262803
211585
195183
240767
198246
176541
247619
193017
171771
141540
181669
223752
197472
248714
212915
177374
258468
198424
208500
149435
212660
204073
172772
208778
218579
160493
144130
156631
183376
214071
175194
140647
240101
191098
174663
256113
149890
238088
185979
160113
216723
249351
177229
267988
235394
191950
197843
210768
273557
165897
171332
175307
231314
210504
203127
229310
212184
175631
190680
184853
178364
173671
219572
208673
163428
235573
250368
250375
156509
223911
262667
139720
217393
265300
257286
241441
202077
184482
220903
159575
203135
207044
207269
184327
240084
173624
159031
228807
212314
254569
191822
248858
187859
259419
189228
272256
272866
242393
216846
197470
268130
152070
245102
270455
190711
234142
175147
245742
167306
138341
219663
272136
138129
155997
265286
245729
254842
205817
182186
231269
259286
186306
178699
253084
162645
170088
257115
172494
222364
163612
171239
242175
255748
155299
254902
148866
168073
163810
184716
181414
193916
158637
165103
191851
156362
226357
209262
236514
264772
191949
165159
150476
229973
165168
255206
148831
234086
146861
221959
189048
272937
207681
203739
205708
156269
230492
197292
255006
268708
192910
168979
216001
250658
150780
249665
215973
228213
231213
164065
170298
143279
250277
270074
174668
217766
228801
177993
164216
186880
138729
211246
219113
138287
259758
193834
172285
265940
141388
190630
229040
161515
239103
195531
239635
141328
206752
246596
246028
239861
221981
154688
149073
265269
227425
212967
231089
151753
205557
217958
138435
158670
166767
242156
231154
169667
228745
154252
212887
204658
255991
232853
189425
194303
172293
252345
255750
169143
182374
250124
179549
164822
214547
138274
189224
245780
246651
237395
255459
244677
237172
229852
139930
208853
197779
233692
223530
142487
145524
159581
145319
258709
179227
208507
192243
253003
138246
222932
163349
225320
142498
175784
262602
188226
215551
175587
230662
168925
257644
149988
188793
233539
188476
266425
155253
217349
147242
203414
173835
228794
175038
166561
198044
162002
197973
271938
160606
182562
198545
227349
216957
169209
160863
219992
220803
199442
265359
167109
258416
235260
154924
142488
235802
245595
175146
157095
220416
250263
182621
272476
224450
161180
160509
147154
186551
178720
240221
186789
148659
153247
207227
234030
141843
151208
147858
161487
180187
155376
236301
155988
155960
223166
249811
208999
145178
201855
170711
147018
241136
261487
249348
249101
141510
198098
222251
230970
171187
198060
160063
168797
147639
196513
265264
271857
226135
158294
263688
170059
273391
238812
172019
238064
178007
175583
209965
141958
260748
241892
241547
159093
220890
190458
166419
248511
224654
168063
189968
162504
139961
270110
244887
228250
202491
175265
256695
162795
225631
141154
233863
189118
262679
179898
254856
252188
193877
155932
223390
178336
194592
161200
159525
251484
217431
199719
144092
271483
182037
162722
228946
163857
160935
233904
256802
222100
224136
210623
178084
272521
224232
242036
228546
186094
231477
207656
197653
158295
186917
242573
158341
178045
219525
217100
265889
219418
263235
201615
139569
169727
264408
202941
210713
171776
253213
197781
256992
206603
215377
214532
157542
213195
227025
269884
183178
218035
215858
154898
233171
186041
196136
141955
235252
143046
235002
272923
197176
233714
259877
181642
230454
177474
228941
224935
189549
238882
184225
161642
176193
206513
174234
231898
183024
152149
233840
145495
169455
228940
200579
205985
168954
162420
160583
215988
228768
158391
190929
143919
261999
268519
224644
165504
222391
221269
196561
264710
274240
264309
235458
234056
221500
144323
146019
240297
249798
201353
157066
243948
144877
233634
151120
210085
230474
216180
176162
235935
178113
186367
144821
246364
173569
172247
196836
269358
239810
258456
179105
176815
202184
180922
176527
175352
234437
257554
256696
198025
245498
159826
188974
247569
252377
225001
223532
190128
239641
233254
156776
264085
161855
210336
180209
255779
151246
177709
233769
270609
255516
207163
242466
265778
216890
174852
241858
150000
221459
224636
199867
181765
220784
192258
222733
215028
230958
177732
233008
148792
185097
141571
158199
241958
252102
242907
165430
199678
197520
255589
233137
274275
148948
140067
198239
273344
247941
226728
225258
154536
221046
170817
224195
260723
214319
251456
225955
236718
206997
140791
188503
240812
221205
252952
236190
253681
152952
172438
222064
273891
252763
199774
256874
228163
234402
240574
216470
254278
148902
197122
195223
230112
234715
150696
261279
246080
149682
164925
206280
258151
224146
235705
248357
265663
232454
238192
182560
139599
139803
168885
151137
145974
168184
274149
246390
272267
188924
169436
214786
259120
250504
230634
269745
198613
162441
169930
194125
242670
226316
178790
160526
208648
139699
252491
185768
256156
157646
184096
212150
172022
141623
248422
191492
215663
271572
169365
227819
272865
213415
187752
169191
272350
166294
167397
147307
222559
271297
213801
191140
253272
220582
165662
156596
224808
180916
146656
235581
147260
267271
222792
155280
199797
179610
168446
228994
195698
208385
232050
190159
273817
198841
207573
184224
150828
191019
254708
265591
229632
235415
250555
189917
189292
199317
175030
151134
261827
145636
245386
171921
263502
193351
144173
160289
164601
139625
245319
172909
155444
150154
232803
274209
153730
146058
169430
265687
150983
267853
251137
158961
249450
243883
254126
231283
202429
188373
228229
211829
250347
143243
246056
252543
225348
189386
216525
254652
265966
229064
272387
271519
148840
148789
191246
265158
171321
165176
144976
176295
221369
224004
206132
220596
207563
171887
204034
232108
240401
273919
201423
208259
212466
264270
194128
240623
269539
211122
149426
157060
201477
223617
189976
157878
225864
252972
154825
261615
246579
243514
210274
174075
145751
218668
169873
243804
143892
220110
273528
159828
255676
156869
257304
194094
225501
237715
226520
150844
155277
203078
177208
190696
238308
177266
144664
262732
143036
222904
232806
267864
207034
150973
256998
249095
167995
174079
211580
168929
189584
256669
144541
171422
262508
146618
143535
184522
256777
226602
221475
214275
226809
215962
245903
209131
226920
209664
157770
150174
169773
156572
144047
265842
230161
181764
262362
265257
185889
207773
251960
212208
207474
266188
218765
235523
139973
175310
153303
213983
272429
174165
216255
141768
174402
225005
242755
203787
218382
192645
200542
236773
189026
162179
241004
176882
272135
247135
209369
207030
209598
140555
189359
237032
200460
184328
257220
266626
252889
232974
242474
226879
133214
240737
195120
170937
247862
237891
255246
203275
190357
262074
182647
239364
175132
191332
255235
143664
218705
148539
224735
238655
236457
186440
271688
180910
152942
190558
183548
221433
162946
193988
270044
214721
183098
202579
269672
253142
196650
254078
220274
271172
216918
172272
189064
142649
239679
148794
174257
258687
238031
219751
239461
197585
151643
169435
237745
222001
212441
215742
202013
195066
155738
267828
248085
247261
166218
265715
144024
266421
171503
192629
252871
163670
241110
229362
175124
264440
221383
246030
171029
262849
248827
138983
172670
183343
204795
176780
234580
181559
271375
264195
219698
217220
150829
199127
144742
223051
239088
161380
181942
241256
150536
177736
227657
168697
252325
232582
273158
243486
249678
142399
176427
203466
154134
193960
250374
146282
196664
159901
260934
182545
161178
247365
224388
165768
157918
235355
228039
207467
191079
264956
177848
258505
266422
236890
239332
219422
178605
139532
211277
198794
180501
259109
153991
150924
245092
168303
165617
239202
175865
236480
221099
221569
190879
144850
261507
172424
155708
149514
225002
160428
235685
153438
253476
208085
169899
162612
179181
229726
180398
147964
206468
206326
148202
207006
220216
172843
215967
214956
197933
175155
180460
244270
151267
244817
150790
199377
239148
205252
195961
255189
227789
151075
176672
201351
259356
223310
232656
246865
222268
238782
247338
197227
171607
273220
181721
180958
271146
236107
189634
264120
200769
236937
259177
179209
246122
219428
226158
155437
217095
242095
201068
252985
166939
226870
160762
197424
241700
229325
256155
266680
246416
144487
180393
180633
230132
206945
190261
188400
161293
216053
186625
223854
232299
205012
143259
219068
194562
171581
170721
238785
250009
144028
256411
197028
187308
213656
190950
143455
232891
239375
246825
188264
159990
141787
212555
228670
246339
257446
139548
264958
226460
204207
232875
162468
185998
162121
205795
223448
144753
235562
238106
176865
166439
181173
207293
167777
171059
220241
266472
170782
154292
265216
173910
147411
242162
139133
183369
141242
200331
223440
267768
232009
157599
253170
186716
225641
217206
186561
151762
215668
258806
216494
198488
172618
258109
231130
218322
141406
206677
269207
251046
236615
238941
224080
181615
189773
188061
145976
156922
139017
195700
238417
242852
266986
245681
213908
212779
163171
182068
150794
220918
267420
173039
236695
142722
217485
245097
261114
234831
187672
197072
232915
185649
170845
205578
181670
223932
250755
157198
268395
254375
203334
238609
258734
253809
247228
264210
174613
138404
257987
185593
273953
158854
164896
169469
253299
223508
201548
238112
250536
156728
144660
186066
154565
197396
171061
255806
168097
172839
214517
198454
235955
195404
263767
261152
264050
164330
232090
153971
269807
238927
228755
212240
152884
226633
229035
201035
209914
192059
192784
139458
262973
207323
204492
199993
194286
246959
147881
223669
224337
242127
169001
254014
230100
273840
204860
273900
142422
160753
210169
263423
188279
272206
273210
219146
234822
170173
244114
269552
202708
173619
249157
219806
272689
217826
229482
153041
154018
184525
236693
263722
151981
263331
167464
209990
152507
223021
263011
256199
231966
260405
193725
171400
165376
260055
263117
163370
195990
204175
166605
230441
262049
221659
180320
168025
254576
269683
256811
139159
216768
231388
196499
169616
155774
265390
163875
239077
267006
200561
196704
167465
219859
202198
163381
195334
189581
273361
225249
252191
223420
251635
265449
146890
226110
166642
217959
143389
162639
232339
166844
150876
268200
265148
260410
247975
238049
217088
172152
142691
247705
153770
143029
245371
146410
143229
258975
159961
156665
170735
224548
141028
151295
154746
168851
183492
254984
167757
209434
216948
157825
183731
192228
188361
222648
173734
144652
207920
174969
147398
155337
149168
236584
202725
248440
159751
217586
224949
227951
201441
182282
272609
225715
271415
251054
256175
182987
237134
252894
273565
240422
183699
141260
197173
179658
208847
228131
269046
208476
202017
148500
224961
211599
243778
258742
233639
269822
204161
273427
169458
273704
165400
158040
161852
242205
164133
225604
144010
273869
257705
228970
199581
255457
139860
237230
231835
234766
168150
234987
150504
209695
251441
211272
169412
272985
238000
142952
269247
175975
146791
147681
143165
146429
187705
165375
168528
246718
204352
172990
226349
241010
235487
202797
213105
158886
139410
160110
209791
222412
268807
253706
231701
188199
188979
150861
227517
217804
247341
161437
142819
159953
262824
241405
146007
189215
266393
274346
236261
223417
198093
179139
195743
194064
215123
177154
182053
208208
192397
240954
270825
260543
192212
160139
164180
264394
189249
149204
163905
273893
154030
182187
273882
259157
155666
232370
260655
221636
233043
255203
262777
270122
218292
237028
230607
179975
168328
259341
221838
154130
256181
245551
147785
245616
253228
247822
193269
217925
262463
198372
172444
244865
264179
142851
178681
207882
159524
252344
245127
182624
163577
169588
213303
215894
158737
253893
265340
179834
240257
188262
150194
188561
183849
154325
244549
247675
228591
154742
191007
198571
243071
158636
253345
163518
219001
216644
219731
238936
140628
239462
147043
142799
209039
246059
171282
230302
128172
158354
207988
173350
205982
221240
256307
214387
191632
153153
246508
212984
271003
206822
206656
248391
153835
178100
246335
195275
141281
258994
225513
251362
228649
255227
254248
239066
236734
261257
190295
146845
215392
250870
218045
161606
261092
177561
190359
222185
227306
207019
175462
232202
166624
230264
172754
231740
263432
245976
231320
141048
185449
242891
190470
219373
262833
158814
182301
271764
265304
160697
274246
267125
186908
151285
203635
249156
197579
203647
248859
206846
187195
252855
237534
228781
271996
265849
167301
180632
182508
154602
195149
186040
242210
238630
245522
182340
189185
158804
196166
248137
222619
207598
139351
258158
192448
199992
139166
196838
227465
158709
168211
216856
165356
177443
155097
262392
182322
195250
207690
193872
162987
159944
180450
163276
253616
206933
143226
255786
251274
252407
178061
251225
210126
245739
246791
240501
209674
188929
254926
256872
222039
186186
179673
144566
179248
177193
248821
209273
216469
163697
212424
228643
223192
209445
229220
227875
240517
183161
263137
202325
267888
270600
258028
182644
249975
176450
237673
204853
227440
269390
186804
234126
158712
218009
260225
227487
250569
159677
225997
141064
270382
268006
230202
257955
254791
226359
138095
142676
245978
273548
248782
167616
225359
177460
193965
225068
161073
247324
212675
245320
181695
207524
232876
155674
163689
161541
186184
206011
203596
202200
156687
199729
189235
246319
231357
166372
255866
152428
183400
158161
227363
196487
245407
232329
237284
232439
270478
198501
236011
272185
144293
233510
179127
234414
249221
243640
255696
242448
142591
208814
149458
141067
273113
255561
193032
144714
245037
251289
265686
270499
167332
249830
237265
269626
273938
198550
139490
193213
214217
211010
268247
175023
244543
147737
161486
246542
234577
176146
271298
226980
255864
150936
148884
145940
185066
145411
173453
252517
139370
194129
184478
229700
168548
189541
171347
148779
176493
158237
183966
208920
266514
228125
274107
172318
208006
194393
241652
244707
239988
240701
191753
160616
225774
259032
260448
187219
228105
252815
181836
233892
183868
245421
207145
172642
232787
152859
256575
242743
265187
203776
195108
211292
252982
148943
270612
269662
164155
225204
241918
220687
237890
182494
146277
227669
216185
226881
258616
147391
256374
251348
150684
139680
233031
145992
267481
195336
243150
169445
266984
192410
225406
154162
252469
236797
224863
210803
182843
267838
273017
158459
235623
170063
195240
196360
212045
267741
220502
158064
245536
196579
216342
254147
225820
205778
172617
217149
187422
271522
171494
257592
149894
165603
242429
188427
156464
204230
251410
210937
253473
248717
148392
163177
142650
201229
190055
160708
272897
190860
168849
171866
208776
186111
212230
252851
233700
226222
225202
258530
193433
267228
224149
260729
239789
245557
173056
196074
219875
190436
253630
185060
271304
198042
198378
205998
162140
255763
149753
201166
165448
179164
174039
213725
166032
157465
203179
201674
229215
270255
165659
177003
221788
235953
237110
170997
201437
188570
170045
161764
190053
147885
146967
172125
217252
204291
262129
263486
140887
164372
212525
228083
157957
261452
208388
230038
138128
247302
179767
218928
237192
255875
166618
198055
153654
203475
144423
161984
220179
140233
149322
218352
142553
242144
163424
177839
140007
213203
138711
154634
162189
228563
177076
145590
179306
251373
179135
155936
178865
184714
182744
163555
169523
251950
247479
243222
213396
183835
174737
167932
236801
175315
176127
162252
151896
240505
272719
173085
165772
192474
143254
266308
198896
193346
213356
191527
181424
236365
201454
258672
152931
194345
164682
159489
200688
160661
241703
230528
205445
254955
182515
243857
196368
238594
242372
214213
158004
196052
185718
241295
228500
185701
138940
198467
199033
192002
236829
184627
204951
206317
189163
235040
250461
251777
225952
208577
141234
196222
232440
217998
176022
174978
245450
207507
156854
201584
232675
164175
173772
270125
204362
141941
248663
230181
165679
174170
161013
225787
216284
269215
253984
153569
219856
183056
211749
180108
174536
226092
223962
161566
166840
146566
248915
231169
252812
212633
271705
178318
271435
166907
200825
263108
152372
231423
156389
159130
157997
199669
188237
182138
225329
195259
249664
262914
268515
154106
147611
231985
147703
257301
238379
224536
230920
162158
216268
235833
152162
214118
205473
253136
241297
242434
232722
145671
201145
160459
178405
195978
242717
268396
240956
232026
191762
235034
138945
200349
262688
228019
187045
227301
190683
270106
270377
220591
158212
148267
272257
236982
252156
212283
200250
141163
168178
197567
174867
250359
230293
188380
178428
263283
138526
262991
196314
148374
194989
139155
161460
200135
230517
241362
140419
194618
237309
268983
182919
175339
195328
250462
193252
239700
148887
144736
237271
145426
259588
232152
256353
203766
240446
240048
272090
224365
228505
178374
149188
170657
171848
157534
141668
186984
172039
213596
198846
268423
159840
197106
246765
255874
210958
228626
174981
169382
271385
191770
232763
185798
200104
196213
238995
216299
165267
184809
174548
254676
139562
176257
206893
269258
194646
185642
253150
170209
215740
168941
273874
212843
249231
161113
244193
195717
219125
143675
233272
208271
139972
193700
148048
242342
153974
216620
212148
169696
155776
243900
154085
273067
157495
167450
147369
152787
160053
210058
190527
223804
187441
178805
168795
273881
260164
235691
243501
187011
242093
262302
219545
249162
190727
240822
173844
142300
270630
262027
248632
205784
219287
179108
258112
250838
149487
270751
219620
271674
185197
154833
199965
243367
184975
266919
169705
220062
264084
140283
143715
253175
273776
189641
228193
178437
187638
160345
253177
250863
197323
266609
220702
178844
191511
144226
169130
161813
262550
241976
220186
234877
243926
258941
170060
172587
240612
251152
228311
260636
243232
270470
197268
172604
164853
223860
138946
266096
213639
264686
146275
147587
210830
185778
249104
239652
143841
200755
272187
231120
264927
177299
247832
223998
216162
184211
237680
237444
145707
187720
270200
244563
222055
193456
178321
158479
220842
260514
230798
231785
228158
213783
270901
244171
237653
172328
229987
211678
222882
264053
181385
242900
205616
252129
150569
165954
237078
207665
163022
230919
180583
145356
188828
142755
182998
157390
162724
191484
212052
258311
187764
176558
165442
151907
157506
144498
146907
210519
147866
200777
185968
214531
166308
191711
221319
271141
236601
262265
250591
145691
192289
149551
249667
217196
187316
226659
256314
168120
217157
259190
155698
150700
158198
191053
161012
218338
214103
246041
163765
235432
207728
178665
166498
183216
272767
149388
249397
258883
149179
262380
244485
209763
151170
259580
199739
214946
214624
143635
198916
204918
231505
142521
158436
168998
272167
253564
259602
160545
159417
247652
259933
209741
155793
206497
231742
265989
144338
223903
163059
143961
156300
139098
222845
167835
213652
195291
156284
204509
264600
223652
252228
140445
260559
156322
175190
148894
241874
228438
139605
208961
182436
180093
171488
172471
225969
145251
182078
173042
154312
257252
270624
233369
155024
270950
268602
229323
195890
155830
218646
247583
187956
152940
263629
148173
227765
270555
255489
167460
140670
270075
188893
261446
198346
167142
155490
147042
256434
157148
189538
154357
206600
187076
171635
237044
237497
230231
220346
209450
238007
213916
240902
211726
166769
183346
206840
157182
226028
269012
226861
175345
237163
147589
153740
207159
200279
147494
192178
182121
183998
219239
249372
230094
263319
181321
261398
266491
181706
185660
165086
248507
224282
143822
186008
198034
231282
170794
181405
154560
150219
273866
224554
225155
169653
195653
218698
237119
182601
179143
180729
179539
185808
193742
173912
247820
217782
270867
238815
160055
266348
260780
156646
165191
190410
266739
267025
241438
155933
161933
145574
153067
206134
242694
180602
181964
244028
171200
185009
173972
204357
243397
255901
180918
250641
194181
202316
152310
145556
153979
240708
179134
201762
223623
234539
260044
162842
198078
266776
268674
157180
141115
244357
167568
178161
209371
227090
217609
172963
238206
197707
200904
158476
272044
164612
251745
218542
159107
200585
148940
192987
273844
211000
207652
230935
154541
168623
141457
258383
196182
229870
152476
160741
259374
233798
158047
247090
209699
190012
199346
160800
153485
254507
184518
268713
264191
214244
149028
244472
201812
161080
145900
199202
228127
273365
238751
204669
184884
140128
212667
199208
255662
234079
176310
226214
259299
248735
273751
248200
178462
269546
214365
146032
269790
187806
174895
272912
144505
200341
161037
182086
155570
176054
174935
149810
223066
263703
273914
165748
242008
180043
257989
229488
203851
168288
225741
212853
157750
234794
262144
142460
274114
260426
203389
151135
257198
239948
169235
204153
246440
150142
183761
151536
206207
156392
154891
162237
248223
168464
252374
152591
265344
245949
190695
249344
143681
203364
265435
264336
248187
232198
151423
174878
226185
145490
231433
161616
228980
232254
156173
150096
231172
247016
166334
167486
244822
230687
195504
198158
216038
238886
274411
167772
149657
194494
179024
210141
189086
199544
270221
157103
242359
193983
213767
181019
186279
271517
254459
226812
179784
231352
145419
186088
176942
211971
188094
260613
163786
181285
173280
191562
218642
208834
205159
140384
167175
240420
180684
209046
140705
149341
194998
139211
244067
202867
143711
178926
158149
193794
212634
235799
185314
157583
172974
225234
195079
157309
218110
227464
191493
155268
197540
177038
249571
161405
198696
271867
177669
163018
191458
260090
200162
239437
188467
165983
146364
171415
227148
158593
155257
149961
164039
251255
185921
167403
235696
212815
226539
254085
171072
153427
233211
215999
213462
239740
166420
270360
150029
274038
260778
192742
247094
250773
236075
151760
213634
159760
186083
192055
235791
179800
232765
216998
205484
236275
263983
241037
214515
158877
161924
214424
190390
249378
268545
151161
140242
145762
192620
149293
263619
252358
250096
150433
240166
202858
183541
263356
236303
189560
142862
198470
141069
244596
236403
182790
191207
165719
198877
140655
178116
174950
225646
214480
228802
173207
160913
243832
271810
238353
154191
158921
245502
159098
170850
245399
179806
183088
257436
263095
149757
181513
209238
245638
234098
244265
248833
227334
143096
197230
187385
188318
198268
203137
185496
236072
260835
265197
237248
273877
262770
232898
251610
259410
175362
186679
197904
213530
223612
200889
177174
192023
218004
150384
261886
269093
237351
162362
189775
245396
157742
270405
240930
226224
213520
269220
177558
238145
239910
212030
223707
170364
158611
258945
254838
247480
241167
163759
257113
197358
246058
185601
151443
195265
161980
254289
177913
215435
255807
235199
144688
247605
149394
224278
208838
258777
220780
172911
254712
202664
210840
211768
180974
186391
154426
228693
188295
238636
209411
167249
150490
188664
222840
233694
236714
218454
191646
168308
203440
191372
201533
233356
191507
154720
153793
216787
215518
144274
173817
251039
261216
272665
247057
230652
164291
211255
261079
144886
216486
162227
220309
202665
208158
209379
198688
150166
237185
154353
253572
147633
166039
154374
196652
215039
270772
158174
243029
250302
161592
177058
229662
154051
239777
151873
162885
256231
183833
185618
257557
227045
144488
200719
263005
264475
243865
179525
172409
151949
139826
144549
255047
215642
190428
199704
171894
184179
248749
160999
203659
258976
195470
246428
205931
220769
144251
192220
183937
210792
190846
231189
166025
249214
258683
242341
188801
215245
194132
143623
201342
213511
265747
228235
171477
206633
221586
180700
189436
206201
219993
244752
163977
209615
185061
145743
196423
236577
259547
203084
164278
210818
266560
174724
224774
265229
267074
196670
144193
266612
211452
236501
204116
259679
139862
156547
213891
219330
189567
240582
235453
188930
212762
233677
193940
182312
264263
246600
182600
251047
188848
242959
200449
254039
142861
206115
156137
257165
180425
166967
163615
225272
217717
264729
146532
267990
205106
150458
177267
141962
244754
144000
152294
265477
163654
180875
234561
182810
190998
251971
266937
272606
156008
142152
223206
242798
266694
177657
207217
209639
262338
138547
176224
202760
139241
154985
203924
221113
207015
268552
230513
250596
183411
237834
163213
257143
251531
199854
265921
183825
232042
199521
161550
138141
236227
254193
268119
194713
146665
229718
170248
148627
250091
212213
160637
267387
230113
238857
214660
196662
219012
190845
154492
257063
166749
177149
192413
163133
269976
203655
256030
266304
215446
265426
231048
245140
245807
194717
212794
138867
184098
183447
244573
241137
209621
268286
183532
253468
203786
178103
227742
273127
162511
227755
224333
247069
155418
167564
167261
140021
158673
246744
142256
152283
260110
241540
240475
221640
204266
228431
241952
198125
140510
255629
261505
224555
183204
154338
176816
234893
236474
178351
194701
246013
230573
173691
149940
191724
265794
255095
241271
165421
254721
169690
209305
256585
218660
243313
249586
208301
246302
225305
221366
153273
139167
205527
184108
196870
222304
227327
174558
229699
167360
211156
251158
262300
140050
225060
234931
198596
220393
178222
153360
179195
257859
202805
161518
235615
156041
140370
243410
182222
201613
232092
148248
158349
234713
212533
242180
161798
255231
267324
167570
220272
241032
237460
236970
240953
232016
250841
167231
220777
207793
225540
200892
244980
271032
191590
223198
246854
227424
186634
164662
232251
162553
140546
162357
272381
241456
234057
266375
234804
255838
191631
164190
235404
158156
228836
201015
162933
192329
261904
253761
170903
264869
193501
197840
153709
223360
267587
214590
269365
165515
173458
208892
144975
157486
250298
245943
258395
154166
160685
141554
179067
249146
230245
173444
213830
162465
176886
195807
249028
184840
153390
220909
256528
246135
143014
232958
257830
248439
239157
271260
146868
168039
164287
239524
249856
202422
247686
201839
193347
212719
154288
183288
233687
186597
268470
192031
261057
169019
147358
265401
210182
240872
225387
157115
223307
273752
208574
177631
195716
147245
170094
212471
192560
194391
243009
187572
225636
252678
147491
230400
254885
165013
239336
235695
257236
140871
261333
140481
270183
142897
149665
145046
265617
265245
172173
148468
236969
222150
196337
257188
150063
240756
221326
224969
203853
142388
265260
266539
146099
244851
258732
177470
198350
183603
198770
202580
268647
255295
232070
212039
173683
180213
265407
228832
260062
261393
189962
171088
268867
184308
207602
204785
202660
172326
237353
163634
233461
192761
269869
203308
193042
230024
235572
204056
144583
239006
268968
138352
153913
201967
163169
244323
158393
211930
158900
198202
179415
258477
217711
156170
215050
239745
139394
170245
140235
253613
235374
194113
227281
195825
183722
182954
145922
175130
240042
219668
159252
244689
261265
173262
229731
174192
151355
153131
204924
141020
196938
195833
201273
139798
189191
179675
201886
147208
196542
204538
272505
149286
158732
251633
237250
145526
196842
268471
152697
266362
157406
271966
246047
224547
203189
221705
199211
199030
235941
171023
169586
159154
163710
179527
268577
205553
150037
129559
176039
189488
207181
233595
252775
144192
177381
262945
270366
180492
148723
225041
261948
266487
191089
150294
250941
220188
227881
220447
180459
200767
164684
272489
254941
184214
221274
141126
228876
153867
228407
255510
171501
236833
193486
191358
269696
245033
234063
220273
154667
226251
190367
151700
199337
250331
273079
233523
182473
260666
221305
177015
237819
241115
226131
211014
264086
261561
174399
190622
176689
155955
148180
156881
192858
151268
252013
252561
156669
261095
261000
176981
183687
202454
198805
229386
224469
237721
171917
174414
141508
215543
257292
238215
215653
215867
212398
163998
213957
187985
167008
189911
229434
259641
248960
250982
172562
169592
262033
138514
238806
268755
152651
228148
151690
193496
152164
243581
159475
268264
195026
143839
255041
155566
185448
190020
180366
257545
237531
149301
255855
267190
218097
216480
176565
236663
177721
143093
140718
152355
164937
268937
210544
203649
260832
240293
216098
175440
148459
164779
140065
260420
191909
258377
143450
254292
274242
151111
230008
141063
201781
220271
199766
151955
181316
245549
244393
146454
181993
260992
255269
265235
266785
178124
138959
210410
201818
244860
159541
216825
247434
218410
261579
190446
215305
266713
142536
242438
233805
257770
214616
144112
206925
202433
242154
217866
237313
145304
195509
268358
263649
226530
231926
177133
175287
203716
145531
148956
195759
197165
261918
238245
244421
187367
188931
263575
243837
270761
268825
273563
168806
213314
164642
230388
141336
173840
238458
257017
229937
211990
202532
170054
255343
168839
149289
180670
216881
145214
267524
270356
158030
228944
180310
240344
268036
219069
217466
251788
249124
152745
183789
169219
269921
239640
215411
261228
187706
208991
187241
218763
160440
158889
140985
201450
221854
153245
198284
145960
208719
177046
271371
152366
192916
217762
213778
209056
220975
259957
251563
264895
158812
143649
196324
226266
236974
148179
229191
146177
228909
230525
199244
238250
264714
158334
176742
204504
150481
197687
191094
253804
246042
190948
256760
223228
209694
245666
173423
254524
157873
142751
169706
233198
158298
199046
222134
173906
199298
184133
162086
199468
233035
212192
187154
270615
159501
212440
191080
182050
239150
263151
148849
166119
250981
161397
202668
201403
170838
228239
154524
272657
163486
218766
161902
245860
239059
188854
179524
152516
265717
195252
252670
166674
144696
177119
188935
159798
201682
228025
262637
266765
247410
244375
220012
236081
174543
272568
244533
214610
156241
179583
206018
243608
221229
143290
218364
190858
221895
167979
172128
249723
184235
167984
198971
218082
152973
266578
230811
144232
273913
273225
228834
188823
228560
164978
164576
192596
272557
165329
203344
229128
212601
233958
179514
146276
182745
251272
147804
220726
264496
140944
246970
231678
244364
169545
246061
257764
173891
147660
205431
233504
273507
186480
164833
235302
173639
186946
197051
154246
145003
221219
257324
264847
165924
188948
162870
182871
233194
218892
230987
194641
260678
185481
261255
157980
223529
208458
258090
236796
268750
173352
191437
214333
150410
263059
175167
164469
202669
157612
230436
240608
143318
220907
151872
198556
168812
221285
167582
191990
179982
171936
213603
154801
189286
147190
168807
272061
247038
138395
154209
240565
246223
253624
195915
186600
138422
167328
161991
242308
254297
272329
222174
148698
215011
141034
183719
249059
200158
184496
177131
181208
147214
138825
170132
247989
173160
236328
251734
242433
189740
146264
161850
261816
149522
208432
227664
185406
222340
199897
268953
245475
248176
162200
174819
261506
207346
254490
262022
257199
237661
257409
146542
234911
142854
251558
196802
268576
253798
269187
171910
155734
226403
267638
246758
169018
214965
231962
192142
231591
222903
213502
193287
163580
177757
147832
257813
166215
260468
235771
236121
259799
270853
255244
197481
242345
238147
184387
155903
145727
243292
239372
215776
246900
177064
177263
268783
150728
203242
242056
182035
244700
228054
202273
267593
158225
228925
265746
246278
141286
216306
219776
170505
167133
195410
158585
206781
147933
140251
191357
141585
172298
147142
225040
228218
188688
246354
160051
220484
158130
220655
203555
249496
136657
207998
269424
223771
269588
268449
247404
196966
264005
201064
188705
239646
258069
143670
163773
251215
249354
142699
142789
212209
231262
212422
147563
183877
162725
251218
201653
197699
166167
159441
243567
227398
253915
213555
230694
149144
243590
159216
191564
152203
212852
212618
233111
167458
160591
175095
195146
199717
191145
164913
247287
258874
245516
218634
139423
183119
224661
168655
192684
138531
194978
235281
244290
232570
167420
167505
156974
207813
225857
166743
242117
261708
258967
175951
176041
162892
251642
170681
176399
164752
170453
181044
269092
186676
231853
230200
176960
162606
149115
211393
230301
188687
189553
260241
205494
259386
233675
251646
236883
160814
270828
165192
216562
188506
239282
144284
167533
226913
267538
267126
207723
150617
233394
199470
139254
222529
151609
204170
201594
238347
210924
144805
199144
162747
203441
230676
268673
270962
266414
227261
142936
210888
250834
218448
223667
242867
151195
202081
156591
238893
235101
179049
164314
231837
155887
169051
145568
244029
191181
164839
187668
218597
210644
244259
228447
158403
150603
273101
142797
187113
263927
171132
158469
238918
261350
264987
166756
188059
204137
148164
266843
250744
178030
168551
173340
142834
141898
246698
229814
188628
170822
202268
169893
258361
208911
220404
249844
167183
268875
190619
163799
181884
232492
255653
209964
164919
155096
252319
202281
273825
204754
230820
260923
203315
181984
265844
185791
257919
172195
226159
258226
217328
251197
138941
239379
255796
140911
138849
154595
259221
204801
180819
187710
203490
209635
236487
248425
169119
178537
199644
210930
235989
236367
148652
140812
208462
167066
236856
267027
223963
241803
251079
227267
170883
266636
208875
174496
166837
243447
145734
200632
212020
188947
155229
216547
200378
153773
201439
241469
140253
229207
216209
273497
192039
213393
232038
221236
146133
266724
161403
248596
221299
244376
183063
251839
256305
253276
207052
212765
199640
211563
183256
193127
187255
190395
247262
158172
208711
171414
229110
219443
227561
171375
196646
237884
249247
151995
140975
156946
253643
160944
152398
182808
253686
176145
148098
273792
157618
235997
262364
235243
160650
166416
180830
147685
164751
142579
148306
149953
235014
244761
182356
201554
215272
203245
165788
203758
217930
211293
177824
201708
201075
260888
235108
204426
162257
192246
206584
141429
160767
196834
171928
145391
159122
178851
267704
246917
164704
263526
237980
223336
203800
271920
184257
243184
201697
228466
265675
219489
248776
163835
203469
186082
170583
191055
239730
167493
146020
250524
183911
150650
156260
182328
170572
261136
218067
218175
214489
150795
161452
206085
181061
181494
232011
221637
207985
141178
234368
178406
270723
181347
155991
254751
222775
249888
156650
152559
232563
190654
189835
212047
160436
187801
246155
262089
189643
176710
238599
142144
209622
222181
212252
264303
224666
244834
147216
159052
222560
263942
251798
195298
180651
165868
201639
229487
251925
194246
195353
252258
245701
141078
183511
239124
144600
261406
206857
177067
153036
263457
203005
153127
253298
221967
256213
165328
258401
273522
247412
157652
273715
210959
220421
146116
175930
237332
181820
182787
260016
166490
206831
148582
258329
201432
165573
168298
238072
267622
214846
210411
183793
246296
253422
234176
214395
208128
197662
224005
209663
246783
267395
188672
269779
199331
159759
241341
178712
153970
143883
201426
179130
256485
241707
162413
225107
150360
242030
158263
180423
188982
220095
175775
221399
227743
204682
139212
201677
198767
214210
220980
157366
186268
236252
241378
239992
143352
238623
243030
164672
247223
142632
227228
158499
202364
186123
259890
240774
216379
265985
262394
169970
193575
241120
143000
263099
273552
186373
195454
186168
147945
232534
245726
153560
181714
181801
149268
155086
238318
149807
250628
155239
223762
191022
229051
232804
212898
176636
166323
249697
229010
200786
247451
256258
202488
152016
188351
208631
259438
273387
160726
162084
139654
181100
180354
256011
205572
157687
217231
155508
211240
185029
273094
181109
144354
216238
192016
238403
153903
149719
254810
225794
202808
240635
162337
243877
207655
163527
145099
248416
212562
253642
262091
247700
198730
148385
200975
164365
163534
248980
227047
265092
252501
250800
201047
234966
158065
239855
146988
259941
271255
226804
238696
143214
144977
158643
179456
205142
226274
138157
273798
254725
206888
237453
178928
228777
162079
166902
193987
202244
186637
237065
184743
219686
269465
145870
254620
149238
212894
148657
230465
219058
145726
261427
267903
219229
272088
261035
176807
158907
265517
161663
249756
269123
229163
156105
200696
266684
165548
217783
213414
225257
214526
181529
216156
259018
271727
178172
219520
261054
150757
243509
216184
146632
221172
271198
150203
162662
215613
197147
165624
181531
252481
149856
273628
178089
267508
221898
194627
251395
215198
185372
146837
149274
224752
161708
270190
229827
247095
229907
165745
266812
222590
208062
236639
256229
195465
255307
143838
172590
193352
225213
271386
190158
143999
185226
204783
200659
264645
226053
241950
156279
223631
223987
260974
271152
187221
175618
252609
247193
183454
215461
221458
229217
185632
172313
140816
187783
153731
263455
186423
232236
212448
154365
189458
152056
200423
148377
240285
201724
253939
260466
167106
250196
164419
219225
207046
165857
256810
183924
183992
180064
174037
228459
166418
139218
176036
260575
225035
258196
252971
191028
200905
251728
174148
237544
160484
211757
247380
189387
140924
210861
140022
185839
173220
186747
144152
145527
272621
154156
188363
257064
238564
159394
241792
206693
150187
243226
250445
156644
271959
152990
222225
146228
180241
195666
261253
225017
211656
144815
222993
248143
210224
165514
172093
145738
265419
146634
259638
240454
226230
164209
228042
226284
148479
256962
267797
148031
246078
142827
225720
210484
178126
262340
159783
205856
245990
182728
152662
253967
253818
199076
161899
274133
234693
202215
230288
188406
193996
165982
273562
226795
185579
189379
165050
168316
165560
272250
160312
181418
192259
143640
147378
250784
183106
173944
189573
158160
247856
169613
270287
245653
271239
259723
178291
192547
146661
238621
139107
190439
186180
151179
150369
177847
198659
155525
170287
165963
167965
202795
246827
175646
266547
217560
268706
208825
156719
202586
256279
190080
262595
270467
257467
151416
182248
219368
163522
234158
166812
166026
141846
161728
222044
162735
167632
141763
268272
233075
238259
150940
232310
195260
195272
201523
246838
249825
169217
207616
143182
243235
192335
159439
248770
170495
271122
149801
240039
167337
251806
191407
164453
196688
258586
178876
161492
140343
195496
247662
243588
219483
160175
153377
218446
244408
199061
248117
206957
224386
187414
272108
144884
232406
257206
139817
252924
240443
203518
146022
235150
167395
210235
233039
272345
193388
263525
190191
146409
149875
197281
274334
144266
142981
207277
176920
229256
222201
210283
180794
218329
192414
214944
145389
252372
170758
186621
140294
261269
247326
148604
142904
220209
233520
167232
228996
139836
166108
167793
220931
273138
182386
151282
242847
187159
198972
154505
168973
227337
225782
152991
204635
197731
256021
266634
218483
149863
194982
178540
143525
170770
192483
179198
158990
270794
196200
231167
270940
184509
178234
196303
157327
255907
221097
229577
142466
217661
215979
152253
242297
223627
189582
152582
232219
197942
233036
164317
151150
166828
243993
265565
241650
169043
221233
244722
170093
245234
268563
207111
241312
233587
168822
183399
231351
213947
159343
140919
181532
263894
148980
239238
246536
159912
228955
140589
273181
157177
211575
161636
171156
194175
181465
271710
170520
216971
259505
211892
185901
201214
227004
184576
273783
165779
194042
166591
143321
207964
238005
239736
213450
226311
161384
213777
160151
227171
271262
144056
227057
165987
147187
268267
160453
242772
186997
178802
247958
197949
244385
145713
169689
139791
231198
216892
161846
230359
235658
142485
258243
263392
215430
243500
200234
256752
206071
147697
187436
251776
198190
181975
240624
152221
269168
229705
185881
199322
234207
193402
253474
185464
195264
156120
145475
185186
185604
154784
189066
145499
259993
168904
143521
212553
267118
162066
169942
190019
150674
162926
261058
206553
196517
214794
234636
215652
184493
268203
201910
264402
138839
186537
230416
248389
220555
156811
175985
270537
271943
172011
187958
208943
249885
272593
224724
261583
164011
206714
166681
237765
176963
245087
256211
187834
252653
164710
258670
238714
149254
169522
247833
232458
167805
204062
226516
180908
148409
265322
139615
272613
154092
148873
220114
250656
204884
270740
268877
241331
201770
203845
240027
203747
219369
246963
218182
253342
224747
238356
232348
151811
194105
207525
180798
240305
218373
227959
199529
215662
178203
155893
253901
140891
180514
201512
170143
199082
186995
231694
162076
261442
233584
270660
147545
167216
170385
272223
218554
148859
269461
161751
250487
269877
213919
204029
206168
228214
212450
246601
155392
171573
197701
268110
171265
168519
247649
241777
141040
205720
250274
270988
166376
219637
262779
225429
184559
193013
248392
244957
197535
215367
172568
240205
156123
156018
141867
269023
140444
248239
267826
188773
257035
175035
255442
254706
228067
263796
237189
238266
155775
242200
159523
192299
146186
244880
192528
215868
153054
156931
204725
246454
215479
209840
229549
143513
229614
142788
243451
174811
244726
169368
236784
153554
189994
142903
180702
215024
273056
256033
268455
274331
252703
194682
214920
232928
195224
180749
164188
169799
268984
156884
173528
188303
167967
244615
231512
259736
179749
209355
196139
207237
164265
169832
203530
152614
247586
204081
202479
246027
222928
251868
226720
233318
157813
213967
210074
185071
197802
267673
210068
168874
269416
158796
206547
150653
256629
167302
169160
263573
236364
201951
257296
266581
243139
223245
193765
257062
192541
149150
252047
212021
265594
259779
148729
264025
237718
142917
209861
190790
238581
213152
192911
154838
254587
158944
139442
144034
144785
252286
142583
165902
185900
175256
272738
184902
191482
184124
206257
146605
183653
198742
242569
271115
142762
216191
144066
249350
236928
146294
226765
166690
249241
266117
172461
250752
205522
191142
172739
181103
226611
156328
263431
265228
151188
205346
260704
193759
184673
170000
239844
164885
213294
222744
251347
190664
188495
253711
156298
176651
254355
157397
192412
148829
202674
227606
190181
185706
200408
251556
199722
183423
207831
196030
209258
190285
180090
247699
254829
151325
216908
256310
167744
143231
173415
209019
212654
230597
248666
164345
151398
189698
149252
223905
230456
235564
159942
160030
176948
177695
266818
216066
148996
195027
145725
246255
183508
186404
249876
208106
213813
148083
204791
247990
261968
196137
163295
212137
200574
154767
220885
149031
204824
145971
145217
213498
149694
179921
272995
164241
234283
147193
215394
178881
144508
173397
231061
206388
257724
146794
189358
174133
168609
210770
259978
192677
196831
209842
246203
260456
248077
257866
262289
237668
238809
157041
156481
216205
253636
144263
178389
231789
177372
215624
147316
200484
221028
195086
202618
177241
201378
273612
212786
247580
179814
218972
145455
153480
232094
183730
138267
172228
267527
163980
222353
271598
161410
180947
251760
271691
163062
209644
200654
265189
152047
181410
172927
187319
262927
173672
212193
260153
164113
268095
190642
144310
235831
141645
235701
190920
159854
162874
229838
186845
178466
250526
215066
250903
217585
192207
196873
218377
166309
208236
245951
193279
169601
158215
224039
231335
168595
208851
213331
184155
248697
216201
201625
193484
224304
259952
221397
247632
255886
239129
204571
170053
258306
263216
174196
205627
224191
192591
262323
266282
244566
214759
234637
267170
199737
164774
198599
145608
175290
148503
194413
206557
267362
149350
244511
176590
154893
219454
203813
151413
200515
209406
200828
253828
264835
169563
216533
159211
236289
188021
218221
235716
154151
240680
161738
254483
234171
191441
231435
198076
154342
265081
242390
252979
192704
170071
223351
197033
181709
152177
218177
146235
221392
174468
250413
144026
225714
183912
180763
263499
206947
145053
250614
231248
225876
170614
199828
195461
214044
203122
215755
219907
270568
266696
207856
166901
208104
193532
186003
175562
205593
254951
240190
207767
225056
191539
218963
203856
156177
267002
141610
266809
249933
245908
156704
139591
250426
143175
170486
168304
213595
165756
213097
213711
244392
189971
168504
171522
256819
154690
207280
151818
215259
226309
148350
268042
240317
159907
157166
184463
155753
204274
260283
258774
222206
253547
214274
184577
169600
196054
247773
235576
235131
153253
196446
171222
158370
151899
209768
174444
186359
171540
190431
176763
216529
145794
204909
233823
181217
183657
140789
154144
170398
229560
204949
237214
238342
154154
213608
146096
273442
164408
198611
226011
180315
270500
195527
214607
203419
182827
241413
171461
240997
164456
261248
215654
193258
265811
244580
233133
227958
211729
175907
228021
177066
175176
165750
173154
238819
220275
159054
164760
257497
142137
195800
267275
181870
154754
221531
166689
166623
203921
216455
256249
202115
198033
217739
190049
160213
179573
260073
237832
158104
253959
166523
239399
188239
254573
170882
256749
239525
227694
152845
213253
251516
153570
148812
223839
195141
155938
230907
272578
171362
190330
225594
139457
245017
167554
239661
175972
138881
236323
172217
235463
221396
144820
245108
154459
158209
268197
212101
159101
187542
159967
193633
143840
194702
181413
183531
201993
204261
228730
169296
166457
210600
171159
218353
192014
160418
192678
212844
259681
267397
166904
189524
227268
140724
213857
196356
208346
230468
180926
166035
156549
240312
245695
153391
199104
236725
142832
273664
224755
191402
225542
160536
193527
196263
271844
202973
182945
222448
238754
261274
214396
225251
150996
203302
204662
178798
182455
175506
201580
147714
153419
218266
184517
272030
226433
146755
195254
230232
249256
273325
227173
220479
233406
202713
247923
202529
207717
220054
148868
237105
168163
222168
235963
142548
210627
233839
164431
218032
197796
243725
249635
247839
198821
144027
267381
238019
249659
267610
155467
177765
161942
193131
150627
214331
178860
216189
210852
234407
238216
222689
272078
236250
186895
233273
272601
215836
204702
263178
237054
205510
255378
188955
186116
189315
181181
227222
154069
248321
238619
189889
246019
147049
228823
269758
177602
206313
152382
203294
258294
185038
203633
237268
188310
191031
195226
184540
180628
220079
164350
260530
220901
226264
203510
224399
179553
218317
189729
239078
246829
241068
250846
216410
212305
191659
159991
265028
166990
201509
251167
157427
174868
273327
269846
223226
155311
239702
148122
150077
153823
179995
259624
143208
164953
231519
159620
214867
261839
159482
258591
166428
232609
256637
141036
187785
199194
260710
209671
158310
202264
251466
226860
261140
245387
249952
272637
209827
210546
229183
198875
231489
256031
214958
237820
210983
149493
193332
254755
161524
214769
203692
256079
230575
138689
219872
140758
198317
193471
204144
195776
257888
199008
217736
147967
223216
227509
209089
244326
240100
240877
141294
206162
221303
153727
141205
218958
273001
200495
156110
176799
255274
227284
268725
175494
181093
157170
155001
143789
221617
188267
138847
197244
270715
233068
171380
217448
191766
155524
195231
270144
216350
202499
173377
249416
161579
269655
231297
229105
250468
265922
212319
256491
177714
190520
181575
225126
176182
159330
175643
272259
252516
210409
224112
143348
160147
226707
211804
196272
260236
213156
163677
163389
264001
233628
181188
183505
160874
253831
170231
177185
253393
241396
188007
264491
250964
227248
220169
249290
233124
162828
228323
193655
143300
259530
145799
266998
263995
149408
245927
160372
256681
139081
252553
241091
225947
144739
270091
237171
244821
242302
241753
235474
211164
235631
193641
158495
143763
186143
259127
230968
232742
184798
258503
268987
197903
151303
214906
193476
188416
154168
177285
230142
175826
255899
263353
222200
185081
196012
147955
141347
244406
211677
230217
239853
207770
155401
214644
254215
261647
161954
194704
271885
140304
229709
216716
162402
143064
184025
242486
273040
227005
155728
271610
250272
205042
258007
227036
212620
257861
263892
266789
256103
234948
157540
209522
228602
229537
139543
232955
204506
207992
213495
194742
165383
213365
139273
260694
271766
243633
160575
169050
223235
215371
202861
245661
242190
273244
201041
171957
223096
234761
212717
148761
174871
254709
223696
189250
154088
183534
155580
177377
188813
222500
201115
166396
249599
223317
201646
140572
178194
178906
176393
218229
170016
179546
231932
174400
160169
214501
190480
148440
251809
266822
143423
194615
178233
218965
144695
170515
149529
208381
185336
182448
203634
265427
264566
147444
269944
191259
161920
185539
194446
165413
227586
193090
223386
195562
173100
201131
195024
234599
259984
169288
211519
266604
263902
185609
200439
152240
217780
141312
199868
186133
170222
194186
217679
162341
186999
248189
154878
182789
182026
246788
234535
171122
162948
254908
218206
224435
224071
195405
262157
193898
228252
222469
177821
218122
251061
230682
270939
173123
139479
176091
168907
248951
247294
240251
156364
171398
171809
170260
180899
236655
180177
264548
256719
227970
186388
175699
217060
262661
224266
150922
252957
226584
229919
162613
270305
194715
253323
253905
270403
163958
239281
206842
140177
162822
235327
198001
161124
256330
256163
248989
212404
270708
181059
226734
242122
181627
220411
207254
226060
177452
169226
267745
269767
139541
233294
157011
256921
141076
256708
251587
193671
198172
199770
194836
168017
221849
207077
243811
172384
178226
150448
141785
185590
166923
150057
215949
211266
149850
213746
152607
143688
208743
179345
146161
255058
188304
204863
250880
169549
207487
140490
152838
177950
243869
170106
250128
271985
267868
182916
222455
245101
253838
159749
202427
262140
151163
170666
270782
200685
161574
273742
269533
151265
194081
143395
227196
235071
250250
157254
233247
205171
167953
149878
257443
205344
144538
193531
200890
160178
231054
262924
190032
244949
178465
173010
195016
189081
141235
147520
225327
179153
158514
229280
183975
146644
262868
253187
242454
231337
263238
230624
273371
187809
232099
257558
239091
139868
245755
174235
265841
201634
178652
157675
250716
253103
230381
166480
230983
192711
150519
218405
139368
203517
203558
164666
171896
235756
256626
140328
184331
272698
183961
269946
267678
182105
206376
160137
185938
151152
253515
260847
172544
239791
246800
178373
213930
160083
232592
164565
221738
244296
183902
215853
152830
204921
264836
174679
161235
174770
271338
196929
271730
156523
167219
170203
219897
198286
204822
258720
175773
195804
139270
267931
149884
230096
140672
143244
217427
189496
163690
176187
238772
221004
229916
182429
234341
236033
186473
254915
154816
171720
158080
138843
176573
179405
190893
147375
229000
266557
147141
174043
154339
258613
198392
165160
245002
267765
235501
184533
166079
187616
240498
161306
226552
267984
153561
258979
251575
201017
245111
225368
183321
174323
206834
245867
224760
257973
179726
254066
273860
229672
268811
270929
240186
148219
168714
167957
242699
219014
143603
241811
156654
190290
210555
220379
224723
233079
212744
153586
151784
220428
215088
165393
165051
177538
180939
211946
150474
192579
220397
174979
191368
162498
273111
254108
205403
147943
149433
250255
192774
181748
154210
265439
183585
148142
146241
169987
246261
257812
238242
169318
191826
254411
227272
144937
234373
197282
203947
140963
273957
214575
162085
216125
243665
250355
208323
249168
245009
235869
261105
169789
231018
208252
193050
213658
220802
156060
233250
167097
154418
185298
175039
195553
157328
161499
185507
271846
202211
180487
182044
188219
264246
150683
229657
200887
236524
258728
200358
212698
218135
216576
193723
171054
191308
189179
262920
260170
142946
184391
235943
164835
193514
180898
144811
141378
266587
265905
242905
230426
153985
215370
139489
168230
141579
205791
250633
249687
164823
188684
156678
220467
205422
221997
153479
240202
198948
143532
203639
264043
181314
143317
170085
243654
174120
223193
271289
169357
216467
181027
233208
144680
197423
270394
192323
184960
165621
138613
236469
187841
163721
146760
218083
153550
163468
150317
227132
180335
219036
168495
221116
260685
167774
138992
274085
151299
155526
189417
219219
166111
219708
220132
230077
252356
170165
261109
271349
174626
148809
145106
187105
180827
198843
152596
140404
221039
239565
252175
171570
188306
168715
184935
184342
209531
161587
177930
146290
195258
166147
198936
179880
158092
266197
195638
208029
254830
250090
252995
207807
270758
229347
177124
230014
254846
184018
209809
252297
141855
176279
267946
254819
183675
200924
169016
168687
258388
143887
160802
148042
212893
216659
193638
164692
222807
169295
200770
248672
191189
143941
165551
252785
246909
219532
174510
148277
200037
241577
236146
148731
155609
206138
258951
206787
185800
139516
177418
149299
246437
247774
234655
242131
235604
251072
238796
214431
269880
222137
273606
221744
195930
265255
156944
254164
268233
253902
235954
194026
265316
209341
183071
196551
183537
189393
149347
238118
259287
221605
167665
217387
224842
239178
268018
189605
229381
198517
229058
162742
201104
157123
267026
168111
207731
199744
181492
265282
178086
177937
180075
170441
162647
266856
256510
163490
203161
159311
227893
198342
206088
195855
148926
266059
225595
147497
161309
185826
194302
268538
222236
262573
264339
149190
234094
173511
163588
232604
168425
183681
197644
144425
169645
209013
232422
161147
257721
139332
220392
148378
166200
211431
248066
167542
222523
171790
200528
163579
214505
273131
144933
244423
143802
274351
239342
267105
252805
171513
213875
164429
209231
143310
198600
219626
246711
255476
270414
173872
250696
244335
159873
243817
246636
261909
230431
184991
242115
267917
192144
235187
159717
241552
239373
164312
167715
161911
179653
190534
273163
228230
260573
262629
167137
165317
237008
233547
254409
193708
199391
163155
255633
151028
258856
266805
231896
264619
219754
197958
176849
148845
250029
244760
254374
261964
175065
247538
153085
194299
209145
160357
246039
213337
253417
271434
193370
176011
263192
185408
257341
223513
227340
174728
250391
234385
149137
256597
179636
230312
187718
156714
242149
271432
238004
192505
166782
146492
165555
152702
156142
170725
221910
175459
139731
141089
180161
225618
211026
187538
207381
191162
197742
194911
143433
245847
168476
153418
160071
196720
212332
198315
168387
171514
188794
202090
236398
183574
209880
271318
214730
152850
144484
156208
184757
145400
260446
174807
161154
217965
252354
167524
237123
234613
164792
186242
210915
210420
212871
203724
153514
197768
229760
215022
150633
143094
156147
218220
234708
179930
238646
240122
170900
169839
221474
191341
200244
162894
138539
244968
205653
153689
206581
142377
237801
167426
232350
159327
262919
216434
272056
248163
154624
218602
263257
214487
222906
271243
168726
234666
189043
147209
187732
183381
237728
152145
220208
202495
257458
211745
232268
207926
160607
154677
206796
251068
166539
243807
251055
274206
198681
174632
220760
254146
157610
164173
193497
170383
220546
244870
149407
187322
161003
199034
171995
260168
257821
261820
246081
217650
200026
153159
263315
201024
160390
141841
187330
265311
139555
146470
229888
163346
244245
174009
177260
193473
161957
233672
155704
140462
175450
253294
268988
169447
143011
163764
185027
249774
167196
186749
272316
178263
268453
216951
264648
152999
244792
233328
160230
148342
244691
239137
254579
233816
245799
164250
241425
252043
211139
202328
168135
274193
189895
235350
140319
171130
184145
157244
224229
213269
268261
180418
213605
259084
206515
207855
237665
195958
143135
161904
165403
191177
208007
141601
214643
199393
164439
202044
161820
169644
211395
235730
165272
210659
239768
169936
141223
198919
142745
183978
206599
185025
144911
228599
249384
165577
188222
193301
269019
217076
233332
197589
218762
186464
194373
157672
154579
160115
165492
252813
228249
231866
262736
162644
215159
160077
218323
268346
232175
183142
206685
138573
173022
194602
216067
247064
263985
216720
201360
259668
179159
202635
140097
153417
179552
197948
205374
153045
273285
226389
176235
200469
172288
234985
195727
210066
245288
202314
234503
264733
182221
264940
183259
230210
160680
233882
152397
224770
257701
207431
187345
225247
159769
148240
250140
203377
143615
243192
245024
144938
266922
175049
204184
189346
209730
206263
249468
201420
269569
175858
223970
242104
265938
221539
140840
142134
165512
243563
271184
216316
252197
213516
271487
172978
181070
243294
200004
216984
174483
154931
194359
221968
273085
204290
215280
242059
234970
177198
158718
151449
141329
266585
153935
209144
246323
214420
265337
140716
162345
222306
219207
253302
197004
141933
149240
256154
163281
260581
240955
268405
245338
226855
178064
182472
255768
141523
190909
138900
242493
160290
230095
166975
205448
145632
174433
175162
274061
181277
215325
158817
225443
226002
251309
248514
155043
216270
249984
247445
193493
173427
148330
202377
271425
258421
245174
222229
211340
261818
144057
249693
151987
206307
169566
254762
200544
222113
224053
248358
146775
161885
242998
254518
263744
202053
152311
203601
257577
197636
155340
256191
194353
170821
205085
188652
242876
260072
230506
156924
178571
248295
199215
242499
234702
263401
231842
182036
245355
151450
181523
173978
239305
195604
269029
177752
266554
211848
143240
167423
153077
249424
180042
208440
206299
237618
148538
153318
267751
230394
258528
199509
265272
274316
267601
217195
274395
178408
231281
269238
223009
238881
172980
172552
178812
234324
235050
187557
164327
215986
183679
272921
248410
211771
183418
168081
173670
210405
251761
208547
186007
143006
201782
205329
224501
233724
265321
263413
187603
246771
209758
211472
227942
236617
238283
264661
208328
141203
245958
203190
233049
151153
177399
239569
206218
187210
190829
203099
215683
248983
263326
171960
218391
253945
167479
235085
146886
153102
178404
154468
239317
187510
152797
139745
160344
257536
227314
161982
221308
261657
269831
262967
167931
265542
263593
140202
209179
243704
199586
212243
221792
226476
168024
191071
270124
250722
226450
268728
194775
234460
212906
269897
257048
206881
156112
202998
150470
271470
200846
251486
147199
197431
223751
202589
146366
142869
213489
216165
195506
240703
256117
271392
178880
150803
220440
192390
142592
164869
182207
162083
206571
218379
229413
269459
235290
224307
263130
227068
272164
247185
184472
176629
195956
141534
172679
273257
206099
209916
206282
252966
188815
157663
189504
181648
238597
144022
145376
264286
221889
230868
264375
257654
220191
198540
231140
178284
234701
255322
239617
151032
269133
264387
243554
272751
149750
167666
197534
203117
180296
236539
256407
190802
263388
219683
201982
214589
210016
180271
216648
191966
183318
229439
233865
177501
142852
250894
218677
170274
178288
243620
255164
197921
264603
226813
143738
184505
147410
237792
152661
218125
152512
140179
204524
196488
189155
196206
260630
257378
254799
198406
164204
190201
209332
195122
164255
227438
144478
181792
188349
269138
236019
243053
195550
214988
148595
194817
192491
208946
258891
139843
226191
243412
271196
205676
225581
257875
186548
271009
215222
199716
169682
265198
207303
182273
199459
215135
170652
226084
178525
204923
245089
165967
252288
178748
224250
254601
271856
173130
185729
233112
175359
243462
204683
181577
160822
163629
266435
206977
150485
162131
148427
163085
219569
266767
232246
241418
142961
177507
189005
157222
263444
188184
192226
235205
273011
154904
204903
265779
199578
234116
255854
265580
223996
142479
193642
255253
218066
187477
152993
187840
251133
140327
173581
178342
186981
180806
163157
267609
201031
221702
269606
236756
215452
213185
208291
178359
145184
264995
135838
274224
162543
263373
160393
212158
202559
160140
172411
272292
252780
163142
269545
243133
178903
159115
271962
253132
249338
166356
226712
199261
238184
227029
238851
139757
193564
173682
220172
221355
194198
268701
230369
222841
163797
235920
157874
242441
217919
252045
191838
159462
160307
207716
211637
227489
166735
189872
178676
162397
247643
234787
222271
251913
148206
193055
182422
179046
170826
211223
245058
257727
162203
142481
232020
157526
252349
240151
230585
186305
230712
175995
169333
202158
176797
266355
215316
263885
158778
260517
182366
157498
200728
230105
252624
260194
145652
212204
170062
146314
141153
143527
178138
151731
270769
154389
249177
261118
227031
158538
235132
211265
251157
225645
271653
176404
249575
230398
178158
208435
215314
264761
143652
189035
228647
245067
166232
216949
235353
187273
180688
202022
167549
251174
249174
217680
249190
220729
168258
173153
173526
143959
150995
232598
189901
189291
251739
220920
229376
175594
215171
214139
171773
264212
149869
223164
259945
215935
241028
153692
162036
211186
146770
217633
242479
254209
233878
175986
198139
179331
252522
144991
155478
253436
173489
186646
214442
214509
260633
159404
180623
168681
242227
257713
196858
152223
263801
240770
138567
241841
268829
198400
209036
207341
200138
200140
173292
167118
166170
158625
249216
216575
255976
242352
259814
244611
141192
226645
268258
243784
221152
167148
235994
191670
140151
219775
156079
169777
205684
190491
159237
231142
158396
233761
141279
240637
198026
164224
168433
251691
243864
196040
224929
193403
241994
199320
256938
221434
214609
272788
232366
179885
235905
268768
169798
189777
196971
208677
263124
212861
191322
216090
267401
185545
166925
194831
268030
207579
272530
151227
180289
194505
208335
175143
269022
244182
231356
179855
242060
265185
235123
138787
265409
247802
225396
217904
235431
187533
180092
260403
257672
185566
263709
196045
208619
239072
253796
192400
212212
225188
227418
202953
170910
264127
192214
238442
258714
266841
188329
155718
220322
156069
247468
141303
138360
232676
157087
146369
155071
235633
205555
250310
231057
192315
238962
246481
254359
233562
196796
251472
258898
194250
168721
248340
225948
193826
194402
179805
150782
140771
196602
186326
261414
188340
201771
257580
182692
203431
192161
261897
216460
163127
175316
193343
225267
225393
241563
153713
212720
217141
179944
212514
160520
145897
209534
188357
242129
186192
263690
273933
168237
223602
164964
228574
178986
183322
171889
258858
145176
194043
190487
224923
229086
209034
244081
171873
259746
150889
212109
164558
197775
166914
183426
175648
225375
161217
162506
243241
150350
207564
205496
140766
201688
139609
196768
174279
244122
180816
253140
175739
163107
174693
194221
268996
242919
205389
140448
251141
152188
184946
229082
148532
145497
211160
163442
269302
202256
195215
180474
164012
258768
193222
252281
206066
265155
190099
222703
226220
273016
216208
179960
177439
262095
243907
181957
232578
180519
266657
147067
162823
265829
168256
199401
157704
223682
266465
193183
217529
252402
168752
241321
162905
154083
195601
157477
248112
249277
234058
242615
209653
174016
194344
160860
204684
242282
203909
227727
190292
155493
234028
144041
232790
153960
264319
273306
158012
191628
259344
204282
138954
258024
210090
249807
160261
141346
227809
190444
259627
273643
155225
149535
210515
224792
270593
194078
221501
228382
236973
246721
255925
234508
191451
168084
152742
140221
168527
227293
184220
157578
241765
234328
249606
185985
206575
236465
144626
165980
172557
250497
230340
215578
201960
158127
234017
228961
41252
274076
270163
237452
256136
251138
213921
211441
178911
191428
224621
159846
170352
272266
219383
244705
190726
192375
191920
209140
188629
247753
200876
200615
249750
148195
163740
258256
266325
273275
168047
195667
185013
203318
209204
201148
234248
216219
155010
244309
194729
140058
140778
260538
219097
273297
241785
150942
214976
197475
215460
182577
252896
256380
169150
274318
265465
197455
234281
187160
258673
267520
233278
211900
179606
142636
234790
215213
254001
192370
160050
157339
200782
239580
207542
225422
171052
189097
156113
174879
262974
267877
151405
171853
157520
212263
140470
138507
226296
220144
253769
149892
148487
161402
177147
200760
170615
217907
192973
151230
148597
260837
166845
207134
188872
187240
193375
270045
217213
258206
173263
184091
252193
203271
194794
240240
176803
156493
245777
176939
249530
247690
159176
225013
262933
154961
222404
214078
272097
243876
264744
171687
139361
225930
188961
221672
201753
158954
207892
187671
171090
146540
249579
261127
208273
222422
244438
174780
193876
162062
161799
170513
248347
191020
232834
223993
233879
173300
153065
176837
179353
155443
154377
249738
272707
195542
256522
195857
264152
181182
273779
175096
268818
237948
176830
236461
253682
213390
150994
221911
223599
224106
188658
240784
244200
148606
205032
140493
221522
148510
188840
205880
159089
260274
256835
154936
210763
235411
193625
250268
181469
218680
161729
253618
226192
185823
253923
267578
242650
258786
248946
271467
187429
216915
254855
245870
272900
198551
230239
260198
238628
184892
181127
271587
199788
209845
142088
252179
225477
239965
180801
164066
230841
269192
170665
239002
246400
265579
186686
217343
235242
264813
141761
179128
228122
159956
146961
249526
234416
244765
239873
165116
263440
213283
178236
233309
273376
213110
216942
261959
217300
193040
250734
168774
224634
262715
151209
206139
164707
209185
264211
216368
247620
151332
165959
146687
219381
253237
220161
148675
156963
169638
209925
161420
251013
167380
199414
190676
194624
218534
233654
240504
208032
189636
187119
260912
174732
204762
154323
251171
258765
255435
235919
258301
195920
148607
271722
261457
155374
247378
158050
194278
160840
257849
173233
173856
182304
154764
167708
212649
160576
178139
219406
264095
254234
237367
149035
224612
191941
183614
181350
150285
144715
181189
265065
176449
208768
158715
259924
182657
254764
160138
179983
239198
245263
251345
139510
215658
258852
238443
204715
217554
152341
216902
229132
199499
219009
148911
258631
252201
174966
266990
169986
179466
199475
167413
220420
182191
250795
259589
149527
263489
205202
249096
184223
264071
146102
257732
230916
203936
214297
245306
232249
238508
150943
273345
211285
246325
241848
251922
251588
203366
189782
138927
265005
228052
207611
264183
223130
200800
243271
235879
174494
261099
193232
138264
140695
272317
191068
274198
180381
190807
253096
151425
189970
185996
270700
233314
256196
271285
225580
239643
209227
258062
164510
228918
254451
202507
234643
256091
223799
139916
155324
142768
236689
183459
263597
243026
157317
180625
240437
159999
198849
183214
232606
153282
242564
243596
148648
224977
264251
274115
267691
156303
256710
213797
178888
223673
207344
252830
212323
150671
196507
232073
243497
170073
241683
249282
190462
183472
173959
144551
247384
147733
151612
179753
175968
207478
243229
167879
141902
212540
268324
272427
212991
149046
168131
161117
155269
234585
152645
256625
242081
157637
266141
138192
239879
154670
268621
181597
187363
185488
163893
225353
272301
228272
241500
273120
265810
242032
234678
152071
157644
271707
173216
227643
161429
171932
256264
248350
264913
207388
221438
171129
195462
162484
246082
142105
218350
140373
152273
253760
189411
174103
157022
243947
142164
194582
234099
272895
196588
190278
253801
152750
194178
144526
193995
188563
238170
215886
180975
230348
241653
204183
264261
180728
162625
245583
215458
179030
176789
208884
150202
233747
139542
243189
225789
231593
201146
252338
168884
165027
266088
149287
193601
156556
259361
201680
190482
203410
169551
236158
220547
216858
140743
252773
255625
219358
173599
242646
263545
267832
257151
247516
202630
241945
260408
240012
216969
216828
156720
195519
161840
145335
267793
249577
154167
268224
228685
243099
142790
161947
231873
147835
249604
235784
229327
202949
221989
251999
247115
191100
139957
239857
166804
228783
180301
229258
201144
214163
225617
274297
246823
151055
154854
238306
271224
225936
237491
161251
217982
213254
177591
199225
202408
171137
192968
188081
237515
172507
149421
194452
215565
212289
229931
157622
228922
227631
139460
251704
244749
172933
242286
241013
248922
169782
156933
188810
237839
189154
225231
138733
272255
153139
270701
221717
267871
175243
237946
202330
257092
267583
185876
216114
189594
156765
151583
194291
144795
257367
204269
241736
221095
245972
264748
165776
194601
198435
181929
222952
262413
184637
149203
149182
145951
166982
270731
215481
172416
229951
187386
173958
257983
159248
258132
200663
201184
168075
212538
259892
251681
207622
141782
268265
170507
268168
144200
139672
272676
214618
256203
158631
214165
254236
187571
154934
216483
149080
214417
234210
158496
253973
173027
188816
246160
251845
200550
179240
217790
248668
183558
266426
250523
156307
198958
264143
231275
205349
232555
255340
195611
207138
252192
163972
140845
164442
143358
194300
189859
238724
153168
224561
208514
171626
221931
244210
201568
253400
196732
176154
251791
271502
152589
186341
195021
162561
222395
273482
263795
255772
226352
194576
250859
180255
182292
251290
153736
262039
264701
173920
199996
162616
227218
139780
262499
149923
157215
232489
158623
172364
179132
230164
265126
198729
252058
250153
165151
255757
236726
259476
190576
177540
212946
139773
210448
234348
164015
245941
140355
203764
141313
215056
193190
246892
272828
142119
239974
266978
179256
259307
207049
189747
163876
265980
192949
206856
156641
172489
151702
240976
246754
141622
202471
151296
166650
188584
203391
272972
139858
154946
139466
265503
258345
254672
265355
173895
184485
223546
239561
225993
164824
234839
237302
272976
215953
160172
139650
258417
142337
230137
234379
164556
215445
214901
147825
202506
229164
177004
258360
153617
142312
196737
254430
232338
175214
146630
204033
151974
169390
186545
186203
271595
190202
194434
239128
271249
210894
161237
250965
243251
268808
257116
222143
191664
208879
268373
257837
153663
230659
148655
238081
164968
188005
203644
171308
207492
265172
170198
153357
142879
166446
160252
178566
171120
192249
157085
183111
253596
220083
271017
214662
189339
250074
233421
252283
195830
266222
160655
273858
157844
207082
230577
217239
151110
192527
224725
245791
200885
175279
250406
272032
181224
161336
145261
142552
269381
227514
144873
265639
189792
252450
179684
150761
148836
147914
255990
209470
227991
155063
229839
244715
143418
158869
199567
240534
166481
210252
254701
199906
246345
211257
244983
202644
226616
243901
161255
190298
149854
158256
200811
274089
163609
227322
201603
165682
231490
212784
176811
210654
172790
187051
147065
152378
176621
264141
179098
252639
245648
225692
228224
261062
205821
161461
251273
248804
175156
268434
241701
256455
150422
258253
138313
194165
268242
186687
238920
265481
258932
214657
213047
169396
154864
225299
237519
272773
261892
158278
189168
200987
141730
212751
186536
171733
230602
140690
234748
259472
225561
253014
273398
256758
239440
224016
140907
140110
148027
226307
141754
223819
246499
265043
162649
229553
238244
160116
236952
261747
128190
251532
168549
223552
140654
212241
151222
259116
153334
248611
224396
233854
271847
249898
225367
173969
267486
155048
227714
242945
265957
229511
220845
146213
155548
260169
217981
192772
191961
194727
169923
237710
155572
242137
236006
219445
150698
272905
218560
217318
220799
189945
252618
223928
264223
231304
151715
138996
208906
191905
168927
267952
162443
188856
157163
235188
199396
159587
145407
231024
194003
214761
257611
253995
216684
240412
203223
159839
153183
171143
221806
222447
199922
255424
219312
245512
142431
184839
149784
253430
158166
158993
177616
219657
154309
194093
199206
255259
206655
252669
173311
195854
191012
223519
155193
201611
250495
265858
223001
188934
273401
178245
242899
233970
197527
161141
197811
145402
271951
155828
210143
252743
181729
204191
228270
182606
238816
143438
217352
221183
147944
244966
166941
208866
233753
206167
237904
251308
157738
209597
187532
212082
199236
164498
206356
188835
270457
258079
162502
230512
146857
238705
193829
194219
219696
227026
156585
269103
272441
254923
203926
141322
238402
219877
142272
261952
175579
207064
186951
217855
270325
223946
244602
210272
235181
163219
242023
196761
237247
257351
212646
263156
222700
220560
263515
231980
265331
188843
180269
212921
254371
192250
238166
151093
144749
155339
263017
262219
176959
139705
203900
164723
263419
229520
160698
170642
240897
182405
176634
189157
249436
249799
147271
178060
253805
156563
250608
269273
261378
153965
161542
245178
208649
248521
172838
232097
223094
179069
228298
243423
271461
222941
205881
199630
217670
254564
147857
249306
181060
270575
247835
202040
155641
150558
222030
244113
230605
157061
212111
151611
218357
144952
196916
258058
267858
156915
145630
145861
222931
154145
180737
177570
211899
268504
230047
262026
255043
190187
148850
257071
212203
178970
248400
158284
155872
230404
245885
166646
141231
266842
228729
225366
246463
245608
217237
257527
176839
151922
162419
212046
261512
213234
159279
219936
173108
209640
223478
183446
203266
247936
271753
211421
186020
215390
236659
221385
260671
206519
204186
173322
208626
250001
262382
147457
174654
173372
232064
167959
204348
209042
179196
248868
186609
205849
210998
257243
192437
160176
258607
172915
153203
148455
143792
158319
210895
240303
209975
262487
207495
242789
141575
150910
217932
221313
235835
157142
145050
234983
195338
145347
255819
189409
224022
145891
233061
259241
158331
266945
265857
169208
268972
195518
182403
225678
140415
226822
189943
273636
185975
219266
228227
240075
266559
144295
207562
158454
199736
267111
142564
259724
231045
232699
248164
153580
169776
252180
225950
150624
151914
148748
160437
186048
199179
173432
234771
142444
256586
199971
197410
233452
243477
188276
251478
259883
253000
249689
249552
260819
202556
155123
159212
243812
218600
191190
203375
171419
157839
272378
226853
240015
216773
207893
182061
174741
227926
227367
270404
157987
195865
243311
203208
240666
198206
248846
252503
147414
255179
214119
232112
233370
158456
181815
204306
267202
226206
143504
243069
169220
213238
270958
223744
272186
243999
221337
204312
229712
244414
163848
211151
231946
240342
189092
173799
156498
195418
178360
174767
195629
228220
225530
217377
145110
192035
204811
231911
235635
140350
268425
234473
179545
217893
204569
159157
153678
145055
143461
159009
172294
252625
170868
256385
205041
270775
146042
155191
185108
165568
233244
192789
212706
218728
258432
162765
198751
141214
153842
243741
231229
144523
258141
231429
269116
248146
217282
253367
240514
235613
265113
230594
187018
197752
149055
139179
229041
154793
143398
176759
255085
144134
181068
198320
217524
197099
171885
210301
138617
176791
246702
215029
171939
247809
171009
231380
148361
177257
199025
169140
153772
172721
210013
207755
242388
227278
184126
189103
163940
140517
214182
238644
148451
167653
186630
239603
204167
269073
219333
223221
184057
161098
204522
157353
187005
217463
241257
168860
205157
195955
188110
234450
218626
264611
242124
177205
146300
217731
183121
170491
269766
154826
175656
233554
174928
240734
164300
224049
172804
140518
216484
180505
228491
145550
161139
174435
182145
262134
234919
250888
243769
146033
266665
238600
155148
207789
241531
223636
169111
249469
271516
145448
142085
224686
266292
150877
194252
141219
268371
202696
238968
267424
204423
242206
212335
161829
172906
182838
160330
168301
226054
193322
212996
251713
180482
196752
167452
142389
182014
249341
238292
160262
216844
198876
240757
208750
171916
241682
148716
244276
139495
218428
151429
227818
272818
222911
177597
166633
145259
262853
264750
189607
244597
265743
260247
271037
264537
208610
263857
191624
217951
213046
203960
263581
143066
264301
202527
230087
221835
215511
254539
230433
249044
253086
252895
152726
171433
156684
265701
144235
147806
265019
237776
166331
196415
147999
174582
139521
245293
210509
150777
225983
223888
151233
179964
166574
205808
175710
152654
259166
266315
228634
179082
157307
233500
138247
196230
253930
222725
240803
238919
190373
246002
176012
209701
259478
163314
183352
185616
193720
268010
169953
253259
184113
267152
201421
179700
169570
176338
261268
258969
188009
219234
149272
177720
258054
236452
184912
256311
201598
244230
216520
205006
262908
141621
183353
206027
210116
206111
262580
158780
257502
210490
212552
223169
152694
160953
217299
178509
213779
245689
148771
230061
140941
254426
162295
153121
207377
191132
138823
164284
211312
270666
154481
138365
211470
260563
198668
176637
184895
215429
177544
234466
224911
207928
223606
165291
179259
184499
243986
196531
189507
207838
220024
150012
218636
197915
261224
156589
240615
261225
237276
141492
139923
251490
163919
184452
247905
144475
239337
150115
245144
213882
186106
150932
169127
195750
162338
181266
190521
254378
233851
274283
264957
233602
227198
176949
266097
155181
232703
221473
174995
184412
242148
261396
232261
194803
262656
226124
206971
251277
178355
272608
171745
160070
246648
268919
267199
187398
256297
243415
215303
172903
257330
221720
271774
239805
265024
242538
148197
230204
205863
262850
149596
268921
246229
168214
236886
171580
248759
207663
143144
195109
224855
146745
162784
204751
183604
255395
259463
154250
219597
259489
174772
225211
148194
145054
238544
176033
175600
189253
238912
147725
151557
197642
247349
266727
196042
157960
185541
233659
220963
264638
257761
245765
172705
189825
182956
211788
183843
139629
230121
243544
230791
272107
243079
263944
244990
141130
143584
273042
158936
225688
215444
185867
244814
252065
266582
237790
240736
245012
144374
200856
218307
149260
187502
237575
206455
160221
166658
158919
227825
158739
229608
170008
166711
156688
173656
244181
146997
142360
159207
233604
265039
255220
158257
254990
177442
176132
264643
187430
203169
161020
150890
200412
152676
171729
142188
159159
158234
149427
233856
139932
237121
139449
191716
211671
180499
223695
217800
195102
140576
176197
266870
160623
259418
247716
211056
168626
273856
235324
173527
269324
203568
243038
274179
184686
143897
230162
273556
244317
169393
262317
264981
202029
186202
140170
272340
156408
233266
197670
184462
206969
162032
155639
258428
208304
256342
255222
230315
248466
192617
271132
220113
181864
247271
218211
144318
205327
175834
144917
225851
172465
189468
155584
152569
216960
187252
223570
175158
251479
237615
150784
163367
180394
272771
272644
177911
249747
175006
242453
254605
256487
238187
210159
166031
161809
221406
272971
251981
140367
196525
234765
206629
151566
243293
190463
218746
181283
149251
225590
227935
244900
152277
139204
141468
185373
196083
244548
227534
178012
153197
241886
235096
208707
147552
242554
230758
258312
162738
151154
255501
234359
212561
254693
144473
268976
156571
229299
138400
159333
210084
175799
270735
219247
241751
244778
250942
152401
223284
246805
177393
145114
156380
252546
261323
190891
155968
188319
246113
240905
212888
197700
251875
233866
144943
193679
212287
213566
187966
270997
205330
165461
238367
184322
152482
144153
156441
156087
264466
225927
232376
150580
253255
249947
253297
227972
167304
189804
163086
267181
150426
205814
202893
221893
147498
241159
208191
273765
202911
216335
239935
227519
176331
224405
142270
238456
263101
228058
195177
225200
168473
207490
204305
190795
246534
257153
252636
257045
232423
180496
167750
160815
152422
252217
206785
245061
169853
195164
262642
239413
173523
215972
269888
268596
163516
178560
141229
207427
266297
185090
225792
188012
184818
216766
247348
159543
253890
200216
219627
161802
225071
222864
171621
173609
195641
206206
247798
179853
266825
273930
256875
197367
264435
177738
167558
157257
176743
153746
194937
166785
264298
257597
201869
204857
157776
168354
177647
265071
252869
145351
185803
271894
157717
232947
268933
159665
165920
242376
182418
160821
218223
251302
236909
160872
209573
177063
146303
251767
174450
199114
170414
264122
234016
179189
141185
179529
161030
265020
158176
219682
206801
218358
246584
270521
273740
247504
259512
260486
204189
161918
149763
209096
258757
156122
198632
246742
154063
209866
158617
221104
196169
182921
244478
225791
221737
217720
243134
268159
162474
194050
159723
265013
193866
140800
244975
180357
224617
229368
183625
262562
239287
246802
241169
151887
266704
194156
235602
223611
167352
220422
222128
229448
145026
180238
238582
145947
143499
257345
143754
234265
187567
196167
218113
183544
175686
222315
264417
169451
272822
191391
187153
191833
200043
178518
201116
246813
262446
190901
168594
172521
250036
245000
235819
249118
224467
201126
215700
271416
170809
158972
152602
258425
244882
144214
176344
159055
273867
233951
198619
165534
141222
147396
148271
173502
164989
196234
230065
259615
170723
231324
162692
156431
143377
169057
197878
238281
146167
247969
180406
160135
268540
184548
256074
170314
271977
214750
165301
142577
267843
211836
209292
216338
243279
237617
177554
183283
162947
244748
215822
213609
272982
200779
180467
208781
163242
155949
218349
153193
262126
191517
166594
226943
239716
219052
203064
245657
250958
164991
269999
175447
165351
169249
201681
223595
165773
216710
142314
198674
224885
141495
186071
243382
171162
260909
238313
244507
264156
203679
203502
208022
260842
193066
195261
181115
250706
271014
256261
237416
172168
238327
208941
141639
191200
200555
156219
169802
224358
248084
175919
182129
198762
174221
261868
254730
144855
164246
219832
200597
225077
151331
206396
231177
148394
157608
261180
240133
249907
216435
267116
142580
215998
173057
270260
191491
212163
176847
149531
269958
175010
180124
252030
183272
153319
238624
273830
214035
186763
242968
231845
228222
270018
152298
170306
141619
247456
203481
223446
234639
169520
155013
150319
228103
160395
232301
273727
142332
210440
231210
208985
272562
238850
246840
142326
264056
150195
159881
168103
246268
252752
198059
177938
244492
267004
188613
146212
245291
209391
237104
186125
154612
232363
151338
182294
156657
223927
247647
163051
270774
209387
191249
241717
178958
170311
228565
268741
205927
226701
155354
162424
169472
255715
174711
230731
236862
141635
214793
166063
169243
262379
161695
168568
240700
142191
255152
176862
189829
229254
143578
228171
169720
153038
190571
172991
234465
143905
173893
200175
151489
179185
235224
235194
152938
248895
209973
270661
269251
266351
238219
156870
272680
222252
166168
234105
154804
248047
170746
241888
249891
165016
162988
210971
245803
190690
173576
173077
227176
200497
142482
182114
243952
197694
255263
201800
210042
267151
155511
164222
156838
231016
255446
181891
155472
231446
143923
262915
219220
224275
255602
193051
254000
236379
273947
166221
206215
142575
237019
204388
189523
263541
140366
200705
267574
240593
240334
181028
167575
151810
190228
214603
196576
251684
206180
220365
238813
163447
257306
164099
183566
232574
153737
184041
256410
188969
207310
264888
183770
269017
264618
225274
146917
159864
201077
258706
165644
247477
185394
141298
234573
185239
192019
271154
259348
159165
216265
161790
271401
234452
193883
220249
190701
152871
253037
225573
144830
215843
224710
231648
205559
152885
167958
247303
176805
249013
171318
158448
243921
238683
170080
139197
194896
224097
238352
240199
140431
184203
221494
165128
259963
218581
261400
161167
216594
241446
160445
234330
155357
164518
250286
196516
185734
186114
160676
273303
190914
190951
268857
167867
187180
266102
209271
181753
182454
191248
256994
172879
167929
225793
236923
241662
267365
237156
202301
253293
265180
263919
185209
220878
157392
176525
241775
271622
265684
214932
214129
195510
229491
179201
197430
169542
254797
250195
146244
171643
264765
225284
145352
242578
235379
205411
152756
208088
264345
252897
184076
162168
152619
165922
156259
151829
270982
259420
138348
179372
180627
209717
163669
156895
270112
200711
265224
250554
228968
140429
218090
216683
246073
217588
141736
273417
225336
166988
204392
140418
159177
222165
160853
204214
138366
161654
232255
144898
271631
266033
218667
159104
205168
155930
213761
189910
152526
221045
197503
163243
185858
229192
181782
162749
268731
160250
181485
141019
147259
262197
160142
228282
181831
232904
155007
172880
144579
271978
242212
163329
141162
253911
192803
245173
173151
262574
171798
222702
138420
243797
273670
231492
211451
241504
192464
173128
155840
150666
215675
182032
154302
262480
148107
193544
211772
192342
177107
186825
267671
217755
144189
219873
211142
264262
170339
209428
149052
239542
264725
171017
226927
268053
250402
265069
187142
201204
176538
233984
156803
169734
225193
264762
271992
184148
157733
222191
143767
178807
150042
253390
233345
167519
254780
252925
271590
271915
270696
230738
249370
215919
161246
247780
264549
219458
261789
198682
232487
229222
156331
222159
243826
177100
195031
158488
238279
265798
159729
233927
174116
233337
186608
192983
232913
145842
234947
155507
188102
143803
223408
150717
200604
239794
232312
182981
227721
268897
159385
210842
256741
250766
234337
242794
185605
198695
217518
250332
244044
261915
162937
144059
258045
158142
236954
260343
166271
169511
213933
217537
257032
222170
190959
187449
206649
235812
253109
161909
172021
161163
238012
242805
256804
163040
238635
147904
229720
260151
143977
200253
255333
142459
236095
274336
189881
141165
258065
182000
154440
270724
211617
148364
255964
172709
238063
250450
232895
227402
139383
191638
188045
173690
250667
229229
259732
188397
213230
219869
265698
255989
178552
252566
174260
177555
205203
152380
201780
159537
255014
205413
146964
199223
270594
182079
165593
244698
140902
274397
212056
242383
160751
194282
147822
174747
256270
212351
189094
140667
172054
200994
169179
159195
208541
142120
198277
273174
258164
221687
254647
268231
145464
234201
216921
189756
148398
185709
153693
210021
165172
256160
227466
196527
231415
192030
254945
184105
258724
178468
201425
219891
216155
148437
170990
270548
232546
192856
147437
201631
158576
157816
249861
161500
222257
163413
200409
152994
248214
253377
209955
150161
233472
160198
241808
261488
225910
189031
156051
226680
188116
164280
269780
153429
225490
161994
245883
227680
242139
201830
219954
237557
272021
218325
252169
209946
255196
158848
165901
142939
207820
173631
199558
237359
143086
173568
140209
237246
239448
254512
208221
157416
183986
263507
237573
271342
234258
220181
264462
185330
193034
228181
171512
213220
231660
265505
229570
264763
163663
207631
232824
161649
141899
145957
213817
215694
171583
177332
174324
259336
269512
235098
166208
169824
241704
173157
165542
155748
250441
166621
182350
146595
248579
164370
167032
204456
264674
194020
163151
208493
142808
160572
153683
222146
239606
256470
189146
266445
198669
214758
269926
163581
178548
264527
144400
176104
191472
230422
271658
176320
251740
152707
271936
207436
143212
178917
147356
165893
188127
233087
166770
241554
220470
208682
245877
250254
170379
205398
193235
264784
201831
235962
255915
261851
181326
212971
239008
175297
142671
227654
210455
150435
140704
214162
144529
147994
145955
168494
170993
203143
152212
175973
222739
162995
222375
168542
208642
264769
138292
218776
206582
217546
265925
184992
139538
172734
153857
210750
201992
272717
249499
259840
161681
211022
259578
230940
270967
220593
139620
216870
243597
223106
206565
164921
142235
169129
235461
162367
233586
267586
249389
176418
162839
156023
227230
252953
260340
143873
196267
147648
270002
223132
144738
254899
234159
212583
212781
195708
226442
179730
221722
186606
138279
210869
238810
180790
257107
173520
199983
223157
167407
214719
265324
239344
207968
250637
160581
202394
177609
265652
216738
169470
243097
209235
149015
245835
183394
258572
193176
189284
270461
248091
153358
257523
274265
145109
191575
201822
184120
173975
176267
266673
224979
213466
255283
259985
203823
177687
212380
195964
255913
264742
163760
212830
229745
201892
238526
247443
204335
226074
204240
263114
177019
242641
128295
233994
222774
216127
252483
223041
182629
152110
238334
184221
149566
157021
199843
156499
153048
267824
203274
143592
176875
204621
149984
229290
204772
145708
251246
219765
231620
228393
241153
256935
182965
224025
239707
213292
222632
265342
258224
252155
266053
240274
185134
247385
259263
213712
173822
207154
141335
255804
161177
201802
144689
202896
170470
265149
243775
263109
222755
186872
155152
233830
195794
254977
197134
221821
191571
160101
257860
201741
264476
176585
260248
215667
206682
200776
216437
227342
138699
150418
188020
208792
151543
183824
231894
211793
224998
254206
239357
140509
201257
141580
184983
176142
196911
180363
188557
219598
236099
271063
146592
263909
210812
158443
200509
196995
232922
233164
180026
196103
189356
234288
163236
172220
180661
246776
208803
230613
219416
245437
182840
226944
140192
266452
189223
162399
243650
253837
157447
244869
273591
185429
148711
185500
251021
252328
149496
253570
244899
144064
141139
238341
233450
170872
239501
229277
150654
212238
223814
169428
219649
251985
188767
206586
260607
240889
236859
195622
263488
269993
209104
180427
258655
194006
233287
214621
260881
201165
181663
159533
192787
269228
186918
148274
144909
180621
157794
240742
216965
214285
264702
252112
195784
196046
211185
226241
222663
198240
224421
262696
217153
266376
264758
203290
180609
173516
215753
170835
207043
152148
261817
187498
143118
228325
215309
150336
215183
179061
222508
235179
149267
181006
194170
189761
240319
188093
143282
205638
142146
224851
244458
205030
156532
251067
205131
163711
234160
234768
239061
167839
220055
213403
256986
236488
245199
150972
197507
173256
176325
170645
149594
179498
222886
258879
219689
202436
148034
215145
265510
195809
175102
202785
231243
237647
205921
274303
243787
203680
169353
185966
181258
159507
187282
185829
190258
256367
177737
140516
239764
204061
160539
176273
166004
205442
169193
217445
160146
146412
193029
225304
182897
158554
273486
228702
174154
240094
142323
146068
231041
143899
211013
230303
146373
162652
151967
159962
271675
247214
254782
209835
187607
249797
158113
261517
200384
230464
246641
251637
152644
166058
168545
230085
178453
194245
179966
207916
222671
266584
261362
206902
177288
151992
147052
260370
173897
182885
170640
182572
202643
205249
268290
173204
216891
234629
216442
197753
235137
178868
188064
186740
221964
187978
195740
195651
216555
229556
195019
140173
229037
237536
238651
215941
155831
249607
243601
248224
173411
177617
152572
206970
261236
213012
263367
174432
187183
187793
261320
236924
273476
238830
241968
244402
224588
220836
178588
214518
271398
254530
151674
143255
230020
193707
215181
140953
155749
231227
142607
258464
195014
204750
191589
191790
187565
165059
158359
152833
166792
155051
241539
258292
248808
267516
271994
225708
261634
144209
204895
231014
187977
177122
241680
230393
228347
174027
272165
244844
240488
178962
266753
264727
213736
261055
259371
274270
156775
214268
140010
211760
179340
208016
173689
198261
154965
152877
185217
229694
228256
187920
257411
199869
241910
151438
237381
152717
182073
182029
185626
190514
257591
172488
272696
163368
205260
216775
184501
150825
189494
264819
173460
190853
208714
211100
246883
159170
248516
151040
152106
228359
251424
142619
168832
269889
267795
178354
174559
156435
254221
247599
163831
228472
253358
252750
273326
204753
208559
225407
149006
151839
265047
178901
222910
259970
155076
207259
268558
146908
176885
197119
180915
175434
242597
250185
178091
157748
176794
245120
139927
201772
254478
200751
194648
274091
186795
217425
271692
180686
248460
221125
168959
211206
147028
227369
198070
159547
244163
164744
212229
150974
204322
160791
206203
143149
248241
257022
265345
181630
163865
199538
193517
248564
173830
210962
211345
181608
228680
198073
221477
163953
187650
242877
152282
253034
212870
236295
214992
202964
272426
262821
264633
245460
164782
249656
201660
202650
270697
203462
272749
167991
182668
185716
228197
146189
263947
250671
164135
168078
202948
202178
229134
260085
194787
247363
273767
240916
174407
217253
206339
230346
266901
194047
205165
270395
151749
211546
151975
229707
167532
191650
232475
265836
222597
211759
196986
234231
243631
238596
197841
168767
156817
230944
150254
254322
148013
204572
225232
189585
170473
188151
177710
154770
272252
141289
165427
246767
139320
264738
247247
250854
258626
150264
231069
186266
262266
183955
238898
148317
190820
208572
143594
180771
273193
175690
213974
165886
235270
165452
185561
253561
175382
176682
264955
265460
213018
216660
215285
203128
232873
144106
230039
257826
169840
237686
176531
178092
194052
216489
230827
233390
212262
187092
232996
179015
229260
210208
170356
234000
250742
234710
224753
200300
201092
140262
236094
202966
195636
258971
193748
192705
143035
259787
218858
233222
257342
260454
180003
267672
254433
142166
187931
241709
138817
146190
141806
218208
245600
272242
215120
242927
140141
142806
164002
202363
205173
153891
214680
207961
263835
140463
207798
255144
263363
208038
168291
198262
264535
202295
162317
209446
142387
180646
175569
249102
156512
160707
157736
257887
152934
246338
170323
187237
156160
169583
153265
179842
243543
197723
264096
196456
202833
231995
201575
197614
197978
184822
234212
140851
273328
266852
262052
261973
235993
256512
158345
235979
245328
147828
168785
191481
169850
199594
150939
196171
193904
158571
208948
145397
250294
258433
183203
179118
202733
240062
194079
224769
257571
216772
218049
211669
149032
268106
241947
159388
258121
185661
261845
229298
186447
199579
258960
166461
267389
192310
258053
179632
252556
253962
238413
268923
184372
172687
214993
224550
187309
215448
268462
173137
142921
155858
228675
226337
146878
146126
273611
200973
274214
269304
268375
251606
178001
235125
143816
188885
255978
203923
238558
148304
199494
249533
179882
248685
203793
184458
223702
234327
243469
189016
257841
187028
270496
185068
147333
191097
166029
144083
142593
254558
154715
233213
213835
175535
221072
148769
169255
220512
236178
203235
214826
196655
176564
227141
241479
197482
263212
189885
240940
147747
261751
267343
230857
228483
146456
242329
248866
220478
230158
165531
171983
191860
156749
263558
153132
258677
198086
153987
175700
186105
273701
183249
141949
229225
175825
160208
162726
216386
264364
195206
269368
230860
162476
264342
158875
236793
255320
151485
219556
254653
193129
164693
232373
199932
194496
141319
148413
150250
252056
177982
171216
194145
198870
270836
224240
267581
177272
163173
147665
142246
254729
154537
225974
265442
257880
255431
234440
241702
158702
213456
213517
252927
174647
265379
245821
141951
237563
231617
267400
207396
272911
142095
144015
174861
185838
181907
268575
236036
215617
249712
154378
158410
261829
167908
239044
247964
220487
234591
198402
174455
171260
170603
227701
253610
224058
158792
207520
242415
220662
158771
221691
241342
183468
223950
195530
204986
226906
241165
273419
170429
222830
151664
200068
269146
204205
208033
192825
164434
228490
257926
175996
145567
202730
238295
195476
213679
139298
223979
221417
251689
146677
269537
157371
198566
142269
215759
224838
145972
160495
240888
268083
154553
273525
190904
232120
251757
145237
226623
270544
184438
246978
149423
261951
213959
189345
190327
198703
210523
145168
254398
249304
211725
238427
256444
168689
198224
168510
231864
145392
250134
172382
138123
196748
270848
185695
183281
190977
154905
189021
225805
246227
240845
224966
234746
152352
195458
169513
200886
155651
267754
158288
184598
155355
261567
179133
247913
230098
209426
191859
203842
224137
196967
181254
231610
192344
178758
154216
270459
183855
153149
222366
225008
144467
143791
176764
258801
236554
188738
210456
268695
271809
138145
201801
139044
238317
208017
217398
206798
168759
144143
236265
269517
146145
191503
255713
224133
192362
164178
211583
187193
171454
158082
216202
266424
193014
189274
160475
219687
186217
149091
141640
232048
219131
170115
173012
164415
188717
214898
273647
259617
155512
154264
222478
190997
179734
188271
239478
256858
253042
237822
255298
172626
173412
203341
164574
273258
238070
149184
140181
265667
229308
255169
204965
157745
152796
166717
168113
225822
231326
163411
226773
212568
239377
172287
197782
220465
270089
192194
204639
232848
264905
243529
198250
254436
265199
222098
244464
227450
255646
236546
157290
216878
237476
260770
242449
173281
270892
228556
142927
247118
191129
197710
263318
185126
240839
150200
170490
140620
208746
228828
174760
252686
182337
169438
154589
273622
242562
190614
206002
140217
159038
212062
267386
261786
238499
145496
219941
153577
188468
194206
214671
179544
143555
239594
145902
211911
266241
190199
162904
185999
230998
178872
163161
157194
202419
161349
240359
226298
256705
229129
233289
274314
155044
252772
232178
270096
232498
148825
223664
250233
188126
161083
142225
151821
245741
248104
214341
218062
254930
269392
187508
151304
221574
151330
219132
248778
246168
143060
147150
166530
214171
262306
181437
197599
244263
196059
162577
158525
143178
216406
218757
262592
230187
238280
169080
197493
151379
203789
259491
271812
198464
236653
253670
181218
177951
234632
140353
232207
191940
268774
227462
145884
212120
226702
181962
201182
213646
222880
257425
148117
215125
213461
222336
171057
141011
200024
235317
248766
268533
247079
229651
160499
243577
164960
199960
160823
236221
181586
196376
180364
198173
143436
209416
202899
260095
196532
153457
168004
189748
154792
164586
138892
142403
274077
187954
138750
194339
271246
174424
182287
190762
204706
213953
220466
159398
213496
152065
161721
262325
255197
267630
256694
163226
231773
200925
206228
245568
187320
261464
224259
205309
143251
247374
262775
260807
255971
274140
217412
255998
179997
230272
138205
236331
232691
185603
248114
186399
149462
205585
238387
165078
257197
189330
236360
215839
230823
234453
210961
255233
254705
255959
175418
241440
173429
264135
196675
238856
265218
251216
138252
239629
139440
256150
226182
255733
157774
239858
152451
176593
269437
194281
214329
212823
183166
267725
262404
176209
164140
245467
260442
187120
162477
154549
184023
163150
189516
227471
172492
208689
165200
257918
258800
214136
188729
197139
203999
251101
148423
214908
193696
235477
212987
261802
211419
158343
161892
260393
169444
262829
217487
231292
153034
235352
180803
191939
229181
209136
140259
216400
169671
187912
261281
139651
157289
254343
188377
168629
143844
218194
151348
162881
178951
139205
149401
214829
150329
199615
194619
273180
139206
271263
174163
232275
189067
156908
150783
140817
169732
186945
203118
226155
272339
273545
231634
201119
183616
223141
263240
190606
138767
208025
189049
242594
211039
168019
149460
239657
239977
220891
181918
145097
192152
270138
212964
268111
152138
228258
248616
221805
270270
248688
232561
240740
204097
251232
190877
150062
257519
195107
160343
211684
156073
219948
223213
222963
206674
258366
239233
238065
203449
217403
192216
216539
249716
173629
185396
259936
159198
186933
273946
253493
240192
174040
272652
223567
141544
245252
261051
242315
263962
209419
145617
230080
155372
271891
214348
203515
211370
144229
172800
212063
189506
179270
138528
187630
216884
258783
184487
201199
156888
269864
183390
177246
167742
145604
221904
162797
251554
196918
161965
144265
265096
226709
215189
178243
187747
171781
267366
163375
250321
157029
194214
151726
274486
240011
171111
217391
233484
141038
226299
172520
172814
209591
159590
273909
184315
176113
222762
176156
167890
205764
140661
158270
195525
253631
222827
253484
175851
216050
268794
263938
184209
165661
153484
173330
181406
203852
248566
251304
169109
240260
175153
210152
243822
209978
264526
158009
157701
272765
213769
156770
190536
274169
151837
252901
240430
149160
180244
143319
139419
193449
194785
262854
236575
172842
215454
160226
184356
266340
202718
215728
223403
258934
181877
254414
234256
152525
204818
195478
207517
171940
142769
210153
140337
246616
195974
160042
185415
207443
143174
182775
142355
250340
240411
267078
241772
247818
190399
204354
239557
186460
138957
139413
251746
186739
138925
187275
261147
186151
192559
204957
140295
249545
178703
160485
218162
142596
160336
208100
157553
239176
263576
166890
261683
138864
147047
153140
197709
273575
184083
221836
207980
205428
172363
269240
145694
248608
222657
251454
236932
191111
201723
182521
198974
227753
193955
192027
151202
145141
192266
160938
147996
267363
200647
254261
141680
202940
186027
150268
245977
200352
189011
150606
149034
263018
210847
206510
227318
185910
194658
153769
273952
200945
246131
178569
213078
181368
267084
141918
244479
239731
213915
145925
167252
156520
173023
174580
270763
258126
201407
167102
236038
232345
268904
224352
180606
225575
253211
155817
185730
269500
171296
167412
193422
202478
173744
200190
220589
146071
270762
144108
174943
239848
186122
204517
274389
163305
182372
196529
180912
223729
203383
224044
156306
162610
262457
153822
224076
234269
237269
213448
265292
216052
176584
231161
263100
155995
219926
228420
233571
173827
272558
263190
266064
197792
161298
186710
224573
273170
234362
240970
272852
234177
194566
212024
229097
163309
155825
145535
183277
233741
193577
265280
152650
215312
245323
208531
183788
147129
210341
164077
251112
233078
195572
199120
166003
176846
255527
271984
208738
159074
146609
136733
211378
269237
268838
213710
180561
143332
191475
177995
157979
229445
258284
159478
163979
261338
165844
151017
257358
200047
185810
227682
225444
140354
245746
178513
190746
245135
186570
145986
168554
156494
233719
170041
225776
178579
152807
191251
219517
138810
270118
213247
159897
224907
165665
273334
193417
155183
253689
182211
241478
255049
155689
267396
186499
256857
261294
229818
270307
185033
167899
246926
264399
211672
140607
205928
165018
221302
210942
254865
273003
146688
258179
220684
258628
267771
191642
177559
240284
230104
149020
141269
206008
171301
263494
198066
140072
218117
211016
211040
142814
160552
244248
195037
239247
207897
188746
181379
183881
197953
177250
192697
176213
218747
171175
184773
185653
178573
242914
249049
274298
261387
193155
239221
153284
260889
232337
217497
255928
224707
246291
208414
258307
150669
140525
213290
274296
214633
220026
229601
243018
183064
186759
268726
234533
247484
149911
191169
243039
168854
178532
156124
187242
168770
170904
207438
163997
149352
246271
166472
213077
233460
247562
145597
249959
189510
163541
169099
156225
227064
261008
173952
197434
207350
234934
262812
229457
234343
185599
213055
258414
270001
179013
235776
168991
249332
209952
187172
210928
151119
235942
272541
191800
216017
248910
138325
160715
193052
161931
184893
258375
221201
244425
256764
151993
248630
170432
146977
203459
230822
228550
264682
202191
196594
174864
239271
186095
164340
266662
204774
253404
242673
183827
209957
246787
204568
151018
244239
155200
230711
185465
240818
241754
244188
202910
201823
179492
201936
206742
172283
144925
221288
198491
178841
267666
267897
198680
169034
220449
209432
193134
153801
249352
165782
165618
210965
223356
233749
204697
191700
243527
203037
229748
258537
256552
183689
215077
259504
217793
225849
238883
179789
205642
180447
267421
247065
203600
269960
201749
233089
248997
239693
169084
245704
158998
201094
189960
237462
165601
173757
262025
223044
147435
270481
195868
146808
167034
182324
144222
195129
182362
178152
209909
243519
209676
261541
152747
205097
257684
263659
267475
269140
152234
199595
162825
193972
225426
172256
201367
247902
220600
192883
231955
187483
205007
255464
271305
200690
227352
228776
143657
159263
138163
248752
216054
195694
240277
267497
219407
237432
185902
199145
153362
149944
189619
221529
255506
213992
226363
268756
235364
227828
224185
271495
199272
195821
201174
172302
246193
264790
250187
172524
149488
233867
233158
208233
213323
271418
181717
249829
206654
260941
207423
214074
212103
238470
225647
188492
269963
149700
158216
211118
249133
176608
243927
200058
196638
163334
212989
270975
258601
162011
207285
251269
173155
272474
186866
165998
221496
267624
225989
270504
215381
240241
161065
172740
141463
182115
209751
209825
270704
264587
202621
206988
213082
181278
139317
225301
231343
194938
210807
144163
186874
253941
148338
159922
155247
223747
149943
168261
153975
192407
226496
207735
185424
138538
213703
174854
214247
181973
201310
249163
192096
184644
229802
228309
270709
156195
164208
162049
235516
153582
144223
144253
241172
153839
190824
141649
253571
210796
248849
228919
140382
222837
241471
144063
213965
209197
224313
186393
260510
179875
155483
156394
148131
265225
157732
155255
196853
238373
155296
238789
178850
188790
273463
140689
228747
176897
204389
177793
172855
237559
144495
211211
248590
215514
214980
211433
268522
146037
228217
197656
158031
139137
259151
221630
234723
176698
171209
237438
159287
214565
160375
200549
209070
140245
252489
142544
174252
256682
254294
270184
176741
210307
263390
140385
162986
193957
223990
146670
271424
147877
198258
267135
204027
192633
225101
248826
231616
152060
175556
181097
238764
227296
255349
171076
176647
182399
202509
181039
260493
231486
200060
155841
187847
156254
235686
256421
143327
228956
217106
210238
139557
235673
205999
199654
206110
185764
182535
229982
145929
187882
181988
193711
166306
193581
230647
220075
169859
177275
179068
200345
148314
267136
178163
263220
271853
168772
234603
202989
250171
192117
156403
138425
242318
143943
258778
222057
195937
158890
147831
183217
192063
146107
156492
197619
149185
173594
272703
166057
156446
161297
253288
173392
212504
271629
156379
180384
242963
237889
205824
251946
223243
156174
139945
268686
247963
207903
184595
179276
154614
231182
249539
169348
227871
254514
190910
215882
180955
257528
191119
204173
198704
193266
203216
200897
158634
196837
232923
256982
221280
139187
152730
212474
233701
187504
196803
184665
193800
222930
141425
171811
138984
177098
143567
155453
142298
257650
230068
180529
146365
141364
151472
198013
193451
178003
171662
262403
165353
159389
190739
229462
271226
235258
271568
160029
263887
196417
244696
228771
243781
163278
200208
190315
169244
223722
218517
263408
245975
203186
198590
201787
253452
154592
188698
220801
194388
199894
249593
194019
274148
244938
179231
234971
257053
230530
177633
252747
140258
216535
160089
262941
198721
267305
145218
205562
230389
225558
192224
258574
242727
251321
240024
196612
203241
184944
211903
150697
241795
182367
220768
219143
270736
151175
219092
195954
153628
185685
260752
269673
223808
271110
249937
162810
159716
159983
247040
247210
241839
186979
249791
246009
172819
233906
250812
270924
200911
169221
240679
198928
218879
214461
177344
211624
231050
171131
270835
153060
188966
193582
247325
251609
239149
194035
241692
226102
173054
258467
162109
174113
148516
172026
269444
227274
204941
246033
248892
217553
140938
138848
148629
209933
183194
206358
248100
147490
153608
176907
184747
138156
202752
158701
202766
237842
161758
225532
243190
249081
264386
138989
252122
252677
208964
182809
215228
224537
175711
178435
161548
209766
268078
243286
208878
273723
151359
264897
261573
202909
221927
187649
194763
237571
252028
197880
167472
175242
180674
226679
258419
145847
211103
157489
258154
190504
163975
232093
148053
197331
170121
239027
140570
202403
230601
219118
151776
261283
141641
145521
191600
222237
214077
271225
201209
219857
194208
271192
244115
197868
171368
203040
244667
262006
263855
236532
192352
234798
187648
244322
163796
194847
210295
222822
260945
261496
236872
229729
170759
142795
158555
187059
162395
173145
171592
160240
166279
236800
209215
188937
149978
176938
145298
244841
179919
258746
262326
251230
182212
203744
166800
169753
178352
186695
212467
177905
224729
142151
195168
155332
151223
227002
175061
226692
152801
211140
226563
194458
168801
229188
247101
197612
257666
151771
224491
185785
225658
231982
151703
235340
158181
230638
214598
149907
263903
145095
178761
261908
208169
252093
199364
185106
266999
167514
270261
248155
163418
205140
204554
194240
197596
181875
272437
171950
204076
158450
272326
176068
183252
170561
197685
154712
149534
249873
144520
181402
215537
236229
183971
223633
244156
161739
149613
253896
172767
140538
274157
189525
235473
196404
215262
221767
213880
268180
205573
168109
166676
265619
239502
149744
270224
208148
190881
161391
228132
154158
145362
225457
184274
272385
220226
214658
251303
161072
249287
153757
225508
153912
139758
271838
207371
263922
215796
244119
140299
186925
160061
162160
217302
224996
199703
178102
228746
164942
260092
247961
209040
201021
185899
189590
234217
210433
149220
161597
178925
152067
149983
234854
240892
269542
225835
162574
255831
248601
168365
253550
178505
178773
173386
257856
252458
183405
247128
142311
241450
211867
186323
200678
157277
237894
186274
206386
162589
142680
177026
156077
244779
266787
169036
271806
259818
205286
209887
223758
234239
265433
186929
190740
183693
209482
200818
193335
249704
257524
209754
227798
214054
156612
192628
262514
241513
202311
271281
225038
184623
238151
167980
273229
206021
169691
266293
231836
233976
152187
268466
208926
199732
192279
250148
226558
184567
249288
271986
213762
240852
193044
182671
173889
175861
231935
259323
181064
236256
150312
213419
154120
270844
198990
235462
157673
201348
181743
253168
186624
250027
231711
237000
141226
192682
179364
244440
258520
157778
158116
165522
254938
206520
216295
156825
199345
254893
179475
144436
224553
219880
236126
165032
184409
257025
155603
212420
147899
143425
168515
268157
268692
231908
272649
178376
248113
172206
154006
175489
199680
191191
250492
243210
244409
190034
271550
138888
202236
221984
163941
161084
209162
200096
180817
157802
270830
164914
271518
227636
257178
174373
245461
262283
256052
198852
225608
197380
192718
150344
186827
180889
253549
162161
184985
245919
198748
206530
173929
181107
234130
149428
238452
251495
240249
259424
154737
183828
257201
187257
199424
228208
248921
201792
235698
269379
230176
169072
156370
178378
194954
209784
253401
269568
245466
259632
166440
139878
178185
225609
200482
156804
255032
264999
171614
247238
166105
164359
256285
153240
224530
166157
174159
233005
210498
159646
190126
221082
148286
212032
245484
157615
160408
193065
207901
221264
270090
216502
152325
153799
216214
161657
245983
208596
257836
243747
190530
180937
245620
157891
236947
255012
222145
159320
146165
145201
188256
140947
211409
258422
266008
247448
231470
151574
266653
180035
157357
206314
210601
261028
178482
152344
268823
222582
271699
263811
248724
174384
193692
151500
262665
181810
265389
244823
214687
271041
261758
188182
270744
211062
159261
168412
254660
167518
228375
242726
257402
211736
227343
152882
200794
255883
183434
189137
193973
214851
236711
203726
211063
183648
173420
223547
138815
232762
218276
259815
203808
197288
197093
168722
163298
157501
167089
176311
238104
215764
255507
190538
240482
141060
233216
184676
209492
140890
173481
139190
252702
246476
231991
215467
140005
234875
196744
155213
179142
206949
151570
250707
139671
160723
205235
157055
169044
233333
145504
194536
154436
259289
173575
177438
144105
152948
224864
224153
240063
206892
199793
182027
157153
249646
263484
274086
179650
265581
176802
181470
174073
154455
153216
153670
220039
178780
256298
271108
210784
256498
176358
243790
174705
168765
271343
230997
150327
234406
254924
251367
147236
147301
173506
186211
259592
235488
250366
248286
204190
138386
229334
179637
224057
218555
261808
168700
250365
146430
208235
228381
176868
248129
191669
247264
165507
273698
253873
192091
234905
175501
190313
247278
220782
242841
254986
165360
180587
172227
245212
171499
255121
183925
177485
252376
206585
225841
240662
174353
218754
190650
191504
181897
225133
260612
169627
187457
150506
230842
190477
145287
200194
274210
263092
188079
190101
183393
219795
189992
260679
200179
191922
165578
258999
262546
198434
204969
161193
190804
162308
184664
227941
248882
162609
211507
148900
263742
261090
259471
150907
156906
157681
150797
201246
207529
238454
269400
176592
235390
272376
222678
256007
220485
247129
220207
139747
248259
198219
226959
270412
200686
232316
147971
148433
176770
225929
218268
183682
222905
266614
154729
166593
254364
245270
238561
231015
270415
220333
258038
156878
218502
167718
207627
211525
176954
215837
232991
179910
230912
150771
227897
252078
269587
247745
235511
217444
140833
219500
268397
133243
165196
164076
272175
159244
186177
182056
250173
235712
197098
169015
156220
215360
267371
248294
197311
203626
248905
182190
267614
204321
172457
169974
145704
199229
147161
140547
184928
250349
172194
178032
169434
255328
173758
233941
203337
154198
219323
211218
273821
261687
165738
245875
250251
261523
209334
204382
212172
232846
189221
192627
149163
229227
270913
169741
235348
193756
185174
236009
198481
209823
189650
240787
191603
213176
248314
254003
240643
204846
198644
150405
213064
234180
191694
253388
216153
209222
207197
151672
185276
148833
218784
231013
213324
209064
206416
216062
189045
263469
239627
263800
170530
268549
201388
273252
192282
223678
269195
174975
191172
262528
204696
261618
156169
154856
257816
201952
208206
241095
197767
203207
141116
191288
264037
152677
208704
241454
230339
189165
166247
234304
239903
196196
162186
221370
237483
140452
173556
182774
168556
155361
143653
154819
265362
234865
225153
240657
189102
172495
158229
268428
238433
172606
228118
150904
202318
184061
271188
143863
245634
198196
209518
211517
156053
197398
248338
156396
155944
198355
213011
251676
144984
243796
274152
264028
239190
205339
156898
189996
163777
157227
240290
218810
170831
153498
198052
182242
172477
191403
209284
146847
200369
188829
190464
217943
236818
252853
165711
189640
175959
258910
150230
160150
238776
186645
148746
237940
146476
266535
255238
149129
268376
256814
214375
159761
203155
226343
166274
196468
178721
196982
253189
164212
229605
256185
157287
217768
211236
170110
201212
203059
239369
167269
201125
207707
257061
246548
257693
271169
231916
266921
193523
207041
221030
174513
248801
262493
207802
150179
191114
230424
260187
173602
223308
161018
221221
269633
240962
148475
257784
238703
176217
191084
195313
156163
197923
170135
243910
231685
243644
175716
222409
234816
243814
264541
272814
262054
138110
270930
173921
237757
176280
245602
222998
241624
161313
217623
168769
188866
152834
226462
141138
203100
231927
243437
167729
237696
196292
224897
190779
157472
273440
161260
224382
237007
271892
267932
153217
225689
248985
262955
156967
156945
175067
229460
211674
247512
255693
242925
153894
215655
251796
201095
222169
260014
251912
260667
231841
191524
262232
161755
187839
213378
172148
144113
266889
148775
220545
261912
264357
173735
167606
171586
177972
169714
173546
195507
143992
157519
148453
265965
192573
140081
231145
243930
213864
199610
250895
267213
182335
146453
202355
213720
254404
271314
255822
168708
142182
202218
173159
240366
179436
174497
222717
227008
266295
250079
142640
235065
248181
223628
213572
212205
139491
234801
172607
162110
170866
209662
220797
233808
153992
150362
145880
207606
188908
203170
271606
189899
186539
163429
195117
197075
138523
220900
268410
183269
240725
210091
214947
223609
140575
217047
153084
239174
187983
200789
164377
233594
189252
143191
212919
267411
173384
172264
146266
164422
241667
175406
157763
262992
156156
166062
186208
238579
216682
224526
180920
167330
175295
247682
248453
220696
264022
159669
167881
231734
205875
230082
145681
238157
178519
147167
254545
247163
200778
156458
218051
247442
260647
191063
204733
189180
147230
142896
140423
151850
194999
261637
255546
195913
154117
204804
273051
258037
216252
146443
168777
206927
150107
202996
240469
209870
171014
144136
143464
204180
262877
158681
145306
221906
228183
212202
158324
166110
247842
222642
225754
188017
213368
187425
233800
169440
206398
156568
240790
159562
159679
168852
192182
241714
222926
212296
259067
141167
176455
204069
174832
196621
212571
153437
255706
207362
236322
211805
152088
174495
238570
241963
211888
162481
250429
219296
271871
205541
170938
259801
157349
143095
210984
193001
173346
250457
197517
206329
216290
156218
192980
217321
260479
216595
218108
204528
253563
171011
189069
202519
167414
241449
237319
161456
234548
224299
206122
247585
223518
266058
205705
225716
232723
265705
199090
217881
238044
182398
154240
218126
259322
218756
182181
180432
191901
141710
223447
141617
251551
265892
156988
263679
210594
252260
143496
240928
273537
155221
184958
184768
138256
177016
204878
169424
199941
153871
235998
199812
255405
262586
256888
195859
220893
225314
206715
181561
256456
212519
268314
190353
160513
157897
239079
263684
214693
245686
186405
246792
229855
224096
138731
187906
233895
225534
268771
244380
239034
144315
259005
266778
242373
196155
197851
239298
228069
259294
250317
213997
241579
267131
248658
249863
205291
269077
216614
202944
170034
199846
174841
273774
180461
218296
226358
149696
211045
155496
258125
182408
267644
269075
233034
148300
143630
147219
249820
185244
146546
193234
186422
198620
213039
197884
252868
230975
221917
187656
174581
176892
249175
241247
222488
254255
150191
255027
157899
211886
185957
210993
165465
141390
173550
247985
169754
230198
233794
159500
166411
151707
146451
175294
142518
242195
252911
244649
239957
175274
143907
222770
232946
254175
168418
223879
215771
148788
170327
218374
273625
251528
206991
241404
231941
254094
193946
247225
221472
200982
237325
155077
254808
199115
162941
164639
196357
238497
174105
180011
226063
262804
163868
188939
168978
177841
242894
179414
163076
151340
218721
253114
179275
218411
165933
163600
258694
144350
222058
149771
212606
190859
234789
185284
253201
179329
218701
144470
169332
190469
201791
253386
254871
237942
149652
226791
268340
240002
191500
142315
189101
145720
248738
192075
263982
200966
255614
216866
246070
260808
186012
166078
180613
235557
203560
202307
176655
265557
161054
189830
265563
234458
197218
242169
186089
251069
156609
179060
219943
188471
150646
160032
189364
176296
149219
250506
219397
207174
190840
147602
244731
169009
194882
167019
206890
208675
204709
255972
167246
211908
150532
139587
165986
149368
252647
257723
166733
196889
169346
180506
187937
191591
238682
236535
223304
229065
184101
205125
146979
218261
170098
272222
186864
147533
245372
179941
181960
222601
222072
168753
150614
216543
227085
176545
168589
194990
173801
151935
158728
184726
144993
222769
181562
236199
268079
238545
186950
197806
148881
238231
274380
162516
214830
228616
260296
158654
262738
203854
139066
258358
213486
259911
192504
200531
249803
148517
163888
264609
240364
206783
141307
141366
184759
259248
213840
138776
186689
273845
170973
195664
151985
217578
216497
159034
160880
144990
255079
198410
269962
186955
204936
272604
240223
258300
173896
210845
265462
182825
158658
204865
206622
229866
168470
204679
156835
198130
133218
221226
159994
151757
161691
152692
204401
249199
237602
193085
242237
239788
226762
251292
139296
232166
235809
192264
268543
246475
167829
255313
207382
263755
214560
217413
185478
260907
233814
247667
258001
153053
154164
254334
217481
212061
236123
197588
139577
262204
152629
199397
260184
237406
217274
209240
174307
169022
191682
261021
264708
219985
222417
259300
236548
212687
244773
156196
169060
249890
203062
177494
139138
173058
212962
244523
246423
191096
171438
170988
158022
260796
150414
211107
242012
198280
248447
154901
207800
187545
154182
144776
233966
187955
236562
268546
150515
156739
217834
138413
259546
241352
209816
217750
208418
166312
169885
167939
148336
248260
162428
265685
182598
232361
143794
168469
251591
198387
235889
262865
142929
225783
161150
167562
232799
218531
189162
221566
234224
158766
251509
181970
229512
189628
143692
180110
235452
268883
253936
221799
241363
189890
156793
261783
204793
208351
250216
176024
155587
271924
249662
200698
172105
182262
159610
155142
190259
159231
150733
257999
139614
237864
220214
187940
177579
204307
233136
178752
261013
264764
247874
193658
185453
226754
156341
173430
184873
232069
256649
239277
225110
273054
234612
143570
181880
221547
245511
186867
165144
165972
146805
220945
249787
191688
263321
170428
266675
142938
267661
151571
186934
236039
257012
161600
203682
156189
223791
185475
202423
146448
208071
138409
251035
249626
161655
177890
146491
151275
179378
207105
197789
261011
262625
211865
252076
236885
152024
188590
248844
260676
143580
158839
197330
206795
217458
202280
242588
220860
223432
233542
175833
205596
240427
150547
176600
256486
263134
180112
155166
228380
272517
264140
157753
208828
155681
208168
177850
269056
246615
184210
155149
210033
248235
159647
201790
243731
226899
140633
151342
162452
139750
155505
176286
164410
193102
234846
207481
224676
248523
150311
205437
233615
206246
150945
165495
174383
183398
184439
262288
207364
150300
240927
154491
173390
181580
151884
218199
158369
190531
206412
207779
210819
141861
234558
239761
228610
152171
254200
192061
263464
228927
197593
144733
218203
201215
233448
220264
211874
269369
172346
151681
191386
182833
240554
263349
141189
203125
218585
262409
138592
184053
217115
222586
181013
242110
196860
259666
258269
140961
230777
246045
262206
262950
270083
222083
141917
184294
238229
240515
179550
215096
239452
163269
159442
166752
215883
149208
224945
185589
206154
200072
167748
173238
170851
272747
159132
230815
179765
164575
266127
187293
257221
246332
164948
243231
247437
225566
199837
171918
193218
214743
197321
209983
258036
168252
225280
190317
206514
143740
165535
256742
211443
203952
210298
201436
168826
150147
220531
160748
201627
252378
246509
271100
141249
223024
264627
187099
196767
246746
152152
235261
187664
266167
231710
268084
152641
202101
206320
154189
145668
183173
149355
239482
183057
172304
197772
204050
191967
225384
261799
148213
219722
174576
139154
267814
166296
259436
230386
212955
158322
232252
170179
256357
208386
193664
252396
143354
172089
144636
184415
151131
258117
173196
222313
245069
235112
138338
144889
212856
245891
206350
188166
196795
164624
195036
235949
140098
181525
215778
235506
179003
208488
167766
216204
232318
248184
165702
144282
212462
166809
260649
235109
258411
143684
177551
160584
176163
156311
185261
190607
187969
213850
184626
231258
196134
251987
255683
251140
253070
207352
233490
182283
171878
236334
248220
227042
151393
138880
187965
209847
152144
141386
235182
221642
187611
147705
155358
187858
203221
183844
224659
219476
208371
248068
224227
185673
200926
164851
159676
245225
180097
190326
213905
190386
226814
173925
237622
226775
186854
213052
198827
237748
264810
262961
193275
146029
236780
245090
159183
252207
201268
185926
163536
142791
188876
230466
216061
246570
160535
225515
168148
222784
152646
231077
159438
271462
181603
232557
272493
239924
150430
171899
169431
146318
165964
192166
226407
170607
234299
224176
144539
207103
249400
234885
163027
139161
259007
274034
198662
150073
260513
138518
147506
236627
264311
208905
265203
144772
222486
204201
247194
196232
183050
183977
246879
195945
200394
157551
222794
203157
224773
222274
178706
196096
228738
141257
224663
165288
139845
180141
221884
205263
228851
211925
153911
211023
240595
138923
162737
241033
164421
196543
143312
153896
156467
152949
147807
193645
256621
178609
227777
195649
168011
187484
211890
140056
180717
180727
258542
162900
222640
258763
246591
157138
217927
144872
251417
143003
196827
175126
183706
255583
190508
155122
216345
263864
171410
139266
193459
272367
188087
243895
218905
179502
238685
162119
269489
187032
235223
144890
216500
170096
197300
251434
198536
197813
237795
193670
171004
227967
185391
199335
210040
188212
207480
199891
176190
142245
232596
225750
222874
175743
176396
180247
269642
192422
178967
241742
175278
168674
257321
178320
215859
211702
246918
191857
255139
259533
246535
248270
246916
221942
142339
248994
221877
173363
165207
142401
231341
183450
198403
155592
220820
147751
153622
259776
241065
161490
248437
249280
228092
186524
138844
270686
240382
240472
181662
159675
224709
186287
166887
181909
268280
198216
163301
210064
179790
271481
160628
191579
235210
145071
214998
138873
246299
182716
270102
163205
167956
172345
154578
205715
159787
183712
140338
247203
241970
229750
189765
251089
265243
237697
195569
178062
204627
239019
228516
195644
233574
262905
145415
234719
256734
203107
170532
262939
209220
198267
169855
148191
194589
226022
215238
273439
213163
263271
139432
150668
254732
257805
184574
171922
252401
265665
172728
164358
246912
171208
162339
227581
173560
233016
242790
190253
250240
150363
166265
171645
164349
178208
176319
168916
196807
254162
253079
241394
215091
147726
233267
267311
171190
179154
179175
206360
151735
233763
271557
151520
216187
200091
210696
231553
242006
222186
196965
205407
205268
198933
240076
251394
167788
143695
174542
209924
175680
140475
182768
199609
152173
158491
177130
247055
254598
165275
182645
226197
205976
145619
162217
268913
174222
167810
165281
183186
181191
203432
222954
213372
262273
147087
253603
250629
256207
250708
240198
264879
179717
267600
154226
158277
206076
265059
228844
231278
185956
213582
171377
237589
173803
214050
233605
162521
150401
190082
234635
180510
233274
248472
196936
194106
156506
177435
253755
194509
177521
219509
246393
208513
232936
142169
208528
175358
235814
251070
230040
236372
211808
178150
236590
260186
263647
226047
152571
138991
140381
203254
179380
197118
267762
200170
251932
200458
155491
241580
234759
246360
265107
154735
207945
187833
159070
263661
189923
244930
269597
223258
193177
191240
213281
234824
232355
157868
199776
239423
144504
271280
203030
139804
267849
268160
224692
144457
273270
154042
206698
238905
203379
241857
139436
144377
237929
247258
231153
200230
208609
202588
141964
177769
174768
216945
188381
244888
199822
202551
173426
195659
156130
222609
231635
248848
221294
213887
258481
167461
225199
180917
257531
193562
203516
253247
209672
242884
210725
185954
208518
154615
269611
195976
152766
245267
209579
233744
243244
198873
223303
161611
216000
204989
264501
246010
263375
254424
272239
240850
234563
189429
225606
168459
149385
165129
260674
242786
143896
147210
143805
202431
273222
190938
164928
206852
246018
255286
158624
219929
203303
264953
219174
208982
248498
264631
234257
270064
253463
270513
197420
261923
226953
206442
169668
263399
257991
259015
268810
249275
198113
217336
232262
188559
176644
148810
155784
176851
219820
144655
271918
141475
191548
205183
261560
242723
236762
258877
144250
143289
237708
265882
227127
187311
163105
141772
204339
204561
244135
148101
155684
179987
249864
144494
250550
177878
269759
203319
257848
147430
185637
229917
235465
191660
163426
231417
153523
186904
271116
161075
198764
146748
272405
229478
191821
189663
206541
216997
242038
162496
183577
228421
206023
264080
204259
236262
250130
199693
218033
209752
159672
239734
160643
179247
151099
206563
205996
211366
185775
178666
155217
175230
244004
265352
251256
224329
249883
226090
205119
239191
189587
266555
252612
200532
197285
154103
191044
217701
139404
145208
163450
142279
268907
254219
165069
152460
230800
207612
240017
272808
162194
259794
273324
182065
249326
264945
142907
260529
221011
196034
265769
239596
205852
197623
141300
212487
268009
168158
184681
143987
223760
224866
233973
195822
168733
257428
165869
230497
164032
183319
274388
213808
220332
181772
207712
169774
253445
187531
198293
248317
258370
267290
231730
150080
199699
196241
182694
142613
252242
269536
150718
235803
141653
156791
139136
184455
139301
232067
144161
223254
163020
270896
143067
240082
190141
257305
255622
224539
160141
191679
224521
178159
230559
202640
222371
203239
182401
209354
204820
157398
174208
139530
165912
210185
272791
230477
270960
218645
159542
194293
187040
147207
199125
166250
139334
268949
176027
171060
243647
216901
176381
210527
152625
228926
248149
180491
273296
157877
148381
268591
176055
191434
152510
208698
273362
225342
186207
234813
178717
259091
201380
161907
272660
231986
193865
226547
186936
269408
173285
223604
204693
259545
225238
225463
210618
181458
189254
163406
146594
218505
216528
150020
257811
268005
173762
202080
267914
171426
169822
167733
170790
192607
150393
153148
257462
235371
248268
156209
256086
231636
248529
219995
254369
237204
144836
173747
173668
153202
240329
207994
202583
186741
178983
166776
229246
219816
169927
247556
254802
232314
224338
228544
218729
179432
146246
260314
141417
269219
152478
272447
174769
142293
140234
258272
207429
206191
181671
146937
158781
185822
240355
201851
272150
139965
263727
140608
153768
273284
254588
197384
141725
172681
265913
145610
180412
139487
145706
210884
256568
207873
218095
217305
183837
261499
196888
226825
147698
241327
195251
223438
253483
156554
189710
221267
264079
171333
273349
186534
190131
176434
245728
183478
232672
186467
238748
272989
178156
256245
212931
233811
171085
253822
146607
228924
218612
166970
224730
228424
185451
189347
216860
213841
252510
229804
237141
167051
177402
223525
185657
187339
242270
228048
246094
253734
251248
238869
254304
158066
197914
193416
200708
200416
264333
167223
184890
193728
208891
247202
192660
167846
213428
217354
160931
230673
265518
166789
264980
247330
210393
230029
210269
152426
212743
247272
218306
217303
181234
140897
264965
165138
149844
263963
173538
184197
231645
253131
214948
170190
230305
163855
141709
214670
216970
188901
164920
191508
190171
164134
235285
194384
193106
252942
242741
205172
252591
161672
204644
241770
268586
184685
232434
218302
158147
207543
246130
226577
174725
139574
177939
178726
184842
194549
206336
212818
256283
177401
213920
191186
236623
152084
142136
159670
145292
167719
259459
241492
247149
194487
223285
232057
227010
223269
265875
205854
147937
163373
197839
264703
242396
221887
205154
232381
265364
269622
261569
172196
192909
216298
207281
222382
254036
266152
244448
226509
218497
177307
183042
268496
260911
231092
185855
252012
237835
147802
142633
230071
164263
161110
159018
184073
158826
227151
155462
191960
148979
261785
198847
138627
199083
245064
178694
208860
222444
214199
238970
196098
220285
267996
190350
273316
177385
179377
223721
241284
267000
247323
226865
153157
197515
214226
141271
167321
260349
255582
190119
248649
244426
167055
239183
243627
245901
220573
193143
143573
140958
142081
188732
150002
267835
253250
217174
182581
144089
161058
171847
181342
188066
145781
201957
144634
144227
210549
170807
250353
199650
242557
273370
182968
173474
196112
230810
158774
162659
154223
239132
245591
217994
250059
165819
207471
155270
164485
254979
207283
192105
140009
168960
192004
155384
270472
257281
266037
148846
167802
253278
234490
149022
140307
201743
144547
152628
263002
149845
162463
219404
207923
235655
175957
184491
190277
220174
155843
200375
245812
202685
212896
261286
271635
166709
272957
163821
177290
195067
214878
249538
263533
146811
259749
233481
253713
199249
168334
161114
265306
218398
141265
215902
226638
252405
223531
241036
200834
223329
159245
237606
213298
230115
170204
148108
213120
229463
204204
240748
234230
241584
216657
271452
215406
211916
198074
149167
211960
242922
159634
232413
186465
173046
241691
153162
185783
147282
179348
140156
230503
151568
205181
202512
233533
247290
243713
160712
218414
253152
179924
167295
161438
245163
195178
222427
255848
159306
225365
193073
213636
172402
144989
266121
197168
194644
140784
272228
146633
244092
143286
195087
171989
268020
190651
216570
258996
141857
174568
262719
259805
218795
245038
162775
227257
150387
139777
234757
195736
192850
180712
210361
218703
274399
192453
261715
238699
161027
197736
232778
171600
173661
261938
175000
187726
219646
190112
182064
261014
177300
168280
147848
227063
231798
241011
243441
274274
200050
242416
156709
195361
227667
209480
150376
232539
270483
175327
231465
269366
196270
144048
181726
156439
202815
174061
164183
231883
145814
224968
247776
242273
151805
180471
154500
196255
218412
218198
269320
143360
140798
146425
192292
188202
151740
245768
250024
226771
196444
243773
234965
274312
139064
190963
268323
169905
235815
259651
266015
263272
268784
206059
255491
155370
163749
199806
218820
208728
185536
148297
266265
151733
246679
245669
212068
165211
204845
199945
165737
211256
263681
247680
223942
232525
168086
270768
173111
256754
205103
237281
173907
272337
143322
248167
164613
248532
273598
233568
249896
209824
147495
165173
177595
185280
142679
261669
175379
249939
154102
223048
169764
264245
269041
187375
245261
202927
146651
183407
226746
272875
227341
247644
194542
143159
237111
139545
237378
157533
175087
273224
236857
261247
171875
247080
232396
273903
252782
206630
220410
185619
198712
204642
228804
174941
208831
265881
260765
250712
254761
247175
196632
222095
204580
161557
152005
258744
207654
168981
205769
265796
214596
251586
214987
199525
191062
178182
200480
142970
142506
256588
192721
184709
274236
229186
271523
256532
172997
150172
273183
242279
145838
164683
267043
260380
215395
220637
221944
141200
151808
261371
269378
142696
156504
216612
222708
242346
145398
220790
244629
250905
244878
194712
196430
220794
245708
202793
161675
172381
162147
254888
211297
159804
247557
163957
179943
163898
244354
250273
184080
221710
212907
153555
254554
226201
267441
205060
146629
272509
218785
226350
266992
255797
210387
233103
243169
211384
177359
170531
251656
256141
154669
195957
204409
158039
204172
236308
190211
146185
157721
204435
268439
234494
236544
201251
218683
253702
161291
159395
258889
172439
226420
203080
267024
220717
231091
237585
144567
189576
181049
212078
238400
241771
171987
174176
168222
178795
167046
266230
260973
225018
209092
204040
176660
255496
242614
163483
179174
157132
162271
164828
246347
178747
154487
198465
190814
159066
147374
261071
240403
206123
240266
186297
183791
145134
156761
175184
218706
228324
267901
139221
173957
146915
147692
204176
158743
269468
147025
236574
163756
229027
266413
263752
253777
265010
263622
242218
165008
255163
140002
141744
253539
257026
190656
147966
199253
142138
193124
235333
208353
190194
160128
270007
174032
192461
222913
233835
169636
269097
177047
234378
233126
245974
262572
211664
199961
148619
162346
197432
148553
151037
228402
182252
183402
186090
207900
235264
247399
257128
244706
269367
160957
197605
198201
173868
150153
192750
161044
230903
206216
152953
151963
181953
219591
184368
253197
247292
143061
246691
168346
244108
231680
144704
176530
249668
169996
229649
189853
144433
228100
255353
152574
145603
252410
164619
204699
146455
163386
247697
165112
197591
158279
269821
181473
248755
147017
157923
272332
267911
237732
238355
229300
259373
195522
266321
180999
205234
174310
254195
154528
206224
258769
247732
269070
138458
215143
256783
260417
249085
258289
221443
253851
150280
166485
206039
267185
169652
151622
271445
267036
155615
208987
233549
151803
251781
157854
255251
222439
138447
208955
184904
233871
258676
247166
180895
174379
214632
194383
258569
153409
255805
229486
182238
141901
250469
219301
223891
256535
192852
158727
190980
233474
177813
236977
236329
210347
258784
216778
238351
273558
148217
174305
273279
188782
251288
225985
269441
217063
242379
184014
236550
164985
243198
154324
181738
179315
169196
224485
268374
186010
252946
270850
260077
141250
213440
211143
191223
145500
262680
247376
226519
213580
152971
185207
174459
218930
138475
171891
155059
270897
186491
166823
168552
156865
253019
147403
165161
223966
172787
170374
223992
138240
184996
191609
263157
156168
201534
258429
264900
242817
245449
178612
266101
161832
268525
222157
212421
161977
166260
266394
255002
166683
191299
157710
247137
199162
247237
181448
183640
254636
250264
219969
267139
148828
200262
265033
247660
232451
221435
178442
157557
168456
187152
225523
252238
246177
205507
220130
239408
213718
140692
195277
228363
194296
207204
190225
180523
158136
196028
227497
263222
237129
268821
156664
259009
255392
248308
150842
219082
273441
250395
139028
263359
148193
273032
228528
231502
175192
238490
147721
152680
214031
150563
251467
255073
175022
211230
229492
217533
183058
165695
210853
204252
212476
145552
270918
249753
148272
156892
259542
270866
271919
209175
214712
149242
198549
170548
191818
218187
243404
213990
201881
193478
233157
256323
162656
197667
174126
194995
225859
145066
144756
202587
266977
195035
187179
206422
268369
162785
231295
189075
172360
260395
246566
228334
194104
186471
194607
138151
185236
235378
185376
266410
223400
209127
225356
139031
198451
173371
210349
169888
260970
216403
141870
225762
198427
210309
229154
139461
211931
204342
212281
235841
193746
231084
151352
163023
160351
254163
268274
244685
272435
239484
192957
242645
246670
145349
215457
223643
195190
233987
223846
145269
245022
168498
155612
227641
166069
194048
181482
228892
198776
216780
264012
269051
160579
139251
268321
270339
165549
202327
211086
209830
260818
220094
245656
146427
166819
254759
138104
239499
143882
231294
247933
238477
272114
170690
191635
185046
197270
201588
271499
169915
232182
242243
141493
258697
145030
160729
266811
264328
249649
251938
157422
215744
200907
227993
248203
240711
253641
253640
212676
162641
183389
174779
182266
190810
172622
157801
251671
255758
160682
155487
187932
195442
259334
230739
205353
250745
171637
253906
199847
224086
151843
266087
175753
257225
184411
242178
246447
203843
271703
241756
269497
188331
202027
146945
231556
256243
211002
227748
223632
141187
199186
259665
248165
232992
254498
251120
167945
213531
174707
166501
227954
144463
157880
183917
178671
158843
205480
221729
142296
154892
189182
176866
177818
208735
181631
179703
144073
259511
206566
263374
156858
171153
216193
202490
245424
186236
172155
196471
161310
176204
156119
210697
270639
174891
178873
143718
165381
269747
195517
248345
240530
174241
251363
222969
162412
234046
188407
176922
177849
225925
173562
206361
269955
172052
168181
186080
240162
231119
270254
138231
242953
271422
235679
232698
193994
196334
181578
265586
177056
273718
191585
189493
193897
270445
238588
228846
249161
250397
150833
232224
196697
234066
239586
148640
272101
153859
175927
249292
266837
253184
222214
260185
148717
239115
173933
192451
156459
227808
269973
242975
231799
225679
212083
177502
208270
235007
165101
152396
197980
222223
256347
255498
273096
188754
157806
266364
242285
264110
252762
202260
257248
192217
189985
140610
260227
210900
266156
168889
263368
237336
259837
165600
181001
235888
271861
266759
141511
253238
202695
203886
236335
229627
153976
153344
185155
240987
147000
155590
218422
189588
218934
247141
153081
236122
205298
261759
139173
264667
262228
155661
166281
243598
231514
223661
268861
173708
154938
174019
178178
188392
172898
163751
144375
141381
248038
170439
265062
261381
192199
197037
272833
247826
248807
156118
222650
245800
210308
142258
162297
161320
269094
215078
262976
260079
231449
237113
161925
145308
239865
144312
265124
182722
147485
249732
257894
235126
222102
218378
253440
221353
171160
159773
202863
189661
219210
204300
240013
148247
252304
238961
201605
227413
247462
200516
254268
266276
241390
187336
158997
198988
234641
182444
141915
166295
146774
169971
171965
139596
161621
209643
274217
248790
159045
255063
258899
237747
214271
236255
233364
179748
167299
142114
192236
250758
180648
222661
203172
145165
261545
164944
204861
226020
253756
181517
217093
173259
168027
227922
182206
266157
240573
247486
185594
190785
149518
239692
232718
172423
189437
150595
211767
260761
217433
159848
143990
203326
249255
148007
144574
243470
238179
234090
211245
196080
205406
247377
170984
193254
218440
188996
190442
266380
151778
247956
156885
177625
207378
181135
176312
167250
257184
213333
267112
201396
168591
185766
261767
149154
194322
260130
260273
262378
273635
267965
179850
223272
238967
252236
216119
162984
155683
201458
168056
231404
210562
250496
156270
266480
186694
166254
209294
251413
175663
224152
221335
250602
221188
199575
157139
176551
160984
218464
234724
147055
190975
270629
221380
265012
169655
182240
226361
165607
173099
188789
183325
200752
214432
274156
160033
206378
172254
231052
182125
220742
194886
259906
183836
210028
179321
235960
186910
186129
241877
260604
197034
202063
233662
159020
138601
235820
258708
171214
140356
186076
219756
187742
179559
212446
214186
152728
216282
190895
185677
222402
185357
257694
184115
144140
273680
263860
180395
161358
177062
182007
180821
144931
270460
174337
225806
240193
228911
233524
163732
163647
203015
190949
157912
233259
180245
139645
265061
176316
261930
141486
237335
169148
154457
199995
216371
252926
237053
216176
209329
175252
184141
272240
178286
158087
158884
144230
142259
228070
192868
175068
143285
173295
251710
210413
150584
227764
240863
174189
214934
161024
195237
203807
258632
232481
246512
141086
178576
154224
196259
206824
226933
140036
240786
195668
155224
180468
145060
273255
158252
249644
186831
236769
167226
246631
180962
260155
265587
217263
231863
176377
238664
208652
260951
270480
142491
210161
261678
147306
169352
148486
229054
213128
229850
200773
158231
261987
204249
248710
139318
239811
252932
154194
203613
203167
174665
202776
213412
245440
259852
203993
168955
168612
138169
166194
237505
171373
263193
174348
239909
232910
194890
151086
253085
171724
208241
174927
244362
225097
208387
141180
205741
187127
270216
225418
161535
268730
239406
271232
177505
169507
232243
255747
215636
172738
206161
145948
162283
269310
161848
179258
270730
180708
209290
173807
172526
161534
200643
178276
204347
205017
246060
148745
191453
163685
273543
239579
209083
140671
224801
267636
194045
213101
172737
144687
167944
220371
189608
273615
209901
150673
261229
157514
244921
233383
244110
155153
222538
201051
202091
249399
242096
247083
180205
141711
221147
227477
202287
263354
184964
149520
171280
248875
225262
242254
180530
145028
142713
213833
186148
185222
199617
187918
210205
170117
232343
244301
150658
270487
189671
183456
236276
153042
168225
190644
173312
158153
267472
140276
271496
267589
168618
218406
261358
204977
221284
177934
147371
177462
200267
236741
189439
174974
196412
194199
229840
176999
152937
150632
223046
148294
259535
268956
181911
229971
205035
181920
214974
205177
216465
203648
175133
218388
163937
206786
229016
251686
208198
161563
161864
260777
163355
254696
174514
226436
144897
179149
173040
245720
261356
212869
164535
206726
148805
181052
197231
181475
160873
218499
244712
244499
150026
210610
175231
242547
209865
224370
194643
260007
235269
159224
229427
168624
193607
190788
256125
187838
155637
234581
271254
231774
163289
201903
273188
143339
174887
258326
225624
195300
169757
191888
195952
168995
207222
244411
187470
175319
158802
260619
216579
227850
271024
228268
257385
155108
210276
224189
237339
163918
167563
203911
223113
173139
255028
161831
184464
271216
213568
241422
141692
212218
196901
201610
162455
248042
185473
157014
202409
268017
214903
226062
266912
224142
213969
156606
203582
195523
269621
201991
232503
231260
255858
236863
218153
246998
258684
181510
230821
253817
151822
190280
207149
217316
186141
146810
149701
146078
178680
141217
253647
158761
239105
201922
166947
213593
158085
248581
258052
167709
146867
154376
145153
207788
246671
168566
173574
172341
226634
265332
248344
202361
206825
163044
159426
208833
235363
172689
259962
152928
164816
243788
143597
170700
170136
220844
267924
248954
162296
255422
171532
258497
197419
259587
175845
153888
258134
175735
194537
246378
256490
151311
180046
211355
224280
247542
165914
239486
172702
199462
145445
182112
235538
146488
169173
148411
194857
251252
173068
192472
239985
182936
142932
181262
174135
144712
190207
263701
215917
201619
210531
169851
139909
221604
237753
229243
155395
216142
244675
142648
205948
151390
245283
177816
161769
253829
230743
233110
236746
166273
249705
226055
239295
162393
205348
151077
169187
201352
258510
160548
262845
235766
213884
174698
232964
140371
237212
161576
245244
172971
250974
210158
213091
213698
211173
232545
165358
250335
268889
254526
176930
159003
230429
255306
200558
172609
153214
178661
165628
148915
160483
214043
171841
166053
169479
192062
139805
258819
260565
228084
160429
260497
159753
181158
242788
192918
149565
147841
173403
269348
262857
254040
256489
181646
166383
173447
236658
241797
161068
212534
205938
258209
270909
206744
193674
142072
272787
224387
171056
248742
250923
172413
224244
177979
209253
242269
191263
158882
231669
201090
138779
262279
244299
226115
146725
228562
226065
204704
269300
232657
232334
212010
186583
254881
161581
200493
259581
252118
186213
262108
185115
143164
249927
227259
232575
204968
237881
241868
155387
185379
232433
229758
253692
183629
203745
230951
207061
157114
171879
212434
200953
141338
194758
256884
241081
238288
271265
175527
187612
152841
246908
251683
256255
213942
166275
260316
181857
208618
172735
178445
139852
190758
196481
139830
147461
222614
208460
209081
139113
156959
219916
202262
149712
201752
187766
151842
245312
195892
258721
231192
153010
218911
208058
222630
271096
172505
217512
201962
192994
145457
255101
239257
197223
149935
236567
271711
164591
274712
156007
249713
214689
166264
214718
179008
245015
221198
193783
177488
188918
228005
200553
261462
149913
162812
166900
243938
225928
167701
218950
215799
208140
203721
259178
212731
147434
244635
250566
159114
244643
238100
165488
154970
265936
194457
225192
183006
195647
184872
263394
218711
236484
196928
257338
198119
207370
139801
222637
152689
268196
270129
206661
220904
238084
215768
197095
173905
161243
190413
208315
211883
228778
239131
156424
226051
167100
231051
154367
156062
174985
195524
266635
156810
217833
250380
204125
195814
145952
268856
196678
225438
174586
219451
197863
146420
218080
197879
179735
230056
226164
159869
201270
261599
180814
148084
173232
150094
166395
153551
272118
264115
177511
236344
184488
154358
216752
208434
150607
197490
232986
217652
243076
271625
255649
172727
144367
180842
181501
221969
166685
176835
152920
216663
255017
255194
181896
198968
197355
209798
263950
231846
149177
147795
259862
162528
266169
185763
257962
222668
157602
198587
148291
164401
215193
270043
164845
161292
178515
164493
198785
244134
235521
247546
216581
153722
195056
195012
156399
178996
182670
199163
154588
196584
173064
179354
262948
235193
154573
157158
247498
272193
196027
183896
142763
235060
146010
224528
187423
184157
234541
256701
217812
238270
209232
191556
186372
159254
254596
164726
205647
179467
216004
163757
271849
213363
249228
266139
169649
270290
249956
245685
231348
269783
193383
261946
186651
141636
223603
230889
247771
186916
186269
239651
202192
175800
266314
223877
230103
261301
215557
208373
216325
139709
174552
166538
223070
233393
162437
147768
149437
156287
227566
148715
148477
189414
269990
263606
236040
153472
212004
188078
266595
181931
200163
258627
189173
222280
257295
216248
144191
162923
236844
193268
156783
268500
210733
196138
161760
221954
240568
186975
155189
189428
142675
173533
271956
144782
156251
183725
219214
209320
161748
244053
148252
250890
255723
260066
142283
179873
156184
160747
184756
181171
170960
256335
175732
254482
182782
244886
179126
264830
210369
177920
265025
230259
258231
241285
175550
242608
262311
271865
257205
250909
182152
227884
154684
166909
177656
143044
261924
270516
168879
250434
165586
220564
231399
175182
196460
203052
225524
250902
210297
199603
170806
184841
263113
243912
195637
165232
240215
176342
149345
274168
203065
192683
150374
181732
257935
248046
271078
148692
164492
156109
189341
249041
194290
171273
232662
140492
212593
223915
267670
243698
162615
257469
224322
240881
168920
159346
141525
180828
196476
225999
269751
192921
267875
223548
181579
247060
213417
165775
156555
139553
265246
236670
264203
174216
235636
229740
266022
173172
226483
141424
211958
206072
201457
256246
199057
183546
192442
261691
255300
216109
189028
241122
176335
232401
167230
154508
171348
150349
236042
214828
163101
248878
213270
225666
180121
206862
224727
164862
265674
199986
214555
231467
185898
227426
236843
259654
168217
251601
216438
195204
168871
165241
253652
264948
209510
226024
259934
254944
205851
162241
248689
141513
252671
196479
238117
172637
183533
212166
175423
164912
150176
184569
200095
186726
138272
262250
262133
267211
246665
219331
253111
181546
161876
203779
206250
157967
243348
247587
245256
244363
270525
149819
183017
223790
202089
271258
154686
149363
230628
200611
172336
234887
191429
245810
243708
172624
215944
161921
162497
142364
197750
254332
263232
182743
209059
153958
215502
188589
233592
220251
243358
209462
258450
172576
266749
156040
246720
154452
227463
205063
235927
221962
153395
171225
235166
191118
139378
255559
152037
234882
263209
246441
158368
159964
256492
235922
236530
142742
244474
180386
156559
266021
216122
191807
193246
173192
242334
147023
221958
167601
203777
140224
264255
228108
188180
221333
265952
143817
167602
272473
183311
205197
190747
269663
170550
273875
238083
240600
161365
145908
154024
271357
232704
271341
159288
236641
167327
147829
163696
210318
226726
139247
239158
178105
234413
260269
196722
262881
211783
230527
200020
212550
185036
271273
166598
228012
245452
241306
262437
185931
176078
185281
179365
184561
259154
221812
153489
255242
144146
265712
204461
227837
149399
266960
205259
230993
166648
233234
251520
201074
207763
144001
195491
265668
183553
221813
190358
177153
268378
201389
206338
140825
203495
272272
168606
264239
233114
163770
186406
152214
208498
196441
215909
143346
144659
217534
167134
182783
197757
262653
238551
221801
228569
251050
263119
197456
234797
157593
188567
212129
147261
253554
259086
182214
189598
245920
214411
154464
219213
238989
193609
255225
203282
194153
270747
199043
143372
189548
249751
225149
174719
149977
180982
191825
260718
221492
161602
194888
175769
270800
245203
173652
269892
267529
140137
196775
159768
233257
256075
220194
158260
201345
148186
232184
179223
211429
269682
258347
241468
143519
210188
255794
263775
141616
156710
194166
138783
264477
198459
158140
220592
151210
228751
175864
202581
171311
164016
142758
152946
165472
274315
184028
209255
206895
169938
194069
264482
174821
256322
187947
205749
202898
196614
159383
272344
191748
140041
176768
217467
263344
225565
265561
261563
193789
217124
260049
261151
268813
167892
255404
215922
185537
242586
217803
249222
205608
190749
226747
197450
191530
189304
149794
157258
241699
264205
248191
228975
162162
142910
220364
189577
195433
216323
140108
220223
233829
217875
241603
192817
138676
195571
273148
257100
184534
254406
140889
251762
175465
259043
192163
238038
235303
139347
230991
205213
237256
189561
256866
247463
172182
257031
167435
160259
190108
227704
247752
233925
193548
149697
211858
255057
209619
212681
187212
155702
143374
155974
148874
186602
239902
202381
194867
221804
256303
180624
249407
260561
146778
237343
219194
140380
273123
227780
248467
264698
156224
183028
221760
142093
245699
143589
269684
224132
226686
228079
267240
228376
251510
224860
140508
209086
216318
222156
180072
158529
185851
185918
203757
207282
138094
253812
238504
195156
166747
166432
223414
193653
264571
154000
231735
216919
165580
141031
241475
232505
229785
151727
249789
219233
188981
231518
173337
170919
176567
216699
144032
198707
259469
163004
215689
165474
242198
231149
234984
144305
170947
226384
205123
267995
225471
253783
252852
271721
144582
261821
258031
268278
158371
205548
197979
231707
225809
147837
217914
145473
200946
188297
190416
172955
252683
200691
230831
212690
253827
245610
242521
205216
162653
189421
231976
269637
154610
271944
255352
265634
149971
164687
163897
165303
170720
193128
176105
248319
160231
210452
160887
262873
145832
165107
151750
192198
178524
175751
197036
235774
218725
206065
262512
254472
179657
257146
206233
166188
169603
163190
221317
138443
183723
272815
246857
156191
247846
176784
270268
200183
260827
200625
141716
172211
209740
187000
256907
193509
186544
227058
206404
170892
218215
149331
217232
222161
224107
234939
216048
241864
141476
274272
150911
226138
264325
166849
145314
219325
208225
176489
274134
208486
201271
162396
177754
185600
182513
167233
195987
153949
245066
268273
178514
179644
146933
171937
261073
248974
174994
234192
143040
193545
187411
161988
262834
271877
199056
238376
206635
248384
273318
144816
184740
151831
167727
153465
175913
237471
249398
174286
169153
188999
253715
199973
152068
160079
194992
235671
254116
265403
248639
255108
189395
230669
244584
225290
193571
228066
180321
177915
268481
142490
270333
261288
142527
189862
248652
266446
203162
248870
151998
167419
198642
271118
211492
237157
198602
261106
188327
189139
149094
216257
198547
147215
219908
153329
155057
150033
159528
234597
269708
189687
198858
179289
273505
201669
183755
203706
223111
231027
249473
223705
173570
205152
142361
182519
257073
151206
197769
213416
175689
232206
206124
139664
142784
147566
191168
268590
207249
154260
269257
235620
234412
180502
157509
245474
239696
186761
192129
171992
254101
164064
252933
262117
228331
162806
259198
144411
268849
230570
152751
248049
161144
157015
266462
201045
143830
244303
204003
264640
248304
185407
139455
173483
195017
239340
156410
222889
218022
172968
230905
268014
243249
272893
227183
150245
143075
236384
144863
262407
170578
174457
203309
192088
250749
264874
252194
176638
163520
273500
142773
170695
245021
266544
210069
201499
184314
195775
153814
199694
157318
207419
230154
269229
153361
157156
167699
237849
185118
145813
175432
208275
211986
192436
179066
171825
179138
215192
152044
144965
268594
209028
168547
265812
232926
244461
260560
187942
138713
183740
181333
179990
143632
143973
141874
200076
161644
180742
225788
231884
198263
193357
155530
156447
188101
229203
213917
190097
218847
235500
218099
147652
244623
157329
198741
200156
213742
190653
248387
209137
197261
266006
214066
259398
265004
247092
165651
251477
197613
259782
208185
168471
259096
272571
192815
197893
249153
244784
196753
222276
179879
271862
201545
215516
230666
205836
157401
185974
242177
205044
244258
191296
220991
218185
164446
145315
175394
270187
160749
261243
170477
144311
159526
186284
248174
156827
248604
156338
259193
256859
157119
173834
235697
233479
227239
161079
176570
213140
234524
182705
193985
142557
240553
230127
267732
153471
182233
231215
247491
207518
206643
188051
229501
146440
242893
236415
146517
272700
139230
177322
187006
155314
211896
170049
189841
146833
244199
236141
245068
262267
197193
195463
256360
162998
177933
165948
157306
159805
237975
151580
170057
199639
176753
182676
165949
140025
264322
187236
197249
159602
257923
188096
186569
149829
182724
148340
214457
270243
144732
233517
172859
252115
194176
191549
179379
159706
235787
165449
149507
195010
207090
208696
172412
158524
168969
190382
234849
148907
211706
204599
270203
253411
144571
236129
244520
179020
188217
163616
273863
187313
264857
246151
216857
163585
259264
246729
182609
216303
211021
217798
159726
160193
247765
147670
243087
264423
157410
203803
179841
272421
222063
262780
205618
193565
151906
139586
181916
217871
150600
155870
236174
258992
182249
146828
181322
263610
229061
247368
253456
183124
159829
217702
148255
152455
235308
210822
250577
211596
168782
191914
248470
158069
215374
269729
251703
195440
187692
261273
230373
177875
215338
272966
251108
138120
148055
182140
156502
228656
171609
171360
241431
272623
225484
154728
158475
235912
179176
206459
217847
148347
213115
168362
181995
218682
237072
179284
238948
213182
179253
193941
232547
138958
175727
207141
267798
216645
272141
153624
173156
268899
215638
194583
204206
237874
256602
220139
272546
219249
172160
249331
267313
244072
243789
162411
214429
259856
190150
146505
247454
246937
245262
141816
186757
216481
209647
231379
273676
239823
174212
260843
209365
157879
240028
229294
195358
174833
200968
225428
198436
181667
208142
191916
259220
222893
218072
188809
184173
195471
173086
174522
259812
266194
198471
162587
242630
154504
196702
191520
197094
242800
243327
149805
246582
208056
247078
195623
162333
175365
179663
152854
173176
191124
191009
242381
248825
210704
166340
262275
138749
212364
234203
197778
142217
185951
236432
198417
166745
151932
203589
235173
240571
249250
254913
163400
261627
237298
236305
255116
227688
151627
203120
197159
257679
173456
176615
184293
254030
249058
179743
147779
176196
249062
159496
190722
265200
217392
174203
221899
196060
183697
188645
273586
272377
167425
263627
176050
246965
198768
255631
250507
260239
159605
158470
190050
143304
205304
204840
189712
223295
170158
226405
250801
198294
140306
144260
234609
146831
240292
263702
252061
208554
256393
146504
153335
167713
242520
227107
224799
164111
220351
196955
200578
156419
141551
223292
239436
142878
229446
249848
225798
251328
238535
241987
249170
237981
202326
163503
252955
140333
146204
141327
151445
255008
258959
223260
156005
169222
245710
272885
250853
226100
215225
205512
264360
159182
160703
210162
260583
234109
270284
219449
140842
237869
202315
138903
221794
212437
191757
154631
216571
272134
241655
248691
149612
244292
200441
215407
181862
145020
153388
204650
201111
222380
274294
212769
175588
262918
231222
185479
245142
235864
263933
193011
202535
272120
196480
204742
199365
140340
138452
236621
221776
164050
184690
242451
274095
168641
207318
200661
162523
221851
152688
273916
250929
178910
177690
217774
268888
241776
217143
225683
254974
266382
223969
150976
149296
224915
197359
211943
192770
200166
172798
223050
194755
255552
269407
257422
155717
265615
261937
208441
190380
267122
221607
257141
156583
218670
202166
207979
252137
159784
271736
179469
184616
229960
214075
190805
237402
189562
245052
200511
232937
186235
263618
254841
164010
173862
232233
138861
204744
240704
250657
222918
256930
211901
194928
188370
274292
201824
236077
202415
170747
192317
216599
223952
195402
249155
197496
183298
232248
156675
145787
235042
171114
172881
257819
211005
163895
214857
151314
184069
266175
260406
150929
194375
264929
251151
221588
252422
185847
256409
187303
270485
248526
223142
258751
173425
244738
157274
226821
229281
228907
274268
263075
146394
268070
154052
164017
254826
169484
158790
213144
202913
161971
183818
219533
153794
194511
151913
241967
215433
169000
229326
258291
170623
207689
172999
214731
242028
204242
190366
149619
176762
271367
151192
187972
166854
171256
161455
140477
210772
243856
200098
263203
193179
138225
141497
171933
247394
263171
273273
202171
198806
170066
181297
229685
165730
191494
202663
272053
166283
217707
191930
182730
165250
179496
156398
168478
159363
234185
256219
207536
200731
169985
165689
224397
258002
258023
260059
142158
174081
149114
272820
273347
174476
162796
232960
143642
204812
209183
146433
226478
165885
253950
208264
141015
143392
190697
234297
229237
237433
242944
158170
255216
189402
186712
220766
201987
226249
183149
259251
208018
192276
250754
156207
216132
146603
201964
152419
203188
176284
222372
199942
140855
268289
201577
231745
250570
221595
235195
177052
219226
151277
254832
199443
147407
197412
265809
190873
164595
226260
256612
248918
139497
250623
197129
179677
266001
246344
216692
194400
244238
240898
197616
206734
226114
191751
143779
214651
224245
142160
224291
238784
196659
160325
153921
232630
157225
199073
262874
266504
255448
168712
248725
195751
200730
164091
156103
218315
234704
221643
175547
144388
187758
220437
214659
191344
256383
170232
242845
217563
212686
189721
178709
212961
183374
197922
271086
251564
156786
166762
175783
152788
162789
196295
244933
159226
262907
170584
214434
221227
158398
167126
165435
195805
205479
179731
147595
229019
154660
223527
271832
194876
249388
273483
141559
145167
268104
272173
201919
176883
260764
177425
159057
187626
241720
264517
152827
218039
145649
140749
162472
146835
195075
145056
153179
160994
269691
214161
171435
151395
237541
269182
228378
159905
240208
224120
144576
159835
242941
196365
193777
260740
258293
258835
248051
250733
156807
220883
171546
224835
157964
158785
144145
146333
141437
218990
248343
153050
194653
168213
250553
140915
268493
252693
244164
249219
167443
187563
174095
247314
144491
200714
179031
255381
249355
259364
141472
156597
164976
240490
193111
167609
195789
247306
184523
219799
170689
227570
252484
168265
229993
145596
185409
143560
237927
148402
196095
217552
152612
236624
259867
174637
168137
237052
179152
219311
222924
186421
189626
249264
164625
230207
249938
195529
266359
221626
270135
212086
156063
259916
214001
173121
158194
179998
228457
162438
238826
248841
190266
172619
147106
185411
140359
165097
197908
223746
263658
237347
181062
271807
260772
196308
211440
204155
158076
247983
215266
183486
198181
176515
225635
220828
179912
266621
259858
190717
179125
263782
146413
236795
229279
258376
238804
250126
219107
143916
263585
256280
159561
159939
147289
221508
230075
230775
254149
152286
225427
167560
224251
186185
178506
242044
244175
175910
170819
191798
209793
144646
219758
180040
258633
143583
143546
261453
165121
164790
232818
210166
238555
165019
195741
268734
242506
264347
155347
138802
235033
152911
211401
194171
266324
255215
243390
151663
185844
144856
180723
215670
166321
159004
181859
241203
152887
174591
201069
254099
270435
171334
195819
233349
149992
212149
231290
188699
262741
222418
252420
140872
265832
176115
255836
158399
165350
218631
233435
273535
154935
204842
270790
143515
258176
252008
260228
257997
162551
222685
233530
207201
263596
164644
182702
175741
175558
162052
151601
272132
151584
236083
251110
176379
255341
170650
143742
224188
177932
167200
243156
203904
199369
233019
219730
209995
183670
235283
235418
171829
215647
157955
226250
241732
271823
264529
214696
211801
208428
153467
218610
235578
248062
209981
213689
251974
145309
270560
181906
198568
159433
210118
185305
168543
211975
227927
261602
183945
270625
201717
210239
244098
229416
139898
182141
241725
213968
205366
242214
194242
174618
188839
236498
154751
272566
170249
172324
194853
162640
143717
268039
207829
265994
245032
259098
265618
138726
260097
145293
141391
153637
174532
253953
222139
168831
183956
231123
230543
252870
236318
240009
199667
148018
241768
258220
237184
251399
199623
206681
240212
253797
156642
260118
217504
178520
138614
217627
178304
241182
266170
245496
218427
232323
196714
208509
247035
268065
166497
157276
142659
165439
224122
149366
156797
205974
155999
189482
242340
166045
242924
219184
209796
222212
186728
165295
184236
218635
242960
194193
138289
204341
181803
250972
232701
224999
225504
243077
258188
264148
272019
248075
239193
148215
254457
226295
175750
247073
210525
188386
166317
188708
190925
251296
145294
241465
246869
209556
265537
222222
251378
254929
269906
151198
200105
257884
235928
144317
224583
173217
184621
146239
211034
209404
253606
228800
242983
158251
156698
269212
154734
258465
158692
170251
141920
252439
269447
248064
192174
147636
172908
171184
226592
223060
205907
202292
219286
198645
178610
247030
151343
238055
188990
142726
184537
143353
244184
271594
273477
150226
160435
160867
253633
229800
169341
169692
258050
244260
196603
244655
160355
193915
186986
249334
207153
138975
161299
266431
209948
243409
166691
158980
170137
186658
151012
212722
264299
188026
212395
270756
221390
193072
192032
257896
169324
205397
138904
250891
270554
272996
188602
202992
146865
228866
225707
195835
206166
220458
141689
209335
247677
150851
242375
150745
256889
160323
153104
196850
205991
200819
265393
128578
164878
223409
143605
189392
222267
256050
227187
267418
230140
178713
205443
159014
244436
166779
239589
155553
204356
208316
232847
158663
265588
144386
245081
169641
231890
224970
198311
161979
238575
216224
233065
153649
209968
216668
195351
254188
160045
157528
241275
234929
232759
154532
269838
268121
261153
148356
221562
256951
146205
219834
217704
242101
212507
255597
201207
238474
156334
167893
242259
237066
154772
225852
207268
255739
176747
166540
190291
223125
263194
147796
187203
163474
140937
204576
195563
143098
215264
184454
214473
186079
210761
150440
267653
157039
139642
138710
223809
159986
151090
234784
185759
270634
186275
154073
168535
145677
154234
229966
257552
222682
182299
255270
193292
272658
186362
227523
154326
271884
265722
185169
204102
168038
216095
246491
209181
261874
139560
170140
272232
153566
250824
225541
264584
167199
190176
221676
152081
176826
184628
229889
182604
230832
181704
177613
185294
140313
189949
224417
225181
169204
149724
266335
194971
190075
219378
209352
170680
229659
221914
177256
222373
196463
186753
176664
215356
205839
263793
215830
165304
155790
163436
252843
138816
224186
188121
202510
203212
203034
215421
169846
138860
165153
149224
241557
149320
167607
265531
237803
219412
257466
152358
271355
260256
176497
229534
220815
199321
168429
252569
150132
191128
223725
158422
182034
216328
182360
230976
159412
195459
147032
218471
161554
151945
213057
169460
217227
272587
256667
234588
262386
241749
209276
253291
261374
162711
204588
224109
235584
219150
272169
205511
264622
263969
225410
140287
238194
256963
144362
232234
226237
178845
274360
201761
262797
156140
146498
208400
266579
196226
230790
183913
255745
167143
192141
175213
259513
252068
268276
210453
158933
253907
236240
202879
155449
214219
185378
205034
233985
236946
236710
183034
171914
231373
187394
147008
262731
172594
174594
139422
174119
239265
221420
213961
246907
174515
150112
186389
140601
215598
247640
224043
189934
149211
249914
219114
201828
181327
245570
156877
225488
138993
200829
209669
220326
231040
227966
157665
159730
235794
249205
219676
251979
245641
217442
270566
250581
150237
263895
236733
181324
186876
271717
267978
200564
157596
188958
200618
175407
158786
248474
191293
200355
209015
227185
150982
238861
167017
149441
166217
169441
228302
271382
214379
156332
249632
155065
258644
201626
146659
261848
223492
197805
217476
238338
270654
157777
268161
203630
184718
256142
190961
162125
251095
190497
262132
225960
247274
204659
241507
211493
200501
268942
219340
246457
235785
248293
270855
175707
145016
201651
171502
225092
228835
245674
155004
173158
187165
264615
202926
141505
243110
253166
157038
269589
147765
248138
138696
201446
269575
146989
213147
239130
239872
197852
228139
185527
206590
190748
201460
233219
218140
155878
237068
154703
182012
177430
141144
184144
212709
176471
269003
230174
175431
187696
142838
197078
167992
180302
140416
182725
246004
254308
219050
158227
150576
163715
213165
179689
207888
209012
254671
270241
185982
272200
247286
239915
171224
210092
140034
171908
147750
244912
154391
191390
179828
202566
150157
145101
167470
198807
205846
205908
232518
211540
260177
228204
213205
177731
271035
259795
173306
214062
216237
235878
264276
206252
150682
176891
216635
215731
144427
260391
258762
230332
144326
205886
265108
161363
154556
139669
265496
168030
265854
223267
201642
269189
262210
160849
142706
216726
184228
190903
205580
162691
192135
242035
205604
231183
219613
151539
191424
161008
177927
148758
159259
254668
224556
181854
180306
156771
246820
274333
269913
235546
151435
157901
253996
254012
273932
259599
145246
245072
184919
167383
210067
184539
190212
214975
263105
209611
195116
188372
260830
160134
221568
265838
214094
254265
170319
235334
270868
219774
202889
221791
188601
164990
169358
217776
217267
183838
223642
204147
173161
236665
219810
269487
225861
158372
159586
212397
152320
193311
140101
141854
155297
219020
152886
272331
146203
148643
246089
165158
259497
188062
237620
201650
178372
217796
149832
187549
207086
169766
253891
257560
263797
262990
268052
187114
245790
241836
193668
169287
160693
253852
234917
170840
218887
231939
158363
192827
252186
165302
200397
179878
140927
259900
138911
217207
242443
227164
222923
146815
247436
242965
223173
161711
260127
150789
185505
160478
261347
164217
146003
145850
140594
273626
166606
161138
225527
144705
178175
143465
244316
210017
151084
239141
254691
208844
151862
200955
260115
232899
187540
172612
236537
158694
198588
140984
247575
246092
248690
195658
245360
214160
210874
186640
138293
162719
243442
254123
212855
257905
266000
157479
198880
180512
201590
164539
141105
256345
225242
138910
262589
228917
202332
217557
164497
253731
221966
143729
253171
242018
225420
263320
210061
216097
144724
143969
155227
172236
234992
268612
193847
243315
234353
220240
230186
158598
257177
148265
239109
185158
208780
138253
226537
243299
144412
274291
238475
143408
238290
220128
243373
236888
200732
273955
198473
249549
140119
154476
255086
144798
215071
244720
157931
220664
217440
223941
248636
183502
194023
239422
249440
199086
155113
169722
212691
223601
240603
240320
274083
258349
171997
258212
152642
222966
167477
188724
205468
184194
262398
165003
191329
171779
182451
245854
218608
192425
145444
193282
155466
222836
211882
139385
178079
145172
203941
259414
241227
144142
186535
213660
192634
177884
242856
200120
193382
157698
170330
226026
205161
170581
222020
235271
247522
181268
202133
202511
197127
263278
225696
141095
153260
264424
147342
185922
224960
170749
241629
158344
146331
154174
210547
269044
211430
155646
243418
201317
213446
205440
197061
255284
158190
170288
242836
164657
170945
146469
186043
256062
180692
205828
234927
167024
189059
142344
246103
197356
156961
225965
257119
253562
179156
237712
219923
201968
176619
198040
266320
144090
227739
214762
223088
271836
177589
211077
179961
175532
225732
235401
269376
179578
179429
179117
198979
168134
248222
261068
249112
251032
167817
187926
268614
238366
191863
199607
203225
233710
168946
251851
250435
222077
236455
263224
261205
241178
226719
235610
204974
221772
271743
213172
223098
211933
251172
253204
210370
214145
149277
179187
252352
266574
242314
193950
247209
206905
138326
159844
149476
214245
162042
219577
239737
208238
195222
151394
234053
173927
205056
184731
269425
220163
273185
200371
219463
265354
180858
143988
197259
165080
145594
193552
221347
166556
249996
199112
195485
266183
272809
153978
167683
165458
246999
216429
251270
227591
192992
269452
209951
178047
259560
178443
258118
228749
194397
258912
166027
268931
203962
231969
178067
183218
249828
228497
183794
244519
168458
236722
196228
232283
191784
138052
270733
192492
235211
182634
225100
192819
192748
265871
258458
219808
210910
155025
261080
234764
166252
146143
208415
264626
257699
169611
195412
242897
160154
256069
151684
215684
149152
274121
220008
150167
162718
185078
228501
242508
157133
249279
187102
196020
254928
168460
209090
210246
261395
204587
186586
179358
169315
214481
268772
143370
235518
210598
266646
215093
200942
273289
269391
244500
204256
251797
229214
181545
245688
222834
159293
167354
259202
247602
204758
229940
187299
273134
154849
194994
243078
217896
190030
178016
221047
195182
173234
183114
152137
189317
173787
161060
216145
143350
268806
139365
169509
266897
267427
188864
235709
162471
138340
215720
200414
201414
178674
217136
170935
176597
174659
237357
141937
234290
200380
156031
164298
229717
152517
246500
183691
160746
242835
272131
194275
241258
221153
163966
254877
170994
221013
267756
261346
195407
188399
199123
188702
266358
200432
165015
255029
231953
210756
172644
219305
154019
265266
253978
223898
251247
215146
197784
205222
227149
272234
222187
181955
187475
224263
251501
250042
173457
146307
216374
199293
230478
145341
237282
143475
194792
170679
153466
174815
186330
224271
186750
193822
230784
214340
142757
267176
249924
260286
198961
217735
269040
153313
182076
228613
145348
142301
240113
226606
215396
140059
174000
260551
269322
239592
273249
207304
215978
264114
204473
264011
161746
184381
154779
177297
183708
186019
140520
241021
160406
252066
238311
198327
157759
218962
150170
150408
177049
257418
142836
211558
259257
273638
204165
190736
220481
269270
147583
188896
194411
144532
226875
210140
263948
224281
146941
219706
209963
140286
203276
164098
139929
231736
141732
192479
197370
158097
268436
139086
268635
166751
148137
250143
248039
196919
246637
209795
241498
212848
138202
237077
150412
239142
150184
175189
193663
205772
241367
207272
213586
184845
181270
207253
219879
175933
168690
222620
177323
271549
184816
260099
243897
149931
157752
179373
261146
147890
238788
225165
196583
162423
199807
231577
257400
244840
216019
257380
179715
157497
139226
165369
157065
212406
155308
188457
169363
247708
174277
274180
187413
172493
149443
210857
162536
226205
233670
239739
179956
184631
139176
177567
144787
169323
195836
235582
140634
189867
235343
151410
178027
226808
226540
173398
190318
226497
234867
202341
241403
267315
162961
255371
143434
139666
200839
193584
247096
247204
261775
165990
194253
163569
167373
264330
153621
217660
142294
260713
231959
180574
267818
182889
142588
256877
226279
244909
213174
259038
175421
194931
149986
238760
233633
225610
200307
158825
213340
206705
191582
180160
251084
195811
273499
169032
252162
272335
148760
219038
159925
229420
231460
204586
178112
150687
203773
257214
190884
170313
232682
222450
233999
154782
206503
186432
219470
257453
262763
212944
203116
144055
188036
262862
173091
157737
195457
260381
204331
230114
207618
196317
147359
256453
140908
181149
258169
180019
255104
143373
168891
176757
266903
199892
173102
222028
220745
186257
226790
241590
226083
260086
222142
267133
214591
219366
260680
238103
269213
173083
270040
259296
250481
220268
193892
240289
157091
226695
179888
256301
218792
162313
269316
230986
228858
175954
142087
174191
185154
162898
168818
197340
212378
197848
197322
207912
273773
258265
257050
177035
242027
186425
155788
242812
208808
214371
228288
256516
153397
182002
188159
236071
184008
268427
160839
255845
180464
240667
223172
161231
238914
139456
259244
164685
244137
157876
142350
214496
162093
246431
232985
255342
247777
189977
221073
194111
269264
246848
148753
152399
141726
216876
196068
172193
253591
163589
147170
244427
243237
260906
179428
272664
183674
195011
201330
270185
225048
150753
157552
157869
203671
183969
164214
239153
214353
233375
245076
165759
153545
226778
219054
195436
180052
248562
148988
218252
156141
206436
252350
148750
250916
139527
266042
246436
156727
159036
263422
265912
138830
140409
202392
189820
251867
151361
219779
216461
274340
174111
262576
210086
216351
262359
162228
229941
237236
204295
164954
258737
204594
192875
200806
191312
268579
166954
192610
255485
257317
174282
250159
274075
266507
150091
163392
208777
197199
229824
243408
190203
167600
248480
273799
249596
239164
269593
140486
250200
156736
234872
254870
274350
244756
269666
151714
166415
194632
180540
142884
156372
160871
203873
147157
159629
143522
195483
206074
153665
165667
271474
247885
229459
248282
212804
209085
180298
222329
175283
182218
226991
199804
180822
167764
209792
204085
224639
270361
182927
259028
193510
173727
178066
154399
193376
232435
240423
273769
146874
247915
186615
201136
192254
160648
216372
192626
252256
158895
142327
186554
266434
261590
240142
140092
220522
229079
168419
208538
182116
242718
173169
147107
159974
147479
249035
213452
174797
250600
270247
231583
260502
215842
265937
210264
207028
158559
232535
185890
181777
213719
176465
260037
243347
208363
218053
236391
230670
151480
164058
198924
256972
197564
244099
223204
193491
159234
187294
144812
228698
232511
163117
255812
198031
169259
219420
222160
207866
259330
231032
245266
174702
202008
174141
241108
146906
178188
221250
224562
227684
238702
218347
138364
271114
233181
193914
191625
244638
168926
262350
268816
150534
202982
141560
151902
260308
262322
252930
255264
234625
161529
198945
241343
179604
201654
224932
188249
259510
261679
175655
188970
251396
163716
168189
152804
190700
253811
228936
260213
264707
154231
218724
212776
168783
154490
155859
207890
201128
201591
259432
155139
243591
237719
172137
254141
196627
219135
150423
166022
199375
224436
221042
208393
195861
147789
145790
198592
184379
233353
205645
188472
155451
207320
241845
224608
145080
184506
182160
196248
163492
253865
204021
156882
270052
230683
211732
243853
252246
242298
241676
166222
190294
201670
246384
233676
237572
247034
175914
253961
215969
146981
157669
150657
193933
181986
190174
252741
236860
155677
152447
138159
231346
249201
218643
189583
256677
231106
187950
254275
228691
221111
157613
159876
203506
175490
232208
242902
251403
172099
246972
212294
229770
162771
186577
244744
149767
195048
157674
270725
249707
196999
260933
140203
168758
251719
215915
187737
264190
182966
159704
191846
217799
172252
166528
262559
273810
267759
233030
169502
178059
259620
257265
267093
163265
202071
246891
248371
268254
194095
184861
226204
205254
149734
237907
151657
150186
252998
186623
161789
157740
230978
173271
202188
171144
170661
218520
195181
168775
271954
249684
169136
216136
200342
246586
159145
147960
224558
217625
256252
221179
268718
206165
232390
235139
184205
202981
210994
177783
269956
220960
185271
177887
266013
205549
191802
235618
196118
208540
217347
266692
215097
241984
186596
214085
151744
260498
202010
233142
252411
146445
228276
262628
259475
239968
160878
138550
253741
203654
148518
143582
172769
199308
256660
252018
243517
143195
163344
173949
145548
217725
200173
150075
272017
199356
251699
200774
194440
196951
258101
139348
173043
150260
229069
206789
236772
236542
250607
140374
164772
170191
181996
178379
218529
245409
146752
159100
161717
237711
229235
167737
162050
148442
148937
228905
149206
171075
155821
249261
169781
192455
159102
257559
140075
179250
198347
201865
144206
218279
221510
251049
162033
262872
201468
188737
205435
154313
229722
271485
222118
220165
240023
238860
223737
145124
153087
263304
260526
256274
199362
229886
199010
243216
174112
226046
260008
185694
163811
250843
235121
186532
180259
193202
174028
166628
267222
151193
165099
205969
166585
159549
221619
184575
234518
142601
182256
154298
246444
217205
267073
235277
165716
226992
265513
177245
240727
204278
207891
256902
140904
202994
237055
151201
199755
240874
268487
173977
229438
178526
269654
266471
257106
172633
165199
143543
259626
154108
246610
171587
220752
185558
177853
177202
269335
239003
167731
219848
160736
242322
143994
178763
143497
139536
243749
227491
209603
251772
236326
204691
188545
251822
251131
202446
261766
219018
157580
249075
175373
223477
263450
221516
143445
248736
215556
157718
216016
171399
227043
212029
142260
205543
142118
237004
183550
223134
247828
223916
259576
172805
167446
269856
226932
180131
192022
229532
235887
142334
261928
240581
154295
186639
190299
229755
268450
267856
252168
217769
226806
152679
211503
220692
144160
138604
270293
187347
272810
174624
161861
249413
238765
188607
176458
241098
217462
138165
169337
183556
200514
254445
240920
247366
169065
170827
174578
235614
259811
186782
163546
161333
262659
163530
200075
241527
162310
222527
226529
153474
227539
177289
241290
173888
204296
238319
228317
234873
189699
227604
219989
229282
260721
170898
147581
155752
166524
189624
147030
206926
173498
270502
240159
223954
189763
169597
195702
211280
233857
156711
183981
165795
191382
243483
172065
205903
249583
175676
218833
217510
158656
172883
153716
143219
195213
262706
192493
262612
142250
187669
160939
272778
199597
239704
252022
208706
161381
254350
270632
203658
256121
266318
199101
154989
256796
144198
183469
168348
251871
246941
243689
173967
171324
200440
194361
223249
227325
148074
221466
203667
264993
221423
200573
260144
205727
183140
248917
202803
238324
158125
166360
264373
189882
255888
156309
172785
170948
223186
207418
166694
242910
247494
152263
174394
148050
179109
174063
269685
155940
210626
257783
169380
148795
220951
267035
248089
261695
202231
157217
232889
197690
184947
157926
199805
269341
185381
196890
190590
183618
208723
160352
217838
256940
222091
183936
268658
270358
255887
201950
166278
153218
174349
178743
217292
262422
245607
271949
243127
246064
175142
163741
220944
184796
256753
246315
211562
167221
230111
239206
214583
239712
255605
228009
219839
194297
173954
227044
178874
192892
235070
158005
170215
195112
272960
169133
139100
155520
192802
173011
265405
138390
174681
154752
214781
159449
226793
192857
167213
250204
176010
222626
160098
177281
257033
167130
153850
246630
227768
218387
146539
172087
161620
195445
181888
194087
219571
256570
264734
165547
142358
218011
162348
202523
195068
168514
234457
273828
178930
267959
201508
216507
163116
170588
176735
245553
223065
240979
238435
235232
172176
160361
267943
167824
140514
173749
194734
241890
226198
260864
176462
254057
199107
216715
264954
143113
161944
269811
221537
259465
198740
166742
243755
218540
188641
176281
201263
184770
153821
223054
215144
209458
220212
148404
252673
169376
145643
141604
217418
186517
247191
197220
215257
238487
231906
165218
178410
190546
186973
160405
229151
152844
242518
204400
209244
229571
140787
258378
217199
183487
139396
246015
216113
178430
247051
241818
267923
162723
188845
246585
265446
158618
231329
200325
157145
250149
170346
216234
228211
154335
270431
258098
179897
247387
220477
250813
142150
203927
138828
255514
199852
172349
209068
171098
176317
270364
196462
142926
248484
243978
161525
254064
207025
213285
147961
231364
206755
175371
177086
232890
147865
190544
178949
267939
266712
156548
273567
214098
153145
222865
148263
219705
246017
178915
257702
198513
216319
177051
223785
231466
173945
208164
180694
259163
223401
270170
209877
150359
153904
259835
167868
143228
174484
227918
274414
172300
191606
243419
250517
234809
211264
157050
225637
268287
163571
257637
189362
208229
231475
261219
215002
187492
233123
271690
171413
223064
238299
192354
228397
192714
192122
255531
149745
227241
270539
247281
174005
254541
161803
175014
246243
159782
157236
139132
211618
142345
248349
269151
207954
169282
174831
203112
215074
182693
249722
226227
246578
157214
265469
155334
249764
174046
238226
163111
253165
261690
224743
272979
201909
173198
260792
270674
248831
143634
223805
154300
249018
151661
236023
191964
237910
216055
171064
206560
240484
232717
224014
148157
156832
185087
256365
139926
223770
242224
210445
190894
176712
266374
167692
265142
230330
159418
255066
214164
157570
251975
183751
246112
221542
176000
229004
176469
173673
232901
160412
217107
175738
162680
168071
264326
253496
175675
273063
256655
211508
195247
229721
194274
185399
186773
273464
142201
225042
170475
183223
219367
152544
144272
175357
155789
186435
195134
181823
220623
148037
163224
270199
263048
232905
202936
218846
274356
143112
158244
222761
264365
221160
214756
193391
146744
204894
259853
241670
221077
246482
245325
228630
143689
240651
190703
159000
267821
144233
192423
249109
143886
149646
171243
163148
230757
220146
181375
179639
192550
176107
269485
191551
153456
159386
251942
188859
267081
216937
252583
184489
170586
218214
146574
159560
166838
162051
242737
172305
227082
230734
190647
179267
147871
167138
142333
249502
170793
264316
218591
256792
270526
168541
221756
222406
252977
213866
141904
147079
150663
213999
214080
251387
223355
180715
232335
152923
234845
196280
244020
174226
172165
267270
203523
241439
254948
261961
216336
182610
147423
198110
267474
246466
154387
239960
253135
240760
269004
147620
181498
192648
152198
244837
252478
239934
257601
183286
219971
142561
155335
175108
222034
158552
197107
251694
163174
250940
231788
268175
253678
229764
201928
244471
171656
196268
231104
167363
155040
209549
183910
201737
219539
225596
167784
216850
142104
223133
168644
194370
156889
227626
242417
249831
241711
249100
218291
199789
238601
194251
243264
208601
247577
228761
141284
236975
139796
177237
152817
256563
257869
215434
220943
265095
206357
264660
232912
226373
273582
176583
164821
213460
242062
178940
174926
181219
270272
266062
204859
191323
166580
254703
226304
183874
248116
197963
146724
152213
170802
167428
223100
226394
146947
142455
217693
140422
208350
272549
163387
151488
150808
195269
163077
247903
231407
264146
161997
211559
221134
230138
206120
211097
178196
151056
138343
237202
170301
226268
180453
177314
151381
146201
231159
256543
158558
190629
212938
268292
180475
141481
217129
179026
170870
164229
145486
221584
222977
218355
146993
253179
141656
147854
165884
203250
213472
196070
194655
171312
200339
267064
208205
259582
231984
269952
183379
255712
187843
184829
248786
222463
261794
223109
225584
171065
193181
245045
202908
208024
148609
211959
223421
176073
170395
177159
183373
265040
241621
258859
257266
169320
160856
222534
167069
251766
144252
254358
220018
263809
219341
193043
138308
224000
187070
208072
143051
243661
265086
266073
249836
185334
270814
149516
265877
216995
274238
160270
210142
185782
204646
198154
272276
240124
166961
159276
245483
250782
145883
244954
179337
147522
166104
209468
193271
232816
230036
159155
210824
179482
264859
178220
151244
144372
160369
185386
216198
161353
154730
187604
163463
144932
243648
144657
190083
174575
251374
231381
166896
269598
176228
169818
260368
168447
155173
177510
212950
157384
187270
148269
227788
248182
140605
145200
206001
190572
152595
187515
260746
260011
185437
171304
223404
244509
246976
181147
184921
192195
153263
225286
173579
148183
200757
242633
158682
169305
162843
144477
234562
173993
147723
175299
174427
160851
246485
273178
181118
148936
216958
266816
167897
239325
253738
214779
269731
182219
149145
181156
192616
202611
156581
188624
184149
150199
162444
220286
144613
139877
274084
274227
148127
226693
232911
196640
250031
196635
271137
241491
191665
160160
204917
262510
228853
259559
229671
194897
225704
176955
160561
160786
173630
232344
252917
199170
161284
250619
229359
236404
216120
165170
225644
208372
224309
262481
251895
179568
166341
183905
253645
151761
165666
152039
270212
201558
184860
188597
180744
246714
237219
220347
261910
172597
243171
232694
170673
201562
193186
177184
178766
258740
255193
208325
179645
222571
150865
268337
194127
184704
227347
153527
183099
172836
143409
165276
155863
253429
208265
155596
267799
238439
243047
171533
168512
244159
215548
176211
157786
157435
210128
201689
204939
263521
247288
254963
145994
201170
250037
155236
165740
267625
143879
267722
230402
211399
183368
160518
225935
212340
245441
140186
178604
145064
201183
141013
272536
219281
190071
268603
232590
194719
217671
190209
239867
270505
142525
254330
151766
178638
159253
173094
140618
253304
186629
267573
224288
183718
145996
218504
194428
233348
215231
268797
212304
198043
183295
170272
174314
253655
247947
147815
220167
227485
190839
271646
215001
215079
236631
235311
258935
229074
245617
258187
247089
246707
156283
248584
197787
257099
248877
168044
214130
234833
177747
250531
149248
149212
258525
268099
167237
188891
262292
263166
259277
248434
256099
215814
226901
223613
168223
210268
195578
261449
146925
242399
259268
221892
178292
193790
201162
225011
144513
236961
214811
210443
248250
265157
197661
147298
255983
194453
201013
224306
192011
165523
230481
233340
269142
146694
187861
163283
253667
204273
151596
259531
146608
243267
181570
187875
154618
234401
180446
165649
205419
226938
195443
205380
163982
209886
142950
138561
254046
197717
199390
183427
236016
161367
210883
233359
240064
246667
248198
195391
274162
205550
183359
266801
162149
257383
151828
226556
184208
216283
242480
149327
248315
204212
220342
200640
174397
176017
214343
227713
246522
271480
209107
204876
190124
240436
185885
201636
241056
227481
170795
186136
141789
259781
170621
174290
207132
161806
241598
145711
151693
140772
239450
185210
191394
146610
169880
222680
191418
161643
151043
186153
164114
252332
192594
237956
148585
148465
235436
210568
183238
214251
157262
172996
213453
252770
179440
214100
173470
167490
146101
140086
248381
138086
263398
201282
147696
144769
231706
185293
150503
190129
230725
206331
261781
186468
175899
186259
230250
169887
269639
170294
158405
166710
141498
230484
173583
167534
184823
241636
260501
191311
269013
189714
229933
200707
252038
143033
269239
186503
201664
194277
190673
237768
255153
245143
205277
158373
259479
162225
149650
233949
214694
207571
253524
180198
139940
209874
200612
217113
139438
207207
186672
150649
205589
149667
258186
184889
168823
224372
203126
263009
146194
167484
264282
246893
246727
213342
213248
215287
244042
253958
265042
270598
155970
186652
154777
139340
161259
219217
211970
205525
191431
184856
259349
187827
206312
163132
201864
228886
202456
253477
145312
222176
192162
238037
145600
212661
243277
218606
248305
162814
241296
234695
140762
201815
143416
180859
185825
231613
256993
236606
208617
179335
198463
259908
271708
145042
175469
224815
254354
252632
270627
221497
236708
211102
210050
243743
149778
166553
172205
203476
173853
269089
171642
255743
220031
175752
193860
273729
227854
193158
250287
208207
149199
141715
257010
194438
191345
169449
231179
190765
181987
193443
224237
225701
219611
161111
235366
245601
141831
183983
206281
255486
138663
239349
145659
214570
178742
241114
262894
164560
261866
255694
226512
161023
172433
141052
239268
167517
139921
258814
258888
150596
149057
174983
167483
223855
232452
196784
212005
145845
271012
258398
260569
250655
189894
163055
212605
141592
243931
260687
238312
139104
209735
203768
164436
186521
192044
183103
186458
204092
208555
267288
146297
170633
223344
207183
197853
178683
147539
208248
219304
271358
240676
206232
189613
262882
175341
154477
236347
246266
212015
273519
237735
188144
254366
163680
174604
270035
249428
191471
258554
249852
262657
144771
234781
234188
245691
145855
235667
251619
248901
209554
259938
148473
261530
183170
243535
182959
177167
164297
271399
215716
260660
163668
182365
248296
208937
205315
183445
252467
235217
176505
142537
250678
218254
185355
169205
175329
226453
265862
190692
167211
179396
254768
148458
152436
213229
183944
261188
237167
139655
256271
244704
246905
259730
253778
261344
218186
184526
201847
150796
154187
150288
152093
141435
196689
192048
190252
147738
267123
171297
147302
155241
236891
156495
258409
198050
146973
187288
270507
220706
163767
231756
181202
176092
253683
142948
253862
256703
151560
218495
148278
223797
259642
237841
212219
181858
224919
158250
243297
263781
174074
243918
264846
237338
193623
220946
170775
270698
218328
196225
273219
203598
145655
232142
193062
231482
247872
167773
147276
248594
255834
271077
224611
177301
209021
239180
168986
180125
202741
226172
145438
151366
144126
162877
192260
187527
168791
166374
273885
145132
245096
245784
255707
197905
255254
139131
158328
265916
216563
257088
215626
151432
216033
148547
211686
167398
253669
140874
165289
212956
186760
238190
176495
177637
237593
243714
207463
214084
190244
248617
269501
254815
190753
155429
249762
216633
235424
200366
191732
266815
195437
254694
229874
181581
212320
140155
249672
218514
270210
233874
258929
183848
203425
267410
184426
268929
173345
201905
180368
238778
172141
219716
158152
228285
239275
157834
176095
143618
181719
264441
216377
250887
217374
190594
142306
164450
209288
158074
230934
265299
217920
254878
245998
231628
195709
229322
231344
162485
159638
162777
244606
208900
253585
262917
253340
206522
219183
216981
190976
147876
205390
174366
178282
250337
264820
219065
182823
159914
228026
244892
194435
213092
145635
260642
222558
152545
245008
177045
241092
140428
237878
237548
220150
188733
138497
152027
259825
219434
213581
256985
200810
167686
229926
241924
195686
155733
188797
154663
243386
204471
189057
264823
257371
246189
181159
211191
199340
141793
215207
158035
240555
259884
158644
182779
236210
257794
193852
203824
196467
243674
215018
256451
175641
152782
267220
202500
223459
258624
138569
202918
224431
207037
210138
245350
158526
216712
177780
252205
266877
209943
257504
151555
185916
248232
216128
200123
138918
243111
175571
146487
232770
172870
159797
227672
156164
184905
210720
271177
147194
213871
263072
167086
147615
180722
145638
226189
225777
182911
247858
181754
202938
205180
159652
195212
273892
139896
198814
141349
216249
158547
188677
203987
169334
209491
181806
193410
213295
235110
239067
177533
212303
243391
142563
219717
271975
192331
266099
236505
259039
141599
267103
184879
260826
241050
204417
160835
157242
183077
178028
216294
273009
245644
211487
236902
239648
154600
190962
240261
271923
190052
252859
206407
234889
225888
256624
229782
222474
232971
219651
152821
141350
182449
258499
247242
141650
221088
167411
177803
183954
233755
143604
204885
144692
194154
212250
261600
264252
236327
230099
215042
195321
212121
204433
241503
146786
233682
189503
246868
237787
179232
263389
223637
241463
235527
178590
195060
147393
141220
262231
189322
183621
192975
216867
187511
202252
260050
190054
248879
181974
220413
181844
241289
170978
274309
229777
158914
226283
195901
187135
162992
156485
202939
193434
255508
192946
235265
199951
224656
238218
227419
195802
141693
183320
234198
241975
213232
178219
148876
195774
213151
159180
176247
255388
271287
147132
175989
260967
257347
238163
141252
213454
243785
183803
197509
168290
188136
253710
184300
146576
185489
248132
258964
211918
267494
262798
211163
230440
231509
150751
268681
149714
210520
214380
161123
201086
164426
150056
184746
249379
209239
216765
180002
147362
260392
259953
270721
180179
176184
162126
203874
265336
272704
179022
231362
167432
225633
263506
183636
208591
256428
202102
192517
158313
174218
175817
238700
204376
252935
217640
224902
238543
141471
256523
271153
139914
162542
205267
145660
247133
266571
229395
237089
197544
231414
239981
230453
233596
164696
190237
174621
214345
209071
254115
154776
149651
184602
166627
179059
219656
138374
209167
214679
150296
251793
157826
212491
264625
263865
187384
171604
180020
245850
186249
242787
144671
234391
158947
175582
270977
185173
164307
149859
159921
251834
245916
178040
234011
231881
178491
163322
168451
145696
218726
263517
223493
180129
255321
195430
148328
192078
178969
181362
185338
260455
230325
201040
207017
190167
181112
271770
160687
259500
199406
259797
240622
273023
230535
266352
233453
187326
206929
157200
145297
210637
148658
149607
170180
154408
245455
249948
269641
200729
138845
152704
158111
143073
263421
236125
230571
164394
239567
197511
245189
214868
143982
154254
254277
188160
222791
238513
273641
155604
151164
211233
178770
254232
229388
206014
205310
198065
177177
171063
197876
167663
140196
151312
254562
187170
205801
140657
203180
245257
224523
178877
169901
215404
228333
170555
218877
171667
194908
169544
210416
240583
146404
203595
256849
222573
145483
260963
229085
148531
147540
264038
158687
217005
206761
145859
140044
187665
188018
246782
237797
251146
142833
214478
233937
257706
217538
193366
263006
156706
147069
273633
218047
145173
241996
190260
152499
268884
256648
226531
176713
235016
267436
206405
208739
160817
229451
142424
219718
159568
206887
183362
139180
150579
192334
172924
227689
151600
176669
273940
153262
229104
177906
271624
147355
230792
226327
202533
255470
227630
225744
261971
222299
222177
212224
241719
222593
232455
175715
223923
191614
268342
222452
259195
247015
257308
233936
217913
179265
139602
230783
142281
177940
222018
140460
189603
140228
236775
178908
179630
145776
258107
271413
215964
168128
168841
255229
242714
241314
259926
251315
141839
163951
176690
141594
247466
221520
197725
263834
221736
211001
208986
241672
249709
262146
174883
181919
167782
154926
201338
142442
151874
231693
226032
217562
205371
209442
210425
139002
255334
149536
193632
166290
262060
268896
159932
258970
154621
269464
239846
183864
166280
260480
141862
169827
252727
183583
257541
188523
237370
167998
226477
142419
205476
260866
183919
144490
270711
159219
269854
190686
203438
220044
142426
230203
242683
166094
158746
223315
260946
254623
249031
220219
149544
265584
261212
228078
139526
154874
142517
154875
236044
173552
163343
235762
250947
238494
214952
226128
250537
200405
204145
185824
148060
170788
212922
184803
244032
173443
256577
153337
249922
159857
229162
163090
264832
231029
154175
156017
256966
174088
247266
233407
159681
180435
203367
197299
202498
250725
159443
190947
192725
216848
247678
270111
175815
250978
177330
271890
139336
224031
147529
185517
169339
197650
247461
150766
199093
161053
165817
206034
153138
154192
234988
217917
229262
226951
139506
242380
190418
242815
176661
223474
173697
149786
241086
197679
167535
199738
206828
218025
163056
271334
204211
203535
184572
273941
146905
230322
177948
241637
210860
201593
153908
161513
178927
139789
269686
202577
253145
161537
164935
141111
178121
164796
157913
258943
267544
168292
171000
184397
240194
202723
223794
226874
206141
258268
186102
273272
206720
266122
211377
245773
209443
198907
159516
271913
195943
257134
212641
262236
219542
206284
174589
139367
146465
256288
184789
225885
228875
209508
218528
262547
242710
258865
143878
236688
199230
267807
239351
225896
222081
145514
155261
146538
157094
183557
215418
253025
183607
183676
272745
234208
191923
212663
228261
147126
270819
269025
231070
224643
209405
152769
244215
146916
269707
150156
250598
187521
153322
139550
222493
266388
153363
240121
139362
149176
226393
259563
232641
231828
138669
223734
240645
255145
154122
218461
146051
176607
153384
199199
209196
165505
166368
273573
229875
182391
185240
251659
177166
273315
260950
202890
241330
145697
161245
242152
262594
209496
141324
242818
270562
195045
174339
245385
167732
185110
251722
187904
222971
177199
261784
197677
231347
189691
269309
226042
234551
170250
160432
229575
258818
265998
236671
197163
172759
232962
249870
190169
187644
188189
255690
183804
259362
246124
234497
257434
175832
264509
140312
223894
236419
240857
201294
248131
214534
144774
161425
203959
144287
138102
207241
236986
191254
270370
143087
152403
175691
234089
163788
229856
220840
173200
261519
257319
171232
197735
163371
204769
178538
214471
143063
225083
184239
213561
228356
153174
262588
209885
228184
156359
226532
159649
251419
178031
271661
215014
174420
162860
227444
209314
243902
203437
140986
223145
274080
200471
234938
183880
273915
269122
174219
228045
141181
245909
260921
214242
189544
152057
158704
189526
170992
269961
232462
253356
270811
139321
210829
175988
198798
262515
174588
236853
209648
269067
149683
185981
215997
142415
200843
229238
207577
162555
216079
147323
247509
159242
169231
173024
251899
236008
208998
271038
151436
247720
168740
225827
200308
235832
172853
146162
164502
157064
169186
202303
193196
150758
200913
236281
180171
226548
183224
184513
175761
189003
201306
152249
186497
227736
202167
273570
138590
158059
231369
171254
139572
173627
169354
242439
232258
210230
267154
256834
231793
254439
198476
244327
166987
152480
193438
177960
167054
204819
227021
211424
267479
256371
167285
260136
236729
220492
238870
193272
195195
226097
234579
250150
149223
146972
147035
193068
189443
228260
204910
169587
175866
167902
215600
228479
167410
148012
143192
232724
190414
173248
177362
208014
253030
192995
155578
202416
142759
229276
158191
213098
188631
154823
139695
270488
221544
222337
156673
162440
252072
184682
205532
260603
156993
269735
148981
249482
218300
254029
231724
214874
237599
248237
246260
187890
199196
243687
172850
187396
211690
202610
163628
146172
158601
169045
216666
260028
270563
209574
235542
226232
243010
208995
259416
175473
262668
184089
153804
150706
218271
263093
264238
186815
210088
149761
269732
201503
248934
208163
167918
257850
211391
199110
255872
151044
264677
179692
267244
149950
206119
166487
197208
273087
259931
189912
243112
222421
171395
225328
262298
213309
163639
160512
240870
199353
195052
243261
172430
191584
269053
220412
142864
246984
142511
172794
212925
230891
153460
241661
175280
179745
184353
166216
160950
229426
163196
223396
213721
251756
164871
207053
273298
148129
261842
261620
255192
208748
146163
233799
228185
216802
242724
201882
252224
196835
188915
154554
171907
247178
179614
258727
150403
251685
192845
244231
221053
172434
216696
254836
256824
185991
200920
189838
149621
208331
204995
189969
249336
234587
263516
200724
256149
228474
149054
150047
220489
226610
251708
191315
211739
205409
221878
139208
215841
257185
231085
191144
140700
222976
236664
239505
154064
258102
255802
175696
266510
248229
200329
212348
150798
192538
187490
168264
150025
238661
142247
252251
255656
171180
245815
224971
194667
172873
143745
205652
210365
217171
264164
250136
140079
164138
154647
203016
250116
176343
190899
156759
145860
256531
207275
217051
161055
218932
157144
255533
204244
220118
252138
146128
182309
207737
273763
155409
214978
193591
159867
248832
261841
244589
205241
255481
165950
243426
193650
264439
147026
200569
226868
164087
139613
235472
206411
229831
141561
259966
173753
206370
219843
171737
167364
229458
178855
244582
219072
144971
157341
214112
224615
252198
220122
270969
203328
254462
223778
263382
221685
227291
212876
216865
242928
139299
224518
274058
160973
257357
183141
203055
248097
173286
237785
167012
157452
183801
226781
251224
203527
240408
222766
265688
162010
252083
160639
184351
153710
179528
189982
146824
155800
198845
157699
173751
187753
236920
234589
192604
250285
212222
251668
201735
199548
161514
264013
170425
237996
160108
148520
210677
271655
215609
141820
174434
238178
210049
240937
212375
191573
240053
183040
197459
154885
261974
187140
140900
259350
157049
204847
213017
272058
218225
139018
208730
273403
230269
148076
183229
143267
145689
217277
240912
152449
165460
218121
212599
235155
215315
148780
154495
259367
219060
168861
200842
238790
146817
165230
149785
236971
203881
154115
179561
228024
148773
197763
256793
230157
164799
239942
234318
271983
264614
178303
206303
213090
180430
212716
147614
200756
209401
189245
171467
173756
239258
231850
151626
216664
213534
227370
150725
165981
210031
184914
239294
143925
222809
258620
231887
218549
209858
196874
273939
183460
242785
195148
226091
274155
161928
163398
259737
180409
252089
192779
143591
158347
142919
167113
200180
155852
179355
170871
172720
181086
147096
208141
254934
224569
220475
197799
162614
164070
212443
245442
185846
240026
192703
175539
180548
245035
198872
171498
165182
192673
178767
200787
146337
165459
167081
198146
160243
197125
268213
193256
258752
239562
154421
168457
215447
241575
235711
165896
185309
265100
245151
165457
257578
183291
166351
241145
141090
140761
206848
141757
163241
232622
245696
258420
165681
249110
162327
243726
195674
215248
193063
244995
204013
169168
154471
231580
264018
272886
264243
237255
158540
149567
212133
261916
221131
142356
182962
165002
259256
151205
267859
258451
172665
139865
151034
256478
241824
167485
260939
197864
168677
174953
151298
202335
221110
224334
175633
213513
165646
153818
165658
164357
198157
269852
260975
262182
153510
273380
237791
236120
207871
152130
221342
256825
245217
241627
239032
223783
203063
147619
203361
254917
142276
253743
263434
195752
202688
235417
199016
140000
217971
170523
240302
249284
176645
269402
170410
250973
197425
154830
269443
208639
213473
225186
243720
199563
181010
146761
219273
222706
242577
184048
183059
240755
218180
201340
262467
169464
233022
220880
186191
200053
189320
200758
212139
267140
191502
153688
253728
160443
174843
148302
173739
196401
168275
218304
255033
176602
181426
166369
219328
235444
169248
190927
228099
161993
259078
252753
166182
173555
177096
161842
272485
246406
158157
264283
164048
265526
221158
255068
209417
185358
201779
237677
200580
159139
251442
150661
251666
236203
240497
233745
192001
260126
179952
249512
244925
178146
197052
229119
224807
238008
202995
225142
261675
174574
207309
190648
192381
144862
254346
217264
180379
157113
248852
162192
247317
194311
265445
141615
171439
191677
151482
240900
166138
173779
191336
154385
153374
236090
205656
170126
225522
174619
140896
176236
239519
162298
260500
161279
170849
202822
211861
219317
250636
184289
156653
237090
147229
246014
145070
181797
148704
229476
210259
213160
244172
204817
158671
266233
155885
153301
168652
209403
194030
257170
195414
174204
261256
140037
199088
263831
160742
205378
256257
179326
189832
211639
212772
264800
147091
263721
187108
241587
234384
212718
247518
194097
218056
144650
211532
165508
244759
229775
240455
158123
205783
260753
224680
180517
157643
256431
182529
218853
230188
255769
253113
203089
173588
207363
240328
151495
208658
143703
214206
143335
228188
221316
172725
214577
177798
148554
262414
206935
181123
154972
257942
173120
172115
261289
213291
148132
181613
212293
162748
272567
221007
188084
194565
262458
196746
244785
148696
262811
230703
206672
160998
233570
214047
150546
145043
179935
253029
173765
170998
248955
219251
191902
211594
259828
229865
187623
261293
272625
165904
225308
272674
266736
249297
199545
222851
253365
202847
257242
163100
226127
229586
239675
273719
215400
197326
253416
162021
220290
229073
165985
202649
270438
212400
160542
144290
235796
182123
188587
224047
202687
145163
163864
254309
268034
156956
189869
148089
272889
175925
205943
161272
184129
252918
144234
218562
247169
204257
162522
269768
214997
215408
269297
173637
140218
255123
239134
184495
209340
182179
181952
258731
167963
197192
154094
196881
263175
178512
165483
267402
152465
270162
256140
198561
151618
190190
194841
244859
164573
258974
143954
158367
234762
267051
244846
147951
228709
271020
254561
168683
186725
217535
224921
255717
262190
239921
176328
174792
162801
206564
161129
163106
191141
209438
242192
243998
175045
204293
234134
251444
222013
223852
221002
152955
226961
229440
231922
183417
248261
259910
195842
158419
170852
248830
197984
179862
188426
267104
195242
146219
159118
263537
229178
160228
148270
253336
168146
260628
226578
232040
178162
220607
218633
208796
264229
193365
250163
151647
191498
226270
263543
192935
215441
260100
213731
215138
259270
262825
252014
170084
264928
256430
273536
202083
227623
150491
189629
274189
220754
204978
188368
218738
256349
192936
251449
187419
165687
195194
146340
245292
156149
181174
204277
176090
214311
175980
271547
211785
259072
266756
257948
200260
169210
187256
150308
231671
173535
234991
247472
193924
138203
232424
191526
201718
168985
224252
147813
161199
206276
266211
160460
221436
211446
225677
146080
160092
266323
142266
141625
218771
140598
253196
229698
222567
268209
150578
164975
163061
161321
142941
190098
215751
174765
209804
206954
159536
155680
183299
162919
143391
263451
168603
227211
204410
192737
195005
182884
238436
140074
164186
213457
144137
151420
264218
153798
200826
225318
259764
239859
266760
144860
217026
230621
223991
249943
237600
171250
215541
157117
197256
209243
272490
175880
231961
147600
243106
172698
188288
194611
269985
248504
214048
156514
181585
167281
155266
203717
223445
262188
244688
244390
257522
156009
219156
232730
142940
191159
164107
176745
188852
217564
232634
218212
182500
271827
165278
264385
142216
239143
242985
178595
195936
242860
171474
179951
217709
261539
226445
158531
233209
198123
263355
182192
240969
216540
248258
198836
173804
190835
209368
227652
147296
246247
241900
215116
244352
231696
189442
266454
249527
209053
214816
152087
236988
144390
178271
186358
172008
154155
187427
267245
172015
261103
144413
254189
167516
232855
273660
154025
151905
141501
200003
231667
213524
153781
141071
213814
185923
202516
221130
169857
151169
244166
238061
167114
150975
243270
223591
267347
203018
195145
178719
240228
169821
165499
208636
195985
201891
173017
228274
182300
179925
270393
177448
259740
245028
269132
226004
268668
273504
146047
186978
268389
169487
266300
173016
200790
160159
175956
258837
211906
228289
211822
141609
138807
177804
263258
235988
185686
222468
215914
144184
254052
225868
255380
268297
259543
254325
257369
231007
145215
223002
204512
150373
227460
206594
207753
223257
153910
203879
217175
266343
172846
191569
236922
214520
155810
161125
246249
270120
265323
152675
226758
165890
269039
234344
182177
265945
235577
237513
262051
146966
160911
245165
177319
140068
247967
183773
171539
178488
166955
264074
254500
186308
139135
209275
255585
143606
227441
163382
208567
231801
177651
197104
146832
225982
236799
194501
186282
232798
235498
264029
211643
148420
166956
139374
140965
269276
182498
186150
198553
172109
151928
260416
175264
210782
246724
168246
151235
155766
260045
166861
165732
245914
163114
183609
236874
141697
169261
168347
143454
232003
192603
169189
144060
256524
150544
205682
214982
230034
247673
151676
245276
183035
261477
258228
257739
220645
183960
155018
163659
158196
155206
255249
262205
255026
193727
251889
184504
159799
173018
183939
248139
148095
256139
145917
163359
224917
164645
178097
246977
232543
220688
199785
187943
174354
234878
171674
170291
150597
227919
265348
186463
260201
172663
144858
253341
260586
206982
161914
252592
204462
249456
224400
190634
154432
155288
209223
179629
214943
221707
186812
237717
139998
180776
143261
256356
188512
192484
248021
172114
244094
171167
196547
264382
176314
247573
201008
254739
140722
253028
228313
263505
150964
217283
148546
145626
240165
242216
172919
231237
246284
262098
191238
186896
255282
265783
219680
265276
229056
237681
153422
147311
192494
153778
255359
152618
167870
187945
194204
245753
195296
249647
171140
234803
272797
262440
195319
156540
241606
155232
230046
169284
219549
163047
154539
260705
174786
256838
190834
257908
176416
158923
184648
138193
172018
139938
256328
250016
168583
180300
161571
244636
242191
185262
138305
251209
148287
172694
256250
191226
223040
193900
153094
272040
243980
244403
228035
157530
165510
152239
165178
256482
170619
253325
266957
170369
267733
263087
264992
154577
257408
227399
147438
151353
146958
179902
152588
151462
186277
205436
265920
262434
263461
188252
262183
178620
224641
142881
219511
226282
142925
160861
193206
227102
163884
190339
165588
273950
238274
222920
166906
154433
211179
229846
157470
235788
251887
204835
200353
257814
154706
194784
181486
175746
138105
138398
266081
235639
224502
264617
210893
212488
246875
153599
138521
164123
171173
248860
257070
269617
215875
148257
141403
151830
178324
140165
272898
253836
220323
206163
228001
147397
246349
252409
217952
232823
239516
183155
231770
175787
145536
156734
166943
182618
246432
144394
271647
190179
158667
201867
167298
170740
240882
243454
274259
142434
172934
247097
214057
144515
195449
172729
143502
263236
140277
271456
181894
142390
240631
169076
256449
213671
174825
172922
239121
192531
238198
190461
258157
183559
259417
152536
264142
188028
186879
267281
271088
232096
220315
267009
255703
216757
175482
265962
230836
142082
239729
247570
207353
251243
177971
193908
168360
170386
199231
205501
226666
244497
217741
185550
182246
180091
254993
148565
236338
182077
219158
270314
142746
187564
236177
207003
246592
231535
248853
192533
190281
218400
173782
164690
177489
228442
159269
184010
229005
230651
138509
193429
274329
262934
266093
160784
161869
237345
226068
153321
175254
190659
159189
213597
206533
250428
252544
268910
196726
241490
175604
198975
232781
231412
230588
225419
262910
181833
269799
235681
194469
269222
139592
189242
270589
209888
197401
245647
160654
158073
270532
195942
222476
166095
200052
267360
187707
175793
178384
268955
248862
196209
222121
186699
201908
185114
164842
188834
166348
181741
143084
266486
229864
209224
144942
259238
239741
162604
182934
186228
262452
213357
181046
223583
267621
173351
154197
187356
229205
151024
162285
175009
240327
180989
205283
195758
238045
206262
257562
259693
212792
179600
197097
262018
227890
149990
200527
155619
143864
147949
245795
229964
267059
169485
242261
140541
165636
246109
179751
227947
199041
241143
250305
246119
142412
235439
42612
255823
187853
230609
258397
228164
222616
192575
233186
253909
256236
165234
253043
240819
258947
152868
227531
256504
138212
150912
140134
172869
152347
257244
238973
241524
262167
140983
271910
142230
141172
238214
228589
249752
225840
244521
148284
229808
190616
233483
163093
209242
154135
272094
272147
227805
179264
207441
179945
274041
168947
259761
269661
202700
178065
191184
197308
149781
252466
189754
182104
273753
141822
235492
252963
139728
171326
233456
251741
138824
230803
182380
147664
214224
261718
215579
147548
170017
244075
219308
185248
172380
162243
194534
217786
244863
171683
205986
164650
258803
182754
248158
170796
233825
212556
187507
198186
155201
231870
188569
181821
163158
245717
232702
257250
220976
151339
266611
159121
225086
160398
234978
218005
143369
191765
206611
157301
217209
193753
160809
254383
165620
159351
216605
185476
145717
212973
261878
176307
147269
161638
166884
186232
172055
236903
141969
163817
193863
143759
188174
149924
190635
243718
240191
163830
183332
177326
185361
218848
151448
211214
154781
164236
153068
166860
201376
248969
153506
197339
192138
268057
206965
204564
272036
211774
217484
222972
153166
190671
179693
138639
235051
167415
175206
172216
244875
140060
232610
241076
257366
164801
200652
241867
223836
250165
234770
182203
191744
201142
220069
239047
241610
201255
148264
164458
139416
273675
270518
201337
265538
168428
184871
179261
217451
209512
176072
159632
138284
220047
219329
212515
143393
264090
156059
140813
171630
215536
189724
242956
194805
215816
212740
203991
190751
266831
186108
260463
216975
201489
245280
267509
267783
263520
269866
189187
175911
212619
213455
196523
225918
253457
240357
183588
177980
205598
252235
155315
188693
213759
199924
161955
222112
209128
192160
230191
177585
183377
192284
178019
159937
142792
202975
235022
158102
164257
170123
183485
196305
237640
249079
260132
264528
239380
229067
176064
150286
255158
215649
270727
265763
265976
179376
243911
147446
230379
239821
259881
254886
257105
218118
254327
201614
261154
255852
223516
265682
243072
166662
216210
145227
177075
267664
143818
205080
205872
247618
156046
193007
174327
213765
262523
169024
228386
249470
265085
185201
173326
202520
150114
254415
241433
270889
184953
254337
269457
242981
212828
138103
253649
191848
222022
269894
242888
263168
272573
259975
267351
242961
261022
257359
190801
141684
226095
215573
167537
167689
216146
179769
258756
153018
189373
228666
203858
245584
139951
227475
166797
168942
226294
153302
243380
256969
146585
267840
266134
247198
219783
188254
195763
221325
171961
205609
145116
227181
214428
196613
156990
226160
151971
221957
239946
142486
237043
199905
221533
216516
181382
140315
172706
156962
198433
219000
251862
187724
173260
195671
218415
238121
231288
251631
257595
184775
244351
241451
223649
163840
243800
145128
180270
243137
158909
224631
159289
187097
247767
200898
162087
201940
222606
147938
272750
225763
151781
261174
140966
256737
236822
169141
151564
263264
204761
176370
209898
163297
266043
229533
156180
220716
192050
236730
192098
180663
224012
192966
269446
264413
258434
147598
150464
141363
218638
152201
249447
265890
213766
171738
173206
199311
258536
225020
208597
230458
169708
221068
232671
172577
188352
185549
191399
264971
190374
178316
180649
255645
212959
229031
193139
239534
243368
158100
223092
138445
256722
181090
188962
167658
274370
142590
220283
187800
249625
210466
173996
256671
265723
189972
245994
156732
247048
237115
221780
169465
267777
221674
187244
144202
267101
257674
198414
223842
241878
173518
238583
184090
258014
166173
256910
258722
200306
178386
248052
189456
257925
167989
220493
153300
179758
165926
231612
168974
167955
160491
219309
265550
175772
171135
224515
164075
194077
244637
190378
169505
205308
205773
142800
206097
141720
220080
158304
147604
147516
140159
272512
219512
200040
172399
244055
208379
209673
160722
224928
241786
158460
212628
255355
265657
241078
227395
194235
236475
179479
228514
259253
171563
155037
227193
183570
186769
229494
164470
231185
218102
263393
247807
208810
234684
205630
191157
203181
180149
264015
141127
227762
202761
146232
179576
210176
177541
171349
144510
235675
178737
265227
168107
254981
188521
224972
170602
162803
198534
201088
142079
213093
220308
156416
242674
183317
198863
233026
248121
170529
211842
241238
205121
252091
255335
221189
267267
224653
164306
247029
223361
238167
266368
166133
239082
193211
154604
181849
267717
198114
246415
259885
230508
160532
258222
198505
193992
179771
162454
250471
262084
244604
163147
151510
196469
170869
166701
209151
261734
171482
154405
158242
245020
206663
237466
154341
160833
145325
183904
241487
261735
244450
259536
242720
218015
236238
181718
182131
235349
266199
203995
140324
244404
223171
165566
154821
156042
183771
155196
141647
262030
271253
167291
159161
257512
161132
177557
203311
268526
216735
260162
210353
193825
241493
218816
214937
211797
164825
201107
211852
244832
268326
236444
243959
147365
171047
254657
237446
141447
170810
188776
193437
204371
142566
224308
266083
181129
256394
183479
142514
242239
189959
171677
140305
154954
255632
208152
159164
268864
258281
192495
274235
165648
248000
251778
187967
140879
251306
228805
139305
187883
214864
170382
179167
181493
166740
140613
162501
193786
170761
270136
251142
170638
166303
156724
240523
227212
267941
204544
269038
218813
222773
179093
190967
263566
183876
197618
209364
266381
232330
146111
182915
147046
215117
239068
215772
261399
237527
143685
151835
251976
202789
214101
250893
218154
270936
165992
138359
246257
146132
268689
201266
267707
213849
196330
267167
254813
194642
153748
188022
267192
248073
254985
154306
264189
180879
196245
198750
244665
149283
144765
217304
196427
214230
178242
263042
221212
162103
257363
258474
158845
234347
169102
215797
239224
221774
146590
270970
191789
267155
186124
140358
181528
236351
246897
160153
192811
197912
168963
240592
141614
270765
214788
148583
239778
233515
242491
139140
153220
174247
264962
215707
272392
163926
221330
229049
224314
192420
194430
248789
165261
147305
249327
182869
259644
220496
141629
227731
273577
211666
182462
262533
173721
143001
257445
187901
179102
243672
166582
250228
219997
164876
267511
267738
243505
193967
209773
261480
148725
263567
166587
237062
197128
156114
205972
237939
147389
253478
251910
179297
209612
154333
206486
155638
186164
227112
143713
225434
146221
197395
218425
154584
151059
158211
187584
167172
263641
146332
165789
161593
208963
227362
147868
164491
220043
251098
138294
176646
186664
176282
144050
259101
249882
267658
141370
156700
200239
159196
143700
272020
147649
273637
236471
216060
178143
215735
196287
171396
218386
174023
246359
243524
199433
213951
165257
259245
175526
147659
273554
177277
203920
257649
223076
221394
262844
150081
238576
222033
170100
191109
274413
171350
168080
203622
175016
199720
209431
190485
180943
260371
226954
178523
163122
189617
240799
199131
266561
152786
157337
151316
267948
204198
230294
155005
240751
177894
156250
268138
191213
255513
143260
259209
232289
221830
203386
268530
190613
140701
221661
183453
174341
258324
181290
215723
209477
188473
208824
241014
172170
171393
201357
240096
174416
209937
273607
267736
169046
269516
208969
221273
255621
222138
151952
244857
144479
224471
257532
178078
162391
254964
273682
174827
221730
181378
165486
203928
232497
145041
185635
268262
239653
181947
210691
247785
143490
204856
235821
147695
230782
162741
162798
240485
156573
178772
220923
229047
180404
247980
202324
240144
145300
211259
168321
192797
240876
159995
247104
164163
212246
225014
142886
145589
226580
237749
253876
138677
156721
254637
247022
218750
212232
178931
252936
218885
201816
205458
206502
242176
157383
171832
169254
194986
169152
232708
201100
227194
200524
223200
257929
253675
210976
265066
239419
197607
237034
231028
163971
248329
164661
235245
193716
157168
263294
220192
185773
179491
243496
245341
243015
171554
149300
188902
257150
215547
159153
256977
180071
164993
193850
234409
255520
140949
165148
270964
169048
220482
255813
214475
270148
223919
273057
229676
273862
236187
187999
183279
249267
148842
258759
189689
140183
184810
266572
199015
242335
175890
149562
153279
251679
152211
172024
220651
240132
154345
236283
202170
267099
250000
181192
266962
238138
225062
253789
273294
202773
191364
245253
242855
197845
204413
268484
177936
142147
156584
245206
257871
149796
221666
217368
265911
178589
253018
186434
190542
245393
214000
222487
224410
253115
174442
217935
230899
179035
235148
141103
222264
185622
227761
138874
147590
164331
167608
181459
269317
197747
212432
194663
219586
214028
206617
182491
209624
225697
202684
195028
199305
174018
201155
249568
203905
197543
195592
175844
170684
152471
250911
212801
234107
188709
230009
270062
144114
188029
173369
181178
238143
228882
187688
169992
198145
236676
257232
273513
194759
220605
205167
256248
147455
188109
205850
238578
234733
160431
141009
266641
191769
179220
229424
157729
205844
191456
157697
195535
225303
150662
260937
142234
262809
249555
220171
237788
255130
208560
241293
187071
190937
164596
252320
230776
163186
186091
223370
176056
249065
170955
150251
230463
251004
140158
251175
266914
201153
265745
146236
210054
227785
156058
241432
224113
249385
225059
231128
265301
196163
227091
273544
268023
220853
192085
272872
195704
250396
177530
186509
180857
228993
241268
142975
258198
215488
169881
265766
253281
237216
237896
138421
176533
174392
208604
216024
237576
146839
206310
174503
166255
242054
239454
215599
165274
245702
254488
241177
171584
248687
187871
233459
258914
138897
198135
274197
168276
153885
258321
196741
155866
184447
267464
143626
205899
229637
261833
188747
250248
147174
140006
234951
216439
139668
201984
267889
150173
213828
235738
208079
263718
210324
161641
185015
155330
264576
185308
195257
197516
252538
201101
219044
251148
144572
195682
212127
234049
173288
250364
164038
242906
269870
179871
142384
153931
150489
223428
243651
257576
217571
166682
146405
145022
188228
272662
273408
173310
204487
191185
196278
139242
145421
162736
150955
188114
203950
206865
145268
152617
219691
207922
248288
207445
239843
193435
273468
256712
156206
237498
272956
192021
273124
273672
199820
182688
255927
222912
146676
271883
198099
142772
157441
156987
194813
266235
259694
158934
169969
195111
153899
169314
245618
274099
178176
148701
155723
159277
154812
196247
199571
162104
212551
166488
138775
228445
174517
240160
228018
236084
168648
251926
243406
190882
261711
140821
209168
169685
160514
202946
269432
138615
223683
228596
255308
227422
215501
219348
209173
259912
197253
231722
141688
252521
245960
143968
191568
265546
267956
208266
168070
155394
146474
213681
273052
226289
172605
140451
263791
266485
203092
225350
232978
197577
204806
263172
214021
229905
186110
179497
208712
271213
220751
151082
182185
162128
252390
213177
247666
194656
204843
166193
139901
185960
258285
215963
236940
246884
205770
206898
192680
177809
249237
272917
217360
170212
176840
267800
240544
229274
195840
145522
225355
229521
208732
207076
178106
173296
191401
139647
144410
204025
228636
167762
257638
239322
203330
213143
169631
211477
151641
235866
163645
176398
202627
207184
265358
235482
224586
224600
171451
183196
153744
272401
196719
190447
208506
157112
232169
242063
151490
267434
174266
242458
267219
239547
218036
175835
223439
214525
143793
209384
190417
196611
174299
254608
249585
173924
140078
220159
242311
198908
170118
177956
271576
212960
168407
208579
140945
174946
185697
272011
244144
262943
208789
223651
266384
181518
233054
169241
242873
241130
270752
249887
255953
145059
274361
179397
182767
221883
246798
172849
253059
240115
271840
175367
184552
265310
182134
272482
256513
188069
247301
162682
195487
236066
179511
274160
158720
209744
172192
169172
208883
194832
244538
240942
184363
236226
201945
229071
151587
252233
196830
234263
235186
264453
247054
208627
254190
192465
188779
249345
255563
169725
172142
257148
201994
197626
147380
262439
193799
189450
247730
164466
240007
242066
238501
160317
154278
243084
263397
148492
184655
240325
232987
156115
191324
198715
179205
220124
260506
219949
225769
149602
220966
186575
215184
157914
203830
162827
224013
195157
259959
172084
200959
139060
219935
237045
187078
183865
207072
161816
169195
231402
241906
189902
244534
151605
249186
208105
266498
244243
186073
255652
191374
237914
179203
141003
272275
257498
203068
152159
264003
166684
180370
175771
195633
267841
260379
194223
253735
188339
203033
221432
187960
166009
270399
246365
215581
262643
209872
195574
214886
223711
167186
202106
198973
257708
237933
208019
199220
263953
240246
182544
251221
215535
185946
257399
160235
254446
150279
241103
238495
256496
215142
236243
228013
187792
164101
245980
246826
183234
140820
269429
260056
165044
175356
173615
198069
197446
213321
232709
236209
262195
225790
181157
170019
155518
148106
213348
240080
250952
239925
171542
183172
255356
250545
173814
214880
150367
203602
187368
248800
229829
229429
239093
159764
163019
200824
141660
227106
227486
255611
163228
161572
146722
210739
215465
218686
197335
144273
214083
138201
230067
207653
251022
187215
269318
178341
197454
160442
251819
228966
179390
145027
239111
192148
225099
253849
225535
253673
178476
155175
195042
169606
157757
144985
263824
145284
143116
140197
142883
194520
201332
167487
233057
260584
250292
200970
172432
257485
183938
179140
201665
182747
214187
235754
193398
175651
196396
252163
234041
205306
170129
172809
256801
240601
227506
194423
269105
183704
267014
151247
168506
167898
169842
198045
158342
224172
213076
270689
178197
253392
241656
142704
249046
233073
140231
265318
244477
165024
184622
248219
147701
228983
185022
198728
192426
184050
256329
226469
166412
198641
180382
147072
182599
153733
228529
139601
144399
221553
248253
185443
156637
233726
169804
139713
158908
150900
161562
140688
238191
254918
244412
154100
252594
212509
219737
211871
215139
146991
157521
268101
267297
261172
214807
182903
198010
261674
221208
168345
244599
165743
195983
220435
201224
148720
180740
265752
139800
214950
162845
191509
224357
155338
140837
183105
267693
271526
258063
167456
223562
236053
180285
158461
207695
249766
260119
221162
267681
143457
246401
179214
216898
199053
205537
146344
182155
177835
157300
221129
171541
172023
232860
171337
162226
227756
258753
270066
154275
211381
205807
209761
167767
144673
191756
176971
153936
168734
267295
260606
250120
143847
185933
171543
155801
175584
199613
145566
267788
170540
201731
156610
165481
140096
189660
260430
253118
152793
161532
229218
146897
160521
238625
185908
210717
267498
251196
179411
210010
193136
199532
239622
225294
156084
242065
165316
230928
220826
149030
173433
242240
168616
155099
211713
181724
260942
238814
261919
228587
243356
171547
272839
148372
217156
266219
258984
219600
178831
169604
204232
256934
259347
169630
194553
145459
141259
177776
168872
192809
157975
166060
207161
257403
238022
197141
202839
265671
271765
194795
231885
184234
265978
229959
261814
271389
213436
141884
247812
178314
202571
241654
209082
177114
243336
210906
260518
146215
156482
187189
189232
203990
243891
254814
185995
210788
143826
229402
169922
154857
252540
145033
199153
186558
183834
202809
202947
196586
170528
234267
232210
222318
203631
213307
149230
193082
165126
211555
176060
169092
198259
227504
246518
270371
159471
268446
143680
239480
166614
147830
225415
195432
221349
245613
262077
231499
188481
144589
237507
255869
154026
251753
183115
268038
196279
169578
183569
174325
158879
233102
260695
254105
147431
196271
150402
182896
161613
242280
169286
195497
236063
272581
152051
259691
164658
271446
171240
161671
171463
208276
243371
218900
243463
211542
154713
267364
256905
220096
209524
260902
174006
271600
233545
223210
267337
174929
262470
251159
247146
224041
269551
138480
274229
151035
232882
263869
242550
163193
220750
229749
186238
234446
228576
254935
209843
209907
191663
228986
179519
237909
262216
156890
180329
222979
158079
239566
157315
184719
256826
225171
260471
247334
190897
262966
194670
166382
190231
197911
142132
243075
206606
198138
268093
229206
182584
217223
147730
165891
212096
214519
226434
189667
160820
200584
151551
167661
219151
172953
148614
202746
217004
255923
154580
181855
270497
198133
249154
172365
224577
162851
202849
265294
222808
233104
165368
196120
176226
189131
181526
181221
195484
228793
231878
152321
200978
184820
223542
260209
182011
162112
157601
139330
249480
153638
153052
143248
161664
142986
154417
158608
232500
259319
181564
214464
217346
159262
188735
218063
185246
153946
191037
199998
164580
260960
222385
256400
146396
165326
151868
146211
225293
144122
241983
260054
191117
218856
169272
207313
197184
142720
141454
168310
213685
154373
213094
153353
202125
201383
158956
212426
214549
183023
187842
262607
169756
246723
236788
170151
245492
223199
185315
201288
184164
251053
196342
191279
262897
220066
144144
175199
241045
183131
163991
173255
264107
179375
172697
152079
215593
140090
200391
265347
162861
193810
271652
262648
209003
154407
267999
271514
218587
196362
167141
249312
244829
228704
184012
271737
153421
217204
243042
251970
203893
169988
243699
260307
202690
228044
224890
229023
261730
255800
214926
183169
271834
239555
175725
210899
203255
267716
190344
148744
254769
199126
245156
169061
162408
201408
236950
267604
190678
221725
227111
167571
173752
213846
227521
163397
176147
161640
141119
181981
256143
185761
162706
231180
206660
152987
155554
148483
242468
168082
184556
206125
245525
183518
175923
171035
173003
208200
241723
213491
150882
148396
166388
262605
190263
170082
200568
207502
263732
244235
146424
229198
195162
143495
172398
188067
198162
170104
238866
206035
261033
220968
251959
188599
138127
171263
138368
207634
185598
166865
169656
179151
265910
168145
190286
177116
199483
191597
180911
163461
210354
183412
157922
163743
158202
229747
185747
204019
226280
216880
238930
144371
233902
141042
244446
217765
249293
153878
179070
243322
252348
216813
180635
208562
172778
162840
184109
144961
181131
256282
263551
219243
211147
190222
198189
161400
169007
257275
191269
149053
175578
145731
165976
194751
237191
237137
149822
269271
150979
247026
196188
169052
187903
193448
190826
190709
205919
243744
180248
161536
243332
139007
255620
265633
194157
267979
184389
195602
183994
246938
183815
202179
272238
251498
194721
259990
152836
205462
223961
186036
177000
151255
238737
155458
213657
232970
237701
146707
167028
258480
168453
268319
216474
271584
237208
156407
236235
201372
138781
181259
149647
216229
173061
197573
240732
259003
231325
266177
152975
200313
141194
226429
246743
247147
262916
172827
252044
155531
140867
159083
267166
226627
186099
189238
257864
138361
197970
177663
174409
189975
261537
175881
165501
202826
192640
214647
227624
210376
230696
218042
272410
235884
262794
234863
210758
202046
155046
256244
212930
246169
220888
267149
257583
198278
211294
212756
143076
235598
217876
186329
188857
271544
189780
166228
158297
245229
207687
176155
203833
159241
205382
150763
222399
197152
141502
216671
265637
203798
160642
217884
140537
149965
204258
210660
246484
151259
246764
191101
140768
211095
147148
212216
226703
220665
210257
188983
162626
197101
186819
177274
244970
236515
170112
201956
240393
263410
193115
227889
246309
249208
271102
239602
142173
231963
246653
177002
233441
141161
187751
225499
152195
179230
184313
202342
155954
251842
138485
192880
272543
255783
265116
265609
254513
190764
159865
239559
145489
149590
265883
156702
260766
273331
230619
244903
153420
254702
173441
247908
200240
161296
227632
235189
160463
272686
163011
259851
208269
261732
152207
187754
142133
141118
199592
255250
211195
170433
252007
218825
172532
147597
168719
185758
232750
203491
188713
254157
213559
207098
170733
189342
256745
263770
264495
269689
166738
256733
192145
240244
223904
228502
186414
252097
213941
248924
148691
259929
152504
240315
267537
157636
255324
152085
148327
153206
238199
226409
168157
187404
195696
247733
208932
245820
211457
230964
236355
217128
168555
269695
178076
181664
147309
201411
211894
164804
236707
200284
140733
142397
254204
259305
196058
161327
176610
223863
225228
188501
238531
152930
179811
270588
165851
212236
176405
264782
212345
248618
230586
209767
158730
182280
179421
203723
222517
162054
174669
272887
159720
147445
269236
169534
236987
186552
178130
197901
214076
155904
250352
268675
175220
161064
241773
271932
192080
165932
163058
210629
270156
244904
180815
257916
220126
141694
204813
183284
253314
212325
243085
245314
159597
175393
215331
154643
230366
202517
169968
257979
180152
269932
244169
201746
229175
265082
243605
233347
183257
172588
271837
214310
262447
252054
140498
246811
261418
245139
226858
186656
148295
236041
181034
151797
177999
196372
233666
165989
239403
209895
197334
186104
194074
170332
165102
167203
179976
221797
258711
151007
206696
211949
152486
220998
152615
189297
177128
255732
177467
234147
251707
209962
249373
199686
233834
157378
181408
210386
175903
250564
145791
205602
156043
266649
250257
164559
246430
159935
198094
149392
202742
162299
207675
255517
247792
152202
238069
177363
176622
171649
170077
197641
164239
237321
223704
159756
251259
152714
226534
223716
211482
141602
272639
257423
224401
183762
164606
255700
232371
212725
187679
171807
210513
200437
148567
233402
249508
214939
143420
226673
268736
266849
198994
141372
247160
161238
146956
245670
256978
142192
207935
166994
259258
203230
239070
242123
219090
144896
138197
156975
231450
181215
263504
215710
166403
257156
151832
203914
161945
193225
140653
153090
147988
176916
253910
226132
258257
260388
158642
247444
171188
147353
199898
226480
199032
148602
231811
144607
139354
257752
176684
215494
251789
162841
248718
141073
196846
228559
206418
204395
203183
216451
174571
181522
163333
187426
235171
205888
252973
230587
161787
171736
270911
235158
223835
142297
219528
226321
141477
246526
188344
245118
179505
220732
202548
157069
263750
148639
243413
234364
229338
234215
188620
194471
177093
227925
237987
268060
192360
160187
268154
201037
153706
258850
138451
206972
142501
178998
224085
252650
265789
237177
232814
248936
174395
216730
228489
260652
214123
268776
219034
229174
180485
157191
170709
223732
147254
160684
272048
271176
230580
150411
184581
196879
185563
249443
248166
230488
203831
142677
149456
181409
169982
272047
218949
267561
166371
236838
252275
254655
164916
155265
220632
186506
145130
249032
237153
248568
265478
153973
149239
183188
158335
273770
147155
252891
229656
168382
223937
236531
205347
193676
218751
145892
139047
221105
188696
176135
141945
247604
270824
241421
202866
263712
217226
259065
205636
184601
250345
220476
227039
155165
267298
160255
265122
215566
273038
198918
138543
226996
141049
221623
184571
242762
226322
211222
180592
264709
248815
256922
205091
144241
250156
230169
166882
193639
216233
138139
266904
164457
241748
162632
188904
157625
140321
140886
271433
154702
245499
144545
273333
169131
145733
182111
179041
257013
163901
224696
264767
224652
186013
257569
253036
178074
253169
239463
256502
212631
185735
231202
266166
213650
170908
162350
164902
239999
167469
225516
144845
209623
240158
242143
196265
203105
157017
185896
171821
141174
177291
226782
217191
168658
176355
238496
226963
260065
141193
179409
204805
165794
173297
234139
230469
197252
163469
244201
200049
195167
206866
220088
205026
247120
174085
232192
157411
151625
160971
203966
203753
152475
221669
271317
172771
175139
178707
241399
163321
273872
146623
143624
246372
229768
229790
183840
213164
154662
272725
162142
204746
199606
231378
237100
273431
186745
152580
258340
166463
255756
163504
252232
248122
266795
265728
152752
209726
230660
154963
191834
231776
150588
221143
239210
171319
217364
149587
255484
146067
146281
270264
247398
230565
197988
246192
178959
241019
145682
233346
243019
271309
164309
138700
194032
195864
165974
241623
257273
211027
264946
249206
219288
158591
256463
191555
208600
216783
176686
144455
184981
171237
272708
270576
264818
244574
204592
268513
239207
194317
191485
151321
144169
215893
215380
226824
182213
239125
262433
258316
220977
172634
251837
263625
192985
215774
262750
235650
262520
169547
253546
231889
150837
233613
189338
158272
233869
181990
203259
236759
161211
208549
198338
224836
171971
181676
218043
233770
207544
259625
261787
146292
211735
204196
182097
261315
244835
141769
271080
145285
236197
240309
164564
169787
214738
241521
169806
223083
260461
218195
268665
267530
139429
147367
166619
205201
235545
255773
213404
231663
144844
146108
214468
255608
171552
210184
250542
170704
201180
178298
259844
250371
182091
197674
171657
177755
248723
146371
158632
189122
267451
191572
167704
185894
211718
261012
196345
265231
157910
240038
237736
156636
237932
190756
239706
233015
206274
220077
145549
217131
264497
228923
221057
162410
222099
214426
248797
149169
216840
157248
249164
151885
142977
176015
251900
222531
199552
273083
190351
175664
202241
226378
250791
226975
254572
202731
251017
240332
246157
257323
224649
179626
145166
222326
242196
144814
203687
265795
203922
210482
177253
244894
165280
165055
143734
259813
179992
232540
235377
196414
228179
220310
231376
171767
184645
270944
238727
185663
139690
230729
192855
197210
239676
254353
219295
217160
145853
247273
156875
263362
271723
164520
206471
209772
140669
148159
171359
175701
239154
255360
173725
151602
156413
268303
215005
228456
256715
190863
231895
151680
240816
246845
168952
168454
213784
204777
192600
259550
178010
139075
180954
208908
252403
176822
221498
179503
202123
261591
239299
183654
167433
189731
247937
257079
173000
265288
200347
240021
245922
174195
235161
253328
209236
177962
147044
238775
181565
236561
194824
247291
198468
234502
139275
250201
154366
262832
219661
253124
159239
203818
140131
199505
175408
228110
207248
238512
252978
230401
248680
192793
143288
178080
235858
149191
179101
221848
249683
238102
240495
148549
239101
172535
229878
238040
231888
223179
246646
204448
263936
149827
238781
199159
197409
262036
180902
203711
236699
179773
148571
269233
197557
171553
193621
163921
271093
237006
186137
173806
267760
144363
214195
150390
213852
216814
197182
214456
152431
173914
186209
267617
248552
242331
217592
138311
232562
239159
150980
174499
149328
243115
195198
235012
233997
226738
152640
153072
241929
258642
184475
183941
224925
267083
263634
245819
216552
146207
257069
264671
171080
158725
188950
270987
242120
201113
170164
214850
145289
263672
159338
185924
220955
146467
198759
272008
257127
241589
215473
168318
239864
216301
188071
185166
171819
251929
256281
156027
218210
242473
188333
178433
232419
195922
247321
266417
252994
255142
253370
190490
259553
236533
162209
218808
259054
239520
158103
145383
181805
142829
259291
169047
207435
249027
250303
269784
197064
178180
166130
147814
248061
259775
176758
218372
223078
232256
223826
194420
200451
257620
243396
162517
239932
163771
232859
149698
229573
220940
249298
188204
234464
161521
202573
174064
212517
164397
268965
178262
222458
209234
154766
212180
193715
234392
242287
198511
162762
162427
246452
163038
233276
151068
157559
197675
157830
179661
259598
156445
166114
231044
191027
215161
257102
198193
143049
257078
253075
168748
246817
268940
220626
149282
187480
155607
240878
193932
220872
175981
257506
218069
195646
259222
229496
143829
185769
272874
259211
266608
178817
223032
179744
271383
238240
260218
272201
234138
210163
185588
233485
180867
174645
148918
160295
147488
273620
193132
223334
197000
187098
175277
227874
233014
257517
196943
263483
265926
138610
164533
206615
240055
158000
206450
161883
150404
234624
141819
211985
232181
217050
182180
198203
155907
249438
251311
153101
254683
218827
262867
265987
156000
201904
154410
201622
213662
225414
212542
258115
151123
167351
263598
231336
140332
159574
176480
230365
220633
191216
255281
167664
262347
202255
194148
160558
220324
250336
180089
172333
154093
146691
205688
230612
186947
198570
244314
260782
257703
167198
186170
259462
229585
196712
254516
144416
259785
171754
180288
170949
206093
265398
242324
190624
228290
186030
225771
259275
205011
211564
218179
156384
153796
201027
151322
216819
153604
142220
170258
258143
163813
247793
140847
149039
162106
144442
229551
175413
237641
257640
197595
236506
254070
168295
253106
265653
176555
138320
252278
167630
144340
235554
264250
243204
147124
208442
202868
263937
158119
139904
194927
203794
194613
235289
184732
246336
264257
196913
182699
147990
269872
200637
266310
256034
268650
205383
170170
241973
157838
161136
167926
238560
180870
259236
197968
142275
175722
250142
189062
228329
180552
267442
251553
185268
240539
140331
245954
213183
178682
157040
144808
243512
189783
260080
251250
190666
184688
189244
268128
255678
150565
206659
259312
154430
203569
244713
206454
218172
166652
168788
193308
192343
206613
218463
184615
195118
271935
227530
160268
165043
149707
158034
227433
169112
171420
154510
244989
141771
237636
196115
178933
263250
171338
237070
155081
174729
195538
232840
183451
256406
155950
229743
266350
147416
246644
147677
236463
239531
214819
193841
138570
170989
182591
218548
199933
220246
198047
170957
217569
185428
233094
255956
198813
216750
194110
248173
139441
194675
272119
243985
176873
167358
140229
163547
246222
208536
169950
185043
206491
174722
271876
165367
194894
218515
168786
205350
173767
211159
140199
164220
271592
143343
262209
138753
231532
169121
250519
260682
183890
168344
193259
225880
230063
172650
244622
173335
162020
260969
145650
253762
185167
223170
191972
169841
208023
227909
224818
177773
214188
145413
227842
228121
204850
248609
193724
240864
246808
265664
192486
235414
202820
174423
160304
207162
204740
202374
169735
204675
148529
159448
260848
230265
175683
198555
143380
267895
218960
220123
173253
247199
250945
177819
235519
203703
175847
166708
195073
233788
272280
202482
183819
206349
202161
218739
229640
175660
242053
238595
208340
160905
204480
174874
207862
182713
266605
248996
157051
268837
238766
191151
172177
234600
232794
155495
212839
203149
252006
239441
155678
175971
149603
218470
188034
243821
248871
169811
174713
243480
170052
210070
239146
176843
180472
247566
153661
257120
190684
242746
242729
258343
147351
209457
209634
247042
223666
140755
264602
165095
264106
210908
247850
264944
188928
256225
220703
163800
268943
177113
145111
140830
245544
247276
223331
194500
197427
184416
228338
208633
237075
147753
220057
221749
168331
171691
248698
241595
229009
179271
203406
145688
152333
197269
173459
189233
148638
267496
272583
267175
167580
213433
200603
264530
147463
143746
158594
141897
266221
227011
215009
272525
158544
231472
167751
186212
213549
179249
262072
168014
140885
190051
262343
174735
271271
161756
213988
212033
216894
201767
192271
171982
152114
238969
181137
205792
224926
244495
196715
158013
209388
273640
151578
219441
258313
182587
201325
218888
223763
265566
196208
254744
266489
150253
199191
206527
188281
203661
260319
175808
263730
255416
236750
189115
256549
194243
154956
166316
163996
201606
171615
145562
188286
213515
251735
159135
234127
140189
202458
169411
233720
163758
241724
212268
257516
138915
149788
188055
265152
214255
264520
196286
166531
176940
139182
162757
146901
211994
205577
169607
170734
191334
190451
233990
263138
231808
176521
167806
198589
196135
223387
271210
191102
215860
195532
233807
178543
214422
138593
227902
188665
193364
215398
244633
273683
242025
240650
265386
262923
222204
151139
164131
160793
143114
214377
208680
143447
151354
266947
208283
152120
239838
144746
224419
140569
245709
262615
233665
220282
166433
242437
145857
258939
171752
225909
162108
265261
218339
267195
153509
143520
195015
166240
271444
183349
249141
204463
181164
253207
159046
273381
152511
189251
242850
218943
207585
153003
173621
205816
271092
171236
183007
202284
151293
162378
150415
139761
262293
167309
215952
153869
152353
199974
152342
180401
243668
200387
150004
199091
262709
209101
242806
205326
153750
160383
232942
169657
236821
167808
248656
252359
173662
236704
247968
237396
171475
261666
227992
178859
262521
157345
144480
234891
139883
239028
208614
252706
235978
216617
185234
250580
246395
175922
174319
147787
271138
239549
266836
196002
224495
250901
142739
246790
198089
260732
179865
218024
269087
159037
176903
174531
216873
213089
210316
143123
267255
250316
224599
138681
183491
180716
139770
242556
249901
238688
167763
212207
163282
185497
224100
150570
179002
227302
193890
163006
156587
186884
267403
232544
189915
259378
149130
194633
161575
156798
259368
206646
169983
237003
183089
224231
165712
265784
270912
183126
151576
212591
220287
269006
184093
164886
166672
255994
241988
222541
239083
202904
243428
188907
258078
268268
214458
212812
269910
171764
165714
168269
263147
182853
149026
227929
243932
194409
193265
207930
158186
181341
177305
264811
239383
273837
271777
193823
251086
190871
261556
265394
194606
208662
242994
236745
199662
242602
231515
160094
205565
272739
269062
151191
188266
245059
205250
224134
155349
200990
146188
263574
172468
209488
269294
172551
144107
247641
240388
205885
142292
196315
261880
214897
143446
149582
241923
259544
240049
161091
205401
249698
215148
172753
270647
250241
221840
236371
220260
223043
162489
224995
143953
156363
221286
141258
250767
177992
138353
268779
140539
186605
268851
153581
194371
181607
143230
182977
155636
208945
185347
253383
217968
203163
240481
173860
230979
216029
178000
186665
147168
158038
139223
261059
239854
148006
207143
205760
189625
151523
203056
253749
191723
215889
146509
247825
159280
248984
186673
199710
153825
219238
242424
266052
140742
261764
256413
177423
179562
240899
165575
192991
202146
239328
152690
197523
222269
151029
193785
173966
159946
167721
254659
213124
217791
269959
272046
260735
224922
244100
192045
233233
176569
169108
221452
246927
177799
184753
218681
252649
272970
264087
241175
237610
215637
138513
181293
202950
215866
140267
187934
183563
156852
271964
187739
206879
160374
165081
171158
191422
147630
204992
244790
272792
220947
243362
231714
250884
138441
190532
210135
210613
147329
147454
230281
252589
213878
146584
264586
242189
188791
162813
195346
219039
196571
233777
165915
265801
169861
268858
192056
181683
146462
164071
174158
167305
165390
273286
198522
196212
169312
233529
196663
161570
201683
207540
271513
216639
180377
140494
263001
211129
214374
162293
196920
256937
270799
218278
246677
159008
261670
253284
184497
175653
180604
144800
186069
253948
266284
178496
211576
178218
229419
259574
215856
183909
167576
193779
238140
143082
201983
216194
263007
170932
264150
158906
192248
238164
147980
274165
220494
254585
268238
258775
166337
264849
272598
145367
238841
174932
271725
147719
243756
225593
191731
230618
208915
261407
252834
195607
162023
211929
254302
219753
189700
198541
268330
242929
157946
175507
227109
207355
201911
171702
235781
244902
180743
205762
261571
152323
222604
168619
267419
196855
221428
272115
241481
199799
225829
233134
188099
272237
237699
174301
208204
264054
249926
214727
252165
251349
153759
242700
236592
237445
252353
218246
249724
143769
218034
249209
170004
261245
196142
258604
193387
268155
231672
159032
207827
158339
243774
195596
219230
187063
210110
198140
252271
258364
177387
150918
261907
195119
201038
222467
181021
227007
169694
190125
219794
270702
148490
180690
150998
220504
258881
173640
167003
252959
256262
261052
199975
273929
191746
207170
144428
191413
167179
241873
264598
250717
211567
259887
220731
222699
230042
259240
142642
268485
264753
144207
199048
241430
258191
186256
155112
148068
201322
246062
186730
204945
165224
209783
236049
239234
215070
178668
190898
255830
174954
199100
231456
194695
241696
231950
181281
214159
268898
164391
149111
182807
244826
243186
160816
218571
151121
268835
143462
165749
212002
151515
186345
267961
144174
246068
230000
245946
144182
186882
248463
187779
247510
202272
189090
218573
259947
235082
202413
244187
147225
147192
162462
176546
210980
211338
240247
266072
146209
247144
246022
239927
183759
235049
269601
192502
214289
225363
241452
156521
165319
230226
154371
259402
171787
245569
149336
250968
217285
244085
159149
265918
257066
228683
217202
161866
171163
257965
201794
202128
226076
175811
217806
182503
254950
173971
143193
228894
271428
261601
270009
252767
212563
240833
172643
260739
220849
230954
225279
146682
220922
159240
233153
248683
178866
214092
262891
172072
231653
253127
251876
204188
181244
201520
251029
198559
171993
169663
173590
223825
259031
150655
165417
231967
176099
167753
155762
159662
265528
182709
141699
273144
193465
159694
255724
269244
144391
246241
262297
194539
146522
219337
150923
222369
240563
224978
223959
267651
163212
247446
263260
192427
204792
203131
164413
151186
145520
187642
160677
220362
225339
227249
197135
225253
228831
255760
231815
230623
214205
254675
205068
252777
163180
180942
153023
158777
165502
258070
245337
166713
261724
161741
138797
188063
217247
194091
155091
268617
245615
193540
243896
151182
161987
231244
160450
153317
216362
151876
190772
160081
250979
146708
158830
249476
161974
186494
263906
212526
256068
261565
246088
225404
198177
194017
189653
265121
142522
193909
202108
156588
266624
237481
250465
230972
261835
269362
153680
210715
254229
198120
174505
263812
166291
229296
222123
166202
213399
160496
149703
265777
263025
185679
266023
172841
269665
174344
253123
266944
206827
218812
262397
242848
192089
256805
190716
251968
174077
227227
248449
142969
161216
171249
224604
141721
223676
225722
263836
198439
209025
138515
141215
174801
217597
209775
231728
181956
243407
184268
170718
208497
236828
147713
148871
207724
148443
225725
182794
203645
251614
141815
235383
264651
211625
223395
170476
161797
156593
205699
142891
179931
254906
166037
188282
197578
270843
244794
272678
263846
233223
178123
192733
237149
245938
247597
156491
231026
242528
271835
259687
248731
219471
149573
216025
271815
176887
141354
152092
213051
240267
244329
189246
171291
248674
256404
263246
176414
186801
161229
139405
226542
257173
211579
164731
212796
152308
244433
155100
149232
262004
261246
239053
208220
234272
187371
176218
260397
151847
150009
259944
149383
246477
152007
211524
166641
171726
250816
152134
197681
140095
249983
243851
168546
205299
221864
249881
182785
238177
228294
159996
160010
251794
148564
192631
197374
267233
171283
184930
208646
229341
194881
253656
226330
271408
246690
199132
265335
189552
177431
209593
251801
272043
186703
167185
258652
210591
170847
225268
151070
238006
229236
185440
257685
175013
202160
208483
141538
201844
161504
154213
176626
265392
273198
211657
254455
255042
268604
255695
236758
186179
251507
235230
234791
244763
260898
197734
159291
162805
201057
217098
147628
148615
169628
212146
154815
240616
229517
206751
198288
198106
247192
226776
238062
189352
253248
147678
140442
160949
162364
254348
240677
267767
219617
194025
144021
197408
255056
175736
254805
205143
248238
234998
204294
165273
188640
266750
237176
237707
247124
208760
143654
265848
150586
141581
140513
169214
202775
186786
164861
273025
241854
266369
252990
225225
253215
181141
138342
235294
244654
226905
143963
198096
247046
266807
197957
208548
169202
250147
273666
182432
211015
222007
211110
257259
202816
177796
158897
227879
183096
178015
270149
159668
263102
166445
157977
219148
149543
270783
258776
221592
266830
212113
166801
273827
149446
169632
270948
257790
197758
214256
214728
221573
205622
195072
209097
189649
251921
187887
180786
236536
183110
167627
212508
240795
201295
184037
154249
231111
145973
225386
161491
247236
166455
240316
196119
159190
157272
153533
230988
221596
189200
237405
246387
138432
158569
190759
244718
260875
258435
179635
226456
242643
174237
230698
270832
211193
145523
155600
256670
138109
257194
168372
187980
188465
158404
229156
219747
264289
198633
214681
230147
217846
243439
255532
206298
247688
268329
195384
169934
231608
189336
194905
257525
203139
194096
193479
191793
259480
142991
200124
253352
262524
236113
197926
194236
172368
192070
267834
172527
274299
182095
150454
255811
180520
159618
161473
252909
152705
145931
213543
269613
149003
205055
146838
266725
231822
165171
253505
225093
194605
196454
193515
199746
180225
172589
165704
157947
232362
154530
144819
206363
188294
217887
155202
148140
232688
256105
242516
147241
145485
235116
209733
183005
174890
209033
267433
250378
227622
142128
147244
145216
260669
248763
171828
200130
183602
142456
256650
188246
240391
177843
157723
273584
219292
145616
218511
218836
220572
187369
228362
165652
212594
252255
141707
271967
228837
191844
230013
170570
197550
211061
230959
178385
144148
152867
228102
230505
265055
180242
168921
147935
211404
178608
209310
156995
192306
245645
221185
175717
202062
225680
271778
154861
269190
248309
172854
256221
178508
180784
143101
215564
158512
191104
267234
260549
171387
200823
165686
156649
149019
173246
199318
247023
214192
201382
169619
267489
180416
152438
262686
183276
261653
153662
195498
138877
206237
233563
181249
169746
215277
191167
170730
223319
220554
152731
224328
194957
204875
240375
156614
232924
222693
139847
199077
150180
151631
203508
261162
199587
189564
185669
199803
191241
271049
212778
228687
193152
162944
212985
233934
205556
138632
182923
252817
271299
212277
247142
147585
142586
259393
147466
146152
148044
171863
235084
216253
255603
143452
272894
204901
230653
222205
224032
227939
204271
247679
138209
232410
250806
177784
226675
188884
147761
152034
141158
245816
271863
219385
248795
251599
138770
271973
178377
192834
150053
220137
151774
139125
189078
150768
230487
171147
206844
261697
272289
204038
169384
209160
196840
227071
147095
263992
211324
173315
220424
154177
142724
202765
274213
142214
213107
186562
142920
173614
192959
195135
191290
172171
176947
161878
250172
199210
144883
153117
270592
257712
257437
234868
142856
179619
208004
225802
166347
214010
196311
215365
193300
268754
146931
207970
214771
191294
224899
152954
241817
206706
242408
190705
151577
161926
272349
169910
196633
234592
246911
166088
217583
138739
156822
188892
186792
261047
196256
177733
147892
226157
143895
239280
263182
213946
202285
138584
225587
267251
163963
208710
180443
203417
221521
163995
189272
196329
239824
208352
212435
157414
236466
252250
245756
199819
255467
233658
142251
179907
202831
202567
176299
188748
204429
262892
170930
174211
198855
194898
202321
143888
191262
272247
240464
265642
161845
272963
206501
148747
173329
140590
259565
241863
171492
190338
150287
223306
185005
228262
272487
260211
246504
142316
176245
194739
260890
233179
171421
234638
222942
244769
252787
204393
167883
200153
268011
180664
184605
252173
245519
240078
214240
172064
252920
175703
143041
151270
197797
154890
266864
161395
216369
266389
146588
138887
197474
200466
243357
185611
250442
242995
156070
263429
205766
272028
258391
205782
217450
156919
175552
190360
153312
173867
221833
190362
196402
225991
182900
266092
265502
262097
268789
242610
163396
248147
197069
167584
229994
174332
268061
259803
271546
191891
271347
145405
224857
194325
201896
243745
254441
193886
175576
194716
162320
140478
230807
182746
191110
210868
247993
227092
239787
191060
231321
252692
190570
145435
249038
249068
233358
262631
154718
220983
176057
176238
182759
249242
165437
154636
160978
203394
233914
222982
173417
232757
265429
273201
149404
148198
210366
147879
164992
154711
177581
158964
175397
225954
149839
158452
229135
248003
192202
253620
189054
178085
170435
236593
245361
213464
257350
147920
186059
274435
176380
225808
234199
186264
139968
186519
149063
220739
176392
221532
206545
208299
221309
257499
144761
166870
270227
211341
231233
258357
170267
272804
201202
262488
158471
148466
158557
272296
147224
192545
180128
237316
205077
217126
226435
266893
181069
189477
179350
169716
162247
209309
257618
155979
215763
268368
174108
184361
203763
248377
216604
168057
213682
207786
157861
186085
197512
255465
195062
247704
186301
264718
157909
215387
214088
189685
188871
229639
166544
269981
186172
171444
162952
217594
146537
215347
210271
227252
216838
231065
186356
151228
167260
212479
183635
206713
211004
263586
212394
199224
221386
258754
226741
159660
248565
231948
197175
189401
188612
224157
184674
157183
162069
213062
168505
248115
207095
223821
188614
143814
264265
237578
157330
255091
256041
239200
139118
154848
216073
243734
270795
163837
272752
262068
179563
148196
170634
233774
226465
152252
271361
226800
165154
258482
170449
221982
259250
174678
180013
240849
165268
220199
218435
177989
200563
155129
265620
190483
244353
221491
206453
180489
191880
268295
243307
260305
208716
210227
214697
196657
233230
180327
149820
200009
243919
176137
267310
241588
230949
157883
140053
167117
251542
140552
190908
200014
166409
207832
218476
146269
253840
262150
229947
194041
206490
253810
194893
251597
210854
213889
242384
246964
183498
164945
232466
265395
243377
164655
247127
162153
238589
179480
203822
233933
226133
267478
247559
272299
179419
220581
208492
200838
264938
140045
191468
209822
232833
207416
183562
203701
147051
142414
231819
187462
145286
253117
144895
186205
190476
181963
264396
240377
186261
179207
263867
198859
243487
221372
246213
181286
201071
207491
141027
157686
154311
243174
215821
170928
248543
218012
256015
155965
148379
147295
235028
234313
177725
251339
253217
142532
242903
224616
234375
149685
234454
225546
203283
147486
258086
148262
177146
206441
180283
190780
231983
259194
254921
204731
210133
177661
266991
250776
274375
206295
160308
141400
259486
240936
175463
220409
191396
264323
147608
265977
252611
234247
170013
183800
271431
203268
189662
153805
193368
204166
250343
215180
229572
204323
203373
156785
251260
240360
228075
162216
183382
225009
147039
169794
211196
216557
244025
182059
226208
197913
169474
144003
138640
182464
194432
208448
237400
167735
150621
152989
147121
139389
185218
220856
234074
149405
182969
195837
192981
229603
235810
173770
185591
177173
262078
166989
210115
223658
233297
233797
253326
166930
254853
272655
214476
227695
197928
249655
240798
175306
151769
268131
232235
196081
228128
215122
240642
140881
270531
230749
172237
149628
197897
228219
245849
255919
223841
209721
152929
185028
254392
211361
138633
177500
190221
173918
262525
180987
160321
231219
192418
188504
246093
251239
165699
161059
247010
272481
169858
164449
184619
189723
225351
196331
228296
173231
172615
143588
164054
212162
213058
183013
254416
268463
263830
255023
200258
191302
240105
216923
265539
156674
152010
167573
170899
189465
210502
210332
180498
266550
261725
176269
173245
269448
156336
167147
236513
215895
257084
208650
271872
265188
189635
235337
170839
268210
236007
138463
259792
198939
258452
247296
187731
165860
221789
145366
140316
216627
138878
190827
217258
144408
267087
229715
159151
224320
209493
272710
269074
228364
252218
158027
151736
266968
205092
160377
165216
185182
171161
236058
257379
211180
250927
198672
140378
234033
146926
215249
242405
254463
231144
205185
196782
247342
237088
150925
172653
140198
234900
218570
162830
224683
164258
171763
153098
203106
261585
144007
212629
172695
232014
237082
220770
194676
142621
265134
206333
214292
184797
150471
211105
185914
224633
232105
144602
182331
269406
260846
176372
268069
179802
262363
154575
262577
244601
152250
234355
188415
197169
224102
150898
233280
220339
169990
222817
270299
254503
266640
239806
212385
211392
149584
257778
248356
229985
241866
188890
214450
198575
268082
181045
180391
208293
154762
146807
216686
185691
207746
173750
229490
158945
155382
159888
170639
161441
160136
220459
195933
190720
237613
193460
246576
228441
162136
183972
206067
231105
226744
222065
214832
259823
207545
138778
219421
169571
246455
180634
231572
167283
192773
183316
145441
192709
138363
215721
186693
185840
213384
265209
205826
141737
247335
146640
253775
144450
269328
210925
172319
231654
155513
138581
170089
180931
244325
254843
182565
184666
191457
207328
143616
267554
163844
190196
182939
241532
198208
240917
174406
256395
142612
153558
274306
154022
233793
224786
249743
155803
239250
141330
173815
234488
165083
152442
232580
251572
185780
196340
186392
233663
258860
151775
184103
245400
186982
142353
240686
252248
265896
198420
183729
223994
212267
147206
256190
151954
267612
229742
187775
262982
205460
139644
223082
260114
239694
229307
174481
139751
180872
154269
166158
251744
214105
264305
269853
235656
255824
175632
266225
228470
247743
242107
138588
207848
215352
231904
210201
182857
155244
153548
167972
165925
232864
152891
209420
257001
143687
221567
260896
186723
221701
236428
201122
179239
175028
179474
266676
156947
268479
177282
143012
211631
264376
228979
183867
225698
266077
167677
232637
257945
218589
181257
176275
197204
164961
255372
148145
158685
172475
206903
254972
271217
180919
265305
205273
217065
203674
181172
214413
252300
152968
257451
165475
173093
174601
157297
163560
166172
249934
192927
168234
241358
219548
158489
148561
185151
250161
204301
272734
210558
225967
244774
166852
167242
217947
210839
243055
187526
138303
188479
187708
176623
248353
174160
250342
210293
160798
258457
148664
170134
199029
256480
141751
201514
211044
226376
145205
191754
246770
235004
209212
222655
186385
141002
184459
181116
268624
236067
141412
267223
228921
245543
170944
231586
193289
235897
157645
259333
261313
172701
182346
207942
267677
222947
148896
188972
191872
213430
215603
238868
166081
221587
166068
233379
239021
200079
170522
143402
192274
157109
217040
221016
170556
188759
216661
257196
198394
175916
176708
238972
232195
139315
230432
207395
249033
179197
247624
138596
193253
246411
243742
157162
200082
199052
175658
199063
155973
231152
233149
270833
244021
155301
269978
228861
248647
154576
244084
206469
233271
240602
162889
241087
168651
225832
144447
237015
244350
180780
193803
214844
205605
202052
260404
242665
167391
218752
254168
177005
229593
248280
206060
261222
241516
226915
248099
211390
266086
192025
182254
158217
141775
246281
169609
256917
269312
209330
230737
250313
246689
185617
262295
165164
171837
175372
226303
241738
246710
265156
189329
198889
242822
146726
273418
211281
148999
146697
265076
250197
231437
225143
261544
222546
273072
228336
254362
175141
166754
211317
215185
169145
176088
138716
179532
180636
200370
187166
240747
177014
187318
215293
157408
219885
140981
247481
268417
205270
220571
196592
241389
222482
176808
256204
223789
268016
263757
239188
190505
175570
145866
247571
205554
150518
234866
222440
244669
165829
237287
264138
174802
265504
217509
225094
155876
144713
266198
196960
244646
243960
199105
259450
254020
177582
263540
168932
176303
219728
219356
270616
190264
233974
251405
248041
224504
188382
197166
209098
216767
207799
238647
197260
148345
267473
162014
249588
144128
188846
232383
167795
250544
238224
201810
214611
173554
233197
223850
255500
167377
268362
150072
233501
160515
239674
188646
170686
232378
212909
141567
240694
211192
168578
201861
236589
150070
183884
246386
148167
196934
193978
243092
217937
157548
249491
265999
148216
147728
156691
262128
201300
221980
162700
153828
191675
172774
237016
180189
274357
227876
256746
223579
173667
176683
186198
185580
220621
196161
150602
185564
214626
192350
226493
265560
143782
271998
187415
236875
215170
174910
158205
240079
226354
242607
233091
272544
204106
172164
143485
175873
262102
183959
149946
253725
207833
263792
165647
225282
274166
167026
211076
192286
161543
210694
186829
177336
162708
198862
168931
256065
162048
168625
217868
219180
140175
165053
215462
176932
165478
165213
267393
266847
230155
230581
195948
149909
177480
173383
191519
226383
217934
204915
195173
138793
225975
189037
237508
259110
215633
192387
164062
249759
245062
191237
157603
183309
180896
247719
253279
184610
138721
156772
185458
160482
157403
176729
241835
233085
196661
180127
272454
179915
219703
169751
151881
195303
167005
184252
232857
152135
154623
237916
247962
249911
182375
214067
269196
139622
175088
199663
243852
156202
242113
268408
154488
256317
145493
234345
174840
147081
238472
172950
138198
154232
149425
234560
154340
216080
171531
260306
208551
149877
207245
241163
222872
152156
222735
229887
262361
242791
224369
247746
216315
199731
143371
242167
149291
263414
250937
209586
204437
162629
230931
157821
226817
217139
264855
143723
152179
202117
179764
241270
174033
161941
220457
257203
239412
237384
144334
262165
160508
207569
142771
151047
159390
258393
170278
213911
253600
208117
169669
167854
173543
205392
179718
197216
169967
230212
172674
243296
211248
150800
190309
250063
237504
248326
162704
162290
143298
272302
229863
217859
165042
182504
246581
193445
166525
185879
183488
185683
264366
162223
197855
182726
172801
185845
160760
267522
234279
233623
258244
156794
199964
191093
243757
159615
269371
264198
200070
271739
258739
177620
167628
197279
170427
186365
224267
260039
189149
191925
210342
273710
153076
272645
248228
199777
187979
237274
200706
170736
154981
173553
181620
182223
194337
195158
241928
160562
170742
201494
183499
142887
260725
262043
149813
198992
237545
227018
226315
140901
162837
245555
210589
220147
183080
203214
248822
192066
228618
254310
252103
186683
253521
269923
166246
269549
190681
252520
210729
271282
239290
158239
217078
266100
150198
195271
252558
244093
186909
141083
185779
138266
223482
254328
144441
203575
226381
260459
243325
258282
272952
233327
211813
182879
175260
181081
254728
268915
183698
211980
188527
212997
190913
210563
263339
224350
214178
240783
187349
197124
271466
228774
212858
147662
229284
259878
169079
224920
144953
166576
149838
240978
273759
259636
195710
208341
247543
148628
194173
175976
213318
247873
170651
181105
229990
148684
265846
160299
209316
172386
191229
231632
143364
154986
209397
237789
214969
141311
261631
203746
206950
169845
245005
149914
239866
198322
235435
271573
173115
219792
238864
160730
167844
176158
155053
247218
260508
249204
273512
171963
195675
232031
157921
141451
206829
138412
231868
261308
193091
264821
232027
240231
198118
223545
162183
179444
244158
193695
236493
225030
218533
187174
194486
147978
176618
229884
149995
232053
156291
261870
249148
205806
271796
174022
228365
164279
163824
157772
154564
177158
241372
150529
163352
195043
178929
258195
185111
220460
215618
257475
255636
183439
199519
255048
206475
246881
271402
248889
210793
267827
190197
168239
151921
148820
194924
155252
161432
268237
206394
266799
243664
272082
151109
195375
150208
205358
212859
161087
213955
151493
192971
227829
172153
170506
217049
242251
224042
252504
144404
166919
193216
144980
229477
221712
260208
269813
231170
186767
215227
171931
210631
222211
200193
238709
206352
205005
149481
243678
253371
177302
231800
262490
140779
225485
212749
176406
178227
233214
210380
237649
261672
258271
177635
172119
252506
238673
171593
268799
269510
199903
177082
190550
253767
241152
247808
142840
248546
216043
170020
180023
261443
244359
152379
236010
207136
245659
258787
197561
156304
270282
187064
190270
236389
205696
187201
141667
187617
160652
216138
186671
140174
192869
209577
144499
252400
140049
234981
189074
208886
223844
165453
244203
218109
216610
241116
172910
255704
177767
185048
180319
255310
155953
218310
150601
274241
184299
211052
227813
230858
259274
207437
162004
153196
216157
140417
174837
241228
218023
267558
191423
221689
146094
202901
180197
207168
265421
142453
255290
182866
246541
240806
164435
253858
212849
246084
211520
195824
247476
200964
207208
246207
247250
139402
239544
163511
247337
219842
149727
245201
255613
170412
148211
184038
265614
196973
201798
272051
158484
180096
197815
201805
237297
254318
225817
236625
199671
255505
203709
144038
219964
210048
229523
143773
153014
217216
218475
249514
257746
251244
192752
198102
174585
155248
197302
141886
268184
273639
214029
271803
174388
184001
236096
156064
141512
156991
238422
215230
183113
163252
270953
263308
226089
182343
253344
253011
159059
184771
185231
157949
246728
252057
199591
195734
203733
164031
219632
157455
171566
235746
237856
196993
268505
188354
172821
244313
158321
180781
221360
206227
175524
163936
176967
262181
236739
262448
274391
259522
144262
199108
141852
175472
207482
229253
247482
272841
215292
262324
184277
199102
165431
245982
231600
160524
139309
197183
264258
257742
153147
231551
180952
190321
197986
164778
219270
169062
224670
262376
191070
157875
167864
159347
192101
187651
246501
233425
249905
220426
150205
143032
245934
241199
273169
239947
143553
196443
196972
191405
172676
205788
222242
228696
152318
164260
218148
262179
199217
139544
234244
196578
184846
233334
213217
204999
144721
259623
236905
232119
249796
222900
255903
256483
261648
161936
220084
241668
217012
210969
172655
146028
154255
251407
167442
222496
199140
155262
146499
255775
222292
154915
232965
260192
158075
155808
205650
172491
162143
266360
191797
189225
209114
218921
222010
186793
207899
223160
172449
266533
215583
273944
167287
143183
199439
265868
256751
252234
243268
239666
272641
140818
159810
160285
214321
170922
140853
212302
252318
199049
187272
204663
177286
174756
210664
187614
221387
234549
198956
223456
270669
214425
138730
218788
262771
145804
164838
158693
205415
148419
205595
170701
175033
245542
231076
272343
215060
171636
181790
149932
266586
263012
250618
247460
177261
230969
151382
169177
190668
187516
168020
217808
175179
256294
233473
204014
159380
196686
170292
191613
271537
217189
142604
252992
240673
255177
210457
243170
153154
221173
269929
182453
215676
196848
238675
173203
166876
224341
174398
184134
191353
201081
235263
237899
190978
204622
164051
157817
234743
268950
177001
265516
182128
210263
209516
189743
223715
255461
218337
209047
252209
140344
196605
212040
236497
160537
142396
183560
245219
272762
239338
195493
192431
232225
193000
141814
215368
253498
259705
172882
258016
248063
157795
160928
224574
152815
248740
242423
163517
176400
205324
236154
171427
162831
236362
203729
141097
168768
207182
245913
213186
209297
206724
244546
259161
201519
190177
176004
183716
232485
171789
233237
221939
172415
231503
218692
140166
261401
181309
185965
244208
191788
269431
272461
165362
242984
230123
195828
223585
208749
211427
242185
156125
234650
264173
142285
160233
152032
211863
140606
234333
253116
230961
226987
178904
143986
175364
243474
202173
186768
168856
268076
227169
253453
211573
164443
213432
223757
221339
233323
148960
219388
139377
211966
140773
203129
166894
218742
217079
175528
171857
230888
229249
180438
271771
232124
161471
257747
272726
191265
228967
242142
248011
181040
238938
243219
196725
208478
154089
205098
154786
155459
246659
192020
269943
186591
142510
175208
234346
233082
193981
247329
164973
252464
149181
224286
268786
190869
270785
173851
178500
215307
214989
241262
228734
158649
172230
164667
190928
206150
268620
272373
175718
211620
200201
161326
164653
168779
231720
254131
200857
264401
220561
221164
225405
139880
232749
147166
159086
207736
167885
206448
164308
177186
167258
237371
171769
234837
263437
143439
181623
138654
172807
214332
159893
148035
177137
233062
179627
253332
266010
254627
149938
172045
169947
248010
159871
247285
154760
227041
148329
256556
236168
225963
254106
203919
195229
174171
207986
172219
152477
153298
177487
165340
162821
269064
187167
227662
177025
195981
209627
149275
252213
212900
190870
152583
240196
258219
172902
157969
164673
208793
178259
204121
145942
232030
232712
184695
257902
190090
214089
169561
225933
251446
157178
202676
268547
176633
185459
216382
203715
200132
150526
166663
265363
182568
155294
255584
161580
150159
178655
192074
182961
149457
210480
254201
257954
157845
141149
155134
249425
156012
161325
263964
197050
253333
164089
232002
273686
203022
211765
201769
176539
168562
266939
206007
249240
241429
144385
268147
226729
216070
190437
186322
209817
161271
208151
194934
139894
236376
197941
170157
208427
249636
213807
268377
266766
232414
155084
174750
180299
171735
254779
152506
231524
210634
250084
241243
178477
194076
195946
202310
219766
156428
218019
225723
204162
187635
153783
181901
258067
146048
242425
150631
189289
143058
227668
181310
270197
263229
144777
202935
243905
259293
145962
190677
190887
179981
219514
216488
235548
201067
198319
246381
178492
215495
191720
144278
243701
261017
162425
192654
155171
248378
163763
145765
207588
212680
262826
220301
225455
156229
248885
267082
195566
141509
189093
217249
147953
227697
257781
203662
256870
196133
240259
168326
270103
153134
174764
231684
198804
206602
197764
265145
140707
234295
203801
161143
212198
142785
171750
149492
229668
266201
167494
207592
197103
146418
254670
218145
271670
271366
247795
246397
152448
273388
253167
160659
159917
247919
198702
221038
261001
197556
182257
271332
166361
168069
244941
187786
204381
231771
148601
248703
215468
174055
219851
273020
247960
259069
246210
214167
220074
200127
143440
259019
147913
212548
253462
210382
259385
173649
203505
149976
247748
242681
193690
169147
182270
141352
153111
145369
177160
243761
187606
174092
264287
239156
247740
225381
195401
194220
239941
252766
196512
170312
192336
228259
198640
209117
166152
166977
158135
269393
179962
148676
235801
267553
145283
211041
271211
203343
200462
222031
142983
148811
183258
225986
248271
227213
161736
146057
250060
140282
160371
163656
150749
185984
201377
228593
153632
257353
180927
232273
234529
177213
179406
147776
213189
252431
221080
250807
206640
253509
184751
204530
273741
169957
270038
192816
180575
158967
187171
178134
166407
246110
148622
138143
164417
273457
257939
217511
250093
266259
203176
248458
216863
204701
270202
238817
231360
174375
241953
247782
239266
164893
196526
231197
225173
198624
228903
144867
168704
187629
169096
157188
183599
170792
231614
250953
150779
165410
213867
205692
151999
185076
245088
230591
139289
166203
226161
149842
263765
192369
189604
201252
172957
223239
202103
139418
220244
234665
273689
225517
244131
209513
243696
196251
240714
251649
167091
156516
180077
159621
170075
168283
274339
259327
261564
265741
273833
190027
260489
211595
244504
248950
242541
211418
153980
179933
151848
205145
229674
216643
239937
171665
212359
222263
220711
170069
253993
236161
270130
177704
145072
213757
170284
188284
231754
195648
251892
242530
211149
141098
173902
223989
201329
217053
155862
263078
194502
230160
153833
193140
198328
223405
139297
239283
250237
255382
146001
152052
248820
229038
273254
241350
211459
204547
179465
235849
190003
158020
146535
164282
154587
196405
236985
204455
181983
239222
192570
157566
227393
256260
175069
230496
207250
207367
196691
204879
250575
254317
200944
204270
165152
262571
156203
272129
197890
235560
188703
158078
175003
162875
164561
256827
242738
148357
236628
141827
220162
214317
193057
212430
206904
265729
190226
247572
242582
241077
212027
166750
168219
265247
246639
161383
214778
162193
164950
239500
186779
273411
172007
168026
138389
174318
211924
265570
155176
199003
249324
253375
231900
157256
255272
147668
198970
216781
192930
159023
180567
265702
267124
187306
225322
150978
262563
178776
235863
206784
241351
141882
172600
151943
231498
244692
171567
257212
166969
263529
185050
162218
202400
235127
154454
250155
182646
139725
267679
201825
263143
223371
213773
273359
206812
272260
197347
250038
192965
221977
178478
241862
231753
170780
179339
140939
155325
267048
258103
232537
260769
148022
180313
202534
226034
231990
247868
221869
223731
194762
235817
149143
138791
152119
267982
196353
239058
207957
203974
176347
144628
268769
175484
269600
233093
234899
152496
251494
182379
191099
151411
192765
249824
160897
179742
263310
262037
155425
201381
146484
274124
145772
206868
189706
214875
143172
260464
163247
154058
262056
170800
246308
249921
194499
203408
184138
197120
209396
172522
254946
200206
216897
139071
228374
163410
153405
166877
209157
253881
214593
181407
144833
182798
270891
191427
179328
232815
264681
265909
224677
157252
232836
170667
188130
184195
203998
194103
254272
143891
197062
176212
151172
153951
182370
206976
265807
205569
274122
156997
250176
196378
235725
182202
138323
209604
237978
140103
189570
145031
248904
249023
210552
181227
144017
154877
185438
143725
188317
156292
264163
181551
140751
200362
128138
161016
216903
170580
170005
189211
186556
263882
207260
241871
153055
193675
154867
206986
210785
231893
173610
141590
223984
265268
163903
211796
146140
238634
250494
246837
270482
152570
229479
228355
192707
263159
191862
171025
226482
192788
211879
226931
147063
233813
194923
262926
223290
259735
242829
156121
249042
202786
244525
266913
151729
196201
250045
191637
162779
229524
177386
176726
187600
194572
184784
167851
206780
189760
155945
165729
264860
181800
193938
255526
228281
271491
185339
268458
238734
156368
193503
205049
236703
227358
187674
162286
230023
204996
203971
251698
138608
240699
196326
245501
229382
196537
150150
214385
223099
220584
221570
211750
155060
236374
261925
147470
260999
152767
194315
203101
206871
173981
262048
165470
223180
220661
140311
234583
172009
215931
269743
237920
239081
231668
171434
181167
268171
242598
233430
190093
233408
267273
170813
150391
211878
223782
139809
267218
193251
181128
143223
191433
161433
192462
266296
239963
138685
240425
142624
266196
194942
196254
200746
204728
247548
174485
163304
207407
196237
260272
172918
148683
167471
180134
188117
231803
176575
204782
208137
180246
176411
255587
202441
161740
169525
243915
152231
185291
187155
184432
235827
143770
250849
157352
140512
250083
227877
227822
256475
253335
216703
148184
230297
256514
273747
223350
235845
191971
258843
194273
210422
143577
245123
210938
166634
260411
229936
165017
198407
182821
146858
210036
220902
215134
158994
176452
226396
164483
239306
231589
201228
266672
240869
163443
149649
206106
140511
182626
254612
143656
185354
198273
187447
242088
140205
200653
172970
150434
243859
245957
222690
210356
225557
177048
235707
242652
258099
168582
244724
211695
149205
257472
252161
185398
198343
165813
233398
183579
139471
253032
167946
168315
238739
234396
157940
162993
270430
194313
156454
160331
258315
187923
176740
213996
141058
197087
191411
185316
218719
204657
231443
214201
192238
251535
153289
269433
190611
230901
200125
150906
207929
233858
243399
266803
171685
159451
220824
192326
249463
236166
195395
255364
171039
147303
252055
257507
202883
157116
258184
256590
273274
180148
162046
196518
171594
251674
259524
147559
224955
195441
258236
146252
148359
261478
211036
156774
208849
232041
220988
193951
232047
159225
158240
232707
160120
227750
156925
190385
208250
206399
138430
161694
159264
210394
152315
250856
272633
198498
148171
155042
258296
216585
179889
245722
157468
247582
151793
226105
162620
254340
169162
170975
187867
217033
221043
259187
235569
172347
195631
204225
171174
217201
153747
248354
256501
208634
212159
179144
272207
182682
232866
141578
158863
236034
161253
149576
174097
221254
215291
227386
152939
210248
233373
166737
229918
243196
253394
225222
167122
140740
174730
257922
216121
195136
240965
230485
213654
176481
169069
264885
240107
146850
239780
233368
168268
269355
190541
170598
214754
148751
238945
168944
207776
165494
267399
220723
185010
274221
146471
263872
143328
193058
263967
200210
250178
234144
256173
158428
182681
229384
232621
207056
221391
215126
183584
168472
185832
273245
249492
140841
218991
189579
145359
147667
188743
261139
198966
204776
272618
255697
179859
183665
158281
177931
241915
141176
272286
205487
211862
180192
172595
194436
224159
180291
261339
151630
266886
221853
244050
168322
229832
224037
156522
159015
173229
210833
198360
201461
195499
178107
165946
243091
257853
265302
271155
223388
150493
189670
218869
249562
267559
166001
221727
213343
207818
271930
205904
175047
259481
155805
160043
165093
201065
242993
185317
143569
216341
204068
254849
150537
244587
251194
204402
240923
231035
246037
158392
255228
272422
183297
261810
220180
159688
254246
246738
235124
187899
148156
270259
239990
247899
193207
178988
148408
207549
226369
165941
187393
212214
141389
157224
151614
185870
156440
205706
263016
167969
196219
171051
209102
140241
162137
181711
140542
205265
217837
174093
205307
263883
151683
161484
201462
265014
156586
159271
159091
200476
269858
144014
243052
170692
159853
233243
249832
252454
162041
254137
159892
219963
209338
210449
237231
250164
160039
252363
245379
179224
152895
173035
149550
261456
179779
163525
259839
158193
196845
271319
225621
233378
211947
153059
265572
248172
272323
260346
140967
166659
233709
245811
219864
260312
203226
138979
233848
182110
241026
151910
187050
238432
263932
223332
254262
167441
203898
154419
220516
226235
179055
225000
252133
181452
216370
163123
196553
227625
271718
189164
270121
156045
271679
138748
269011
254139
169218
212350
218734
253626
235318
217219
217899
231008
236427
251341
158307
237947
148897
270292
143926
228520
270613
236936
182020
233503
160765
262101
202888
177168
263205
247346
169386
248478
183228
219417
270672
190139
272835
219073
220284
168410
146617
147467
199813
156460
217527
181861
224246
214863
147372
147712
182057
222429
185304
199251
167809
152543
152466
158935
151779
212978
255634
179458
154771
249590
206992
152235
220010
205776
200703
177255
187209
247607
215582
151789
161067
209424
245838
205691
184435
234358
255601
179622
201200
139588
169456
175029
172112
228080
234736
190900
244694
226276
150542
191521
191842
263946
189988
252307
197569
197247
142997
273240
229394
252023
145724
159830
242797
197910
175512
139074
202780
254207
203578
186283
248894
222054
267156
273117
139465
142224
188100
190479
174596
246182
184116
173243
204185
142177
199209
232456
141845
203292
256177
167181
142701
188608
186894
156623
150902
251382
241782
220056
193792
266762
201965
259017
233451
212028
157647
147183
261761
150086
165226
160801
211318
249869
268738
184036
234410
261277
223373
208611
140398
231175
246864
220472
204031
195594
169049
261994
144308
215090
263949
242976
200249
248070
236836
214204
196240
239024
218106
163131
148062
213335
226820
225911
143443
216179
185255
191284
165119
190586
226718
147927
150520
138754
222984
161021
222975
219064
151741
253139
207522
191414
176442
139693
256459
188390
187074
241779
267904
190500
217829
252392
160879
166878
270385
163872
165764
195137
261926
270961
157299
147440
271729
178069
144472
204849
191252
266019
258779
201262
270376
264724
243504
207879
155220
140082
215493
207512
185072
193798
236282
153774
267649
159653
263144
192417
247430
208903
267505
202230
237880
166087
200952
163509
175050
195453
267594
205895
215319
253263
168789
152853
158788
252495
228872
169429
242704
141108
231590
253001
174487
185104
205723
227883
273309
159556
186926
167871
218124
196105
197759
258826
192642
247866
150934
217152
191536
227671
214436
269272
190247
179213
205133
273809
240851
258625
270834
189034
228552
230136
245564
149526
231769
251093
251265
234836
180297
189372
264807
271755
175381
159321
258204
255612
155052
156903
272731
162164
219010
146155
225934
272290
169483
148474
177422
201233
193359
247886
212442
201729
198582
259643
147262
230338
260878
160896
212636
199842
236087
265202
170659
178645
267089
252367
258524
236697
159934
173701
182470
267379
154003
207223
208510
176620
206709
219749
205911
217289
188580
262441
229472
233646
265917
215332
270804
254365
200983
235168
259611
250926
205113
190862
252441
162866
173303
161223
226118
193039
248209
215196
244876
180787
141129
231095
212745
199314
186787
219076
271905
165106
217612
168215
239840
224538
155331
192644
142211
140697
234270
220356
246974
170270
165454
197090
230287
266861
235207
174986
141739
274220
223124
206487
163330
249434
223922
273935
238524
178583
199605
166367
271391
241884
269091
263433
154364
176778
235717
159715
149101
238774
262884
253246
206719
154259
223938
171994
140859
199354
202877
163002
189870
147805
219084
146460
192726
222751
177886
157649
155344
169301
225076
202277
180217
198308
224466
228322
177685
163175
159719
159885
203696
253848
146193
244796
266209
146593
227188
261434
239917
223913
158255
263522
248506
162267
268894
179584
140188
223851
229538
224878
206319
230833
267596
198834
262664
229454
181641
232613
222446
257717
197720
215918
209313
166550
210706
142974
160191
181927
240663
172179
140278
197956
151870
218119
245606
175720
166355
190325
193506
189004
173771
158523
145479
240376
182991
141798
244955
232852
182437
244922
146325
208741
258948
208602
258692
223756
261360
201192
156943
252648
241879
260250
143613
236551
161508
217882
150125
172062
215956
140468
253919
239378
206368
196680
228726
210389
208406
232209
273250
222653
162525
175221
242041
265707
144935
187935
252682
208421
245218
273816
261980
219701
249381
229138
269761
250339
178982
261830
262728
232415
257704
261736
155519
171115
184945
232576
172241
255456
264504
223247
265289
177461
231217
218183
232437
221422
190773
158444
263670
185687
243652
199834
211499
177706
209985
191397
168611
198989
236458
257316
181150
173178
268822
222953
173379
163826
186121
241651
254734
207137
237959
210113
155577
262271
250514
253519
143052
230893
240901
227258
193769
202127
176087
162001
167155
221839
143722
222190
158610
151033
183061
187310
254024
208326
237912
234481
258794
209891
268486
238468
171675
190331
202900
239600
272457
237036
260833
167674
213541
250062
199185
176108
188494
184881
246560
259169
268906
186830
273095
207575
151050
259457
249523
205312
261168
258283
178697
218020
144316
193741
256748
189719
152278
194350
167010
185103
148209
247154
205424
272464
151162
222515
161428
192740
182271
259728
249274
213112
157491
169904
228952
269141
155284
217854
168406
143021
270631
248417
176223
184417
267316
223510
174615
175837
260181
176924
141526
206390
239703
208203
207558
250410
250387
144857
252273
157976
215788
209732
154075
182446
170483
272423
193943
234568
249192
258674
179722
254002
254093
206212
222344
197274
249572
162488
242158
147946
151959
226147
246895
208355
157653
226568
225695
149234
146075
187479
185643
240922
220306
202275
180682
147220
147123
226432
208313
221741
247750
271733
246684
175197
170715
142404
193381
173366
234500
148463
237392
174973
182216
211841
195339
271669
233301
229080
165450
231063
198565
246807
215068
224490
253790
138179
251437
161754
167421
188877
182537
227114
235058
186486
140856
177293
205227
227238
232404
212501
253621
189412
215399
162925
175897
169342
154515
265399
267080
168435
181349
255984
156021
153782
273511
163947
214055
259474
250219
166140
181445
225549
215036
149037
258681
246385
200415
259570
160770
178481
201172
190985
230715
258372
231641
219762
215704
178527
259517
161683
252127
186366
177629
219446
219915
233298
145192
155756
149991
247815
216101
246295
183620
214448
186354
183711
249446
259669
195032
258575
261748
250757
214889
208339
180631
273078
257671
140266
143593
267264
181971
178025
260899
159125
169304
147691
189255
188887
206819
200880
220198
168010
238440
215236
267053
150958
181506
225452
186980
142965
235037
211011
256584
193101
158362
161870
162288
140500
242403
258659
224503
202603
209759
224366
263673
252705
204303
269941
229834
176260
159911
262767
234532
258906
163183
170916
218651
232354
232223
220515
182033
251632
175644
270904
153636
205664
213960
267970
228512
181294
239698
266142
223502
142303
227326
206919
251083
225439
159702
168229
264740
183275
233204
174142
206249
271731
256947
211920
207308
201054
255841
211952
151471
259977
226417
144208
183378
255044
247918
232929
236944
166653
192699
240773
224717
197133
226033
167794
213802
164908
241093
268827
236652
191297
272535
202145
226960
213035
195722
250346
162908
242275
184244
254324
204711
271503
268386
149617
172781
172232
241997
179417
182749
207841
186684
262053
163140
262130
211531
198430
176756
146151
228551
234189
234371
221009
226143
139055
268747
216760
269423
177985
208508
239784
260727
269188
232384
166287
195998
243158
232983
168949
197673
222360
163420
140272
237952
164844
216938
148844
229797
253807
157199
246806
138392
166499
273060
231082
163108
225031
259584
202824
180856
252831
273405
242691
246887
224843
230875
165500
250857
238616
270463
270030
207430
154179
151668
235549
172480
202821
217135
181022
182326
258719
270585
173510
203546
162105
173604
155826
194816
166871
185031
176509
225163
174090
171313
169937
155565
197746
144343
151863
217257
180059
255551
185962
239270
248593
179581
212257
169567
169775
249165
221890
175520
254095
156266
220569
257060
193164
193020
209801
271218
141128
257885
270509
221106
195876
272452
264404
175320
174130
158960
228928
182683
208930
211412
227319
218316
189751
153881
250990
272528
255764
225168
187748
213673
258712
142635
143663
205272
202987
196316
139215
239845
204042
161795
150560
174791
149099
205874
149558
247122
196151
163969
163313
199436
153536
171880
221282
185749
185403
263348
273437
194330
213540
196708
228028
167161
239813
220908
153787
168182
227480
259658
138854
235728
165105
211486
148010
194331
257457
274300
223270
172554
215239
253882
169763
267458
256506
266378
259217
265643
245445
263065
190670
232037
140873
159150
195150
151608
138138
251038
145213
214715
183420
149008
142738
234128
239604
249584
229635
144036
264052
172218
174272
180658
175347
188532
152251
195599
203688
151629
234438
200101
170604
241085
209777
165557
169681
254505
202641
159711
268310
208761
196859
240838
264314
254681
195376
238465
265721
248784
221874
265695
162043
228942
220586
177517
157140
234403
152385
202308
185436
241880
222217
233173
258040
178187
233010
145492
170729
249994
269171
266242
214797
266668
237570
165567
161413
231765
222780
155740
141664
193104
243101
211497
225834
251852
236430
257426
208211
185850
266717
178438
236578
186886
214472
222240
230679
193604
251526
179901
204138
188337
197180
191046
159866
178201
211212
253975
208966
259841
189193
165938
138181
237122
200431
140720
245572
195233
210835
268654
221389
210740
244261
188107
213958
139882
270165
239668
157855
237603
166038
264934
217975
205224
261004
170208
240518
234137
253615
239426
198616
181504
203094
161665
246096
242655
257171
233458
217401
197770
156626
172752
149717
217815
227949
241870
159975
241731
251111
222423
236849
224733
182737
273818
144737
271928
244940
245851
182465
220375
162278
190710
245468
259429
209731
247694
174474
229289
216632
220183
242347
227528
182120
146782
151020
239931
236435
245419
174464
272709
164033
213264
199707
163564
188900
220823
242779
269793
161624
257647
173446
256527
223181
160841
197002
273730
209819
173573
222005
263940
224368
191892
231459
167009
167581
168727
175795
170102
248744
215087
191025
180555
146411
266248
172396
252737
270779
159843
262034
246276
185742
217235
259831
257373
217241
238895
186120
244197
148586
261025
199387
272682
206538
139565
232109
192646
230922
205669
271443
171487
185003
264020
270428
274144
218998
150648
244291
153416
225401
149358
199885
205617
217645
260895
184813
250684
148912
251406
181370
183157
261731
241319
181392
151370
231688
225547
203855
138354
159314
196778
231211
173013
268400
263057
222120
228038
176230
147629
172187
182043
153017
195382
221709
161912
233282
224762
246913
218803
150222
152743
168635
244057
141671
270898
202023
222955
218270
162426
197443
191173
244849
148770
145008
143876
269534
193913
270390
174913
147502
199778
226984
214710
272842
258791
249631
177571
158421
148893
203867
229735
264290
210759
142688
204414
268777
175939
194846
193884
224395
212155
207863
141474
254724
211689
154256
194038
229411
177215
153565
238149
236314
148090
170963
174269
263371
266644
211353
248418
207685
138926
248332
244476
176448
144141
220101
166353
243213
257257
238247
207152
260767
179401
150881
271105
155066
272113
163414
166931
261160
211610
248886
158696
210578
160599
201476
232872
165089
227461
259848
172322
266396
200670
207010
166603
164078
206810
272330
168667
257556
222592
194835
141784
223608
255370
183014
213022
138939
250203
187085
161303
154010
186888
191918
211721
268544
167463
164238
168951
146820
152048
180695
143022
159341
189213
167057
169035
209495
200448
254590
269719
255565
175300
147972
260335
234657
250425
272524
259309
217042
269893
224834
166041
232686
268759
255454
205416
228392
173795
247627
158829
229719
265237
165838
155088
235456
169313
243971
256332
148578
248248
252867
273631
180223
169976
256462
196383
154889
209014
247063
226735
174563
142780
233362
187543
249134
264985
188098
231818
230533
213844
157209
232687
234155
252548
223831
144150
179989
186078
160865
242014
208702
159140
221365
220016
235505
139444
271627
141760
211680
199507
144270
219022
215899
245506
192373
236899
213792
154538
184474
157076
251613
222873
223813
254074
220368
164599
144196
244920
185672
266714
167497
186701
239782
191264
250231
217357
175225
221050
221214
177178
159229
171010
258279
155545
215041
149403
172808
271323
139046
206909
178921
174683
225846
246870
262059
162608
247179
219925
158982
231491
242080
249645
256509
146672
185152
158874
145011
258870
145534
248312
230234
227368
259012
265522
147383
175904
246382
147527
172056
229084
187478
238479
167880
227307
194028
182235
141316
204195
171747
182124
181020
202180
187158
254253
189199
261804
215987
248368
170905
140577
232720
154814
205039
177164
235900
269359
199555
222027
153809
265761
234615
233046
187900
239055
141422
202984
146370
157478
227740
270319
141428
244767
241089
198512
145844
262119
272109
272781
251880
203253
182863
156342
210859
245738
233527
203399
170039
235847
197501
147977
214729
246540
204912
222760
160573
219566
227693
246839
168138
264620
253816
253531
246872
232617
199458
201158
253242
189459
170848
233360
205069
250690
207261
167140
229415
240634
189819
225025
159576
205629
182450
246568
146695
261417
180396
221855
209956
167440
225899
243124
180226
190995
237738
229554
164414
203592
182834
160660
155892
185270
191419
146749
239913
216531
195528
233405
244066
268349
139188
198586
272941
235601
241338
182588
205568
232072
187328
235524
157797
257959
269398
266689
253879
203097
266274
264805
264687
148577
189279
211698
202654
215329
208752
231585
188538
179856
150381
193573
215903
204765
218369
251733
270972
256936
222140
248494
179968
157471
166856
225681
253601
249043
205053
260734
168903
170649
183501
169666
247687
162407
160477
272763
194707
229992
200935
162491
267262
171446
268510
257322
191040
181811
228713
264128
259662
265758
150417
256405
154570
173580
249196
185795
240779
182106
227199
157518
205757
257883
250522
152146
190426
160367
210727
207126
160011
161873
186361
241853
147982
158963
257289
254240
161115
185682
150371
188044
199432
266994
237373
239645
218838
191436
160967
191438
207156
270225
262453
251805
176522
142994
235990
229968
185123
161745
173004
218574
216011
163679
258749
190528
208977
202633
206512
200192
213370
170205
257550
190940
210213
196508
181337
184212
148668
216423
226244
165698
146834
158492
152699
203396
140998
273886
208558
215627
177210
229315
236100
226302
266379
139558
241202
148713
185273
206809
251210
190336
229636
253507
232300
251859
151507
230003
148797
263980
145177
147075
182589
145579
210006
253611
176599
168028
203497
210167
269198
219423
228396
141295
242567
158171
234880
186582
258946
158121
218707
198004
140019
237846
234840
235184
139700
215484
150801
212840
173101
231582
192861
209850
208197
188491
193751
240109
168385
214257
184948
162306
189707
202470
174925
159992
159495
239171
214563
259292
226344
239324
215157
268920
152909
215870
221559
213328
204119
183386
259515
226018
238256
184215
201666
200147
193237
180618
264337
201569
254170
273383
248634
190379
205482
237133
165092
222996
249376
158180
189556
175360
221947
252049
232777
227423
160144
232689
229297
138661
231804
198362
183779
151094
254863
268971
220825
145365
139234
260689
159469
257619
196023
178839
234604
226838
202150
247263
257749
190026
202152
241102
163952
241361
242523
252987
220158
247625
173314
217761
193314
245577
249574
165222
163444
161342
255637
244304
205655
178981
178412
167541
160530
194870
163043
215101
219986
264532
251058
255303
139707
218027
242887
158365
248246
211408
159988
161181
162031
161316
145327
249866
232695
180862
254023
148880
272105
175084
199825
161481
212089
200874
222398
148705
252113
205061
236377
156620
153734
140363
222919
170160
138132
171520
256529
256484
170256
248274
268633
240457
213119
155093
263480
155348
214334
226988
237913
167154
196649
217756
219752
201996
156816
245374
164676
152664
189874
140004
192468
208288
255082
224105
215111
233144
202599
154308
251917
210026
206470
188875
236852
235078
239237
165033
198077
193578
273217
193250
158988
244273
142394
172377
220898
143199
203452
236437
165242
230090
255195
182417
214181
163216
151994
142249
265878
239409
162377
195907
153210
187391
228821
244644
224627
211237
214914
230367
266063
198348
156029
232642
222006
268721
270297
147071
256912
231017
232158
162045
195488
226688
261141
156388
269172
142196
164395
164826
250995
194010
242843
207289
224589
259210
213526
173974
244702
170537
260215
271267
168810
250999
171102
162575
139001
162198
259041
218530
228629
139887
239689
245459
142978
223931
140467
193920
146416
232084
247718
152893
253330
219444
269876
142841
213914
183222
255638
233130
249064
238952
246186
204387
145532
239713
240758
145252
223489
159949
171715
141029
144905
206259
141039
242626
219587
183707
223148
256736
183756
171707
216085
143362
203809
172657
147791
250713
231596
262256
232205
180361
150764
191832
229008
224204
226536
172204
146579
210329
202881
191261
237181
269261
225187
164872
253362
170744
172286
203788
271601
265048
266866
160588
227077
253719
147618
139871
221165
207218
269460
238068
248298
165058
192768
166933
184249
250775
138937
250606
231023
239773
148009
238632
185859
196159
163780
258032
141238
234953
165781
169749
270985
185647
236315
264160
212134
190766
273122
177085
148743
186333
152077
178073
163277
241073
181187
148326
255350
192572
169276
151417
268025
177812
176321
143705
178326
254420
191318
205423
267256
243094
259439
158828
266790
211628
195341
264060
244798
151466
195000
150475
145800
206152
197307
175596
155736
258144
170340
185919
251122
194476
160790
189261
205665
204457
241079
239504
229692
249466
154180
242024
226116
212151
188861
223075
222818
224983
257172
250599
158011
205686
150772
232528
186226
262303
217545
148125
168896
212299
267504
234300
179150
231441
263495
144543
180307
145148
229780
234482
168573
218224
157006
270265
218984
178964
264845
210003
212059
140738
209714
157849
226437
205823
201418
193809
236919
151441
218087
188951
201933
257634
186722
204852
206830
249125
267348
155138
158380
142615
230549
265233
248998
157915
249641
154044
189676
183048
153069
272210
269543
261187
237364
156729
246953
249878
168628
150823
187741
194921
210187
152685
229288
200106
142600
201898
175451
239953
213084
161973
167240
270249
210649
268056
192993
156894
202137
222677
263302
205071
241505
247315
174697
204719
221996
256787
174671
169415
190641
156312
264064
225545
209628
196757
201837
151924
273534
203940
189769
224380
250515
243991
225240
262178
189530
191412
232746
182753
163970
200435
142569
170961
194334
207861
208909
272398
144700
147248
233403
224020
185671
272297
154527
270812
185160
252456
164185
195115
191684
248902
196181
251071
192205
253056
156708
154646
155551
159332
180207
255190
172050
178756
145825
161863
214115
157417
196014
152700
198676
203693
180590
165962
145121
247887
186650
160188
190038
191725
197993
182812
240058
155378
188348
209764
241698
210865
215218
244234
205530
257901
209454
173700
138511
223191
140903
200878
187568
176487
184114
220719
262418
178584
149614
207417
211754
200080
268663
173264
237598
158002
205160
138090
184993
151486
242413
191563
233803
163883
245764
255428
177978
142647
272382
258248
241417
261408
143547
196585
255667
210202
240418
169672
142319
264568
242883
240210
193620
203528
252379
152998
191305
150011
187537
178140
179565
220597
147821
247403
208031
249030
142299
239489
171100
146378
143157
191289
160602
240314
243840
150585
231068
258245
141877
262620
257651
205745
191285
160777
190954
173227
157391
157641
251894
143866
238786
270126
205074
179274
218295
234712
223023
153751
244126
203778
203574
263974
259295
190033
169118
202428
201016
262951
202389
208412
217493
258903
181280
213420
208882
142438
148078
192956
252280
220338
271993
154840
206587
240621
274305
185105
208423
241891
249971
266466
244928
270684
231353
179531
240935
169056
195320
228619
149541
254586
165544
197538
258901
264720
219469
152737
271786
193654
250837
184373
259973
247974
204606
150135
200726
183241
237804
243159
155848
220335
181432
180440
202085
230999
245500
140291
250007
222631
219563
218232
218456
165249
152493
147973
188358
243287
174577
185080
235442
187337
146309
231732
159357
200243
139561
193205
206983
255383
260978
243253
169801
204272
192562
180099
154635
152012
154119
178965
192696
140792
165706
201140
245658
254537
209497
147088
245152
237595
170233
184284
214361
238783
167779
219670
164938
253987
256699
194425
205540
238453
270990
181752
185614
272029
183108
144578
160122
222704
167962
159532
174606
230735
202450
178455
160695
241166
223526
141035
236709
196086
268683
272627
190907
189052
177408
142867
164389
249972
208370
164110
234349
143137
250443
237562
163286
251397
273703
253303
242751
229481
269900
217641
150377
204764
209088
212011
249076
230551
152921
163388
196764
187052
271134
195415
184100
153011
178312
179433
273080
236981
250430
230172
178559
267782
144743
260940
250005
226990
141708
264083
140882
208694
202380
232997
161582
217865
150182
148360
209862
258519
163776
243499
172102
212539
159494
241774
261383
228124
224849
240129
227988
256555
208715
228641
142124
246575
234622
233434
199764
238844
222207
176164
190113
147836
161355
267163
260795
195393
229759
168272
179252
258805
183497
138969
236850
249679
231483
188912
146106
240008
274190
162064
185937
168924
231493
141869
205052
255495
226386
202721
201720
189696
266354
234530
150734
169159
223978
153543
272419
155869
233277
170942
267879
220230
231393
173117
227146
245205
211584
148243
215477
205868
254992
232841
138782
217112
144453
173479
258399
180181
226364
138952
171596
233920
264237
265803
225364
151399
262024
153007
270437
266145
210510
172863
229495
266195
234631
201623
239705
175508
167685
138693
178484
189930
149348
146284
185322
151530
150316
234940
167449
261240
189692
227751
193126
243574
138558
244481
204955
190002
161119
248544
174759
272158
227844
204476
234048
185198
198036
197692
169871
207742
240441
175121
245523
168015
245248
228014
183055
268973
221081
176630
262145
235339
161345
216123
176534
138724
186131
272965
191090
170585
160438
157711
220808
221949
177838
163259
238917
166502
167316
143612
254746
187302
154202
254722
144829
183529
261710
184852
250454
157571
141528
268641
201638
204707
252655
208268
258223
199641
180913
141940
174931
141032
180328
237675
237165
242697
181505
213694
199478
219835
168333
214628
255174
184248
157595
227143
253968
159791
156132
148168
172669
252564
244146
139030
179229
181789
240925
168411
151407
245526
171579
263201
270884
139415
154637
270141
169247
181461
247017
183650
233611
168574
142984
175417
228377
273720
221860
166677
259727
188741
141766
156476
219204
142728
177247
234007
192877
185380
216734
187343
164149
185299
223934
227861
151238
262748
233881
200255
189039
266027
192170
247370
147882
257268
210173
189212
263118
239208
225807
239074
246969
215431
199190
259040
249460
268714
145592
224108
229212
151054
265349
181332
147379
166992
171956
202472
259066
141532
270104
226846
241912
209381
223775
259955
206869
236451
253541
190404
192038
184468
240981
168649
151225
186197
177316
178553
146742
201518
230658
188346
201171
233113
218722
242221
268298
226928
247775
179104
198226
259778
236073
182582
238201
201971
254825
158731
192291
169555
145191
199438
176561
184614
191612
191370
164530
224409
178020
270143
230048
213439
230083
149513
201565
145206
193395
187681
179023
184160
235066
213522
250868
148109
271236
267331
182880
190377
156221
150613
188375
149804
206127
231869
210385
251192
272406
149471
217275
167099
218632
166358
209715
147716
251655
210505
162546
229336
156182
176506
181372
267076
174173
176507
185821
220445
138988
257226
176810
141620
219919
154402
236914
193705
266407
191787
248501
217072
202983
271560
187352
141166
145843
164808
221211
226597
214568
222999
203147
232418
190104
181201
185439
147492
238423
189430
138611
149876
261717
210156
141291
200538
187068
201018
167404
142630
268516
138357
260773
163526
247267
187077
222951
239514
240959
187424
184398
203934
251675
220741
164918
235000
222032
231703
229525
170103
212901
238529
263273
146520
142656
198901
177634
254599
177315
168432
255312
219181
252412
270840
257138
186844
225649
167716
148170
152943
171245
219351
246426
209436
172923
208585
262682
191002
235323
146346
138746
138890
272702
193619
181768
145826
204602
204899
216112
158139
197157
186335
152892
170105
266342
193666
258238
175478
259613
192727
186443
191976
183930
202689
253130
147459
146930
216302
245050
153200
222743
261132
177520
256645
152336
160031
246179
189479
228598
238894
175302
243098
174231
163532
148611
178429
270277
229111
162668
216624
208755
242118
216829
248095
259303
251117
154551
157239
258367
172530
146612
147770
258733
161702
216601
194492
143565
222635
163452
152303
143587
196442
149548
249592
220667
248912
171672
185044
260511
173547
169779
173409
214168
207302
240835
261037
209066
205084
218484
259534
203750
141965
226085
229945
233436
210690
156212
227184
178071
160567
268685
244868
200893
159625
235980
233730
192944
236579
174336
268385
163007
188364
272149
174361
203500
189566
241205
239758
249471
227006
233910
153255
141564
267845
195422
181455
187379
231496
210437
163137
200840
146442
145386
143893
156982
151610
262713
143460
176788
175872
266797
246818
194100
163959
193413
187060
272779
147400
268999
182662
222368
210419
270474
234979
193614
272511
186487
228269
241555
222272
217600
265234
265170
180833
262070
216522
148143
139316
195843
145073
255327
221066
205674
268327
219091
143210
166484
182268
176650
184778
264739
160379
142958
224848
202758
164390
166829
248837
151535
246597
227845
192058
207864
177779
141092
272462
180542
207233
158973
208529
170959
216795
163880
159808
266741
147350
189111
199239
199692
257348
264866
171699
175513
202447
233786
207039
236029
224500
225486
230541
266091
190988
243604
237958
266798
184218
239203
226200
221785
223105
144320
152982
156751
266007
255737
251536
196839
221224
206354
208124
148434
268426
159689
241788
165355
235951
150805
249965
255865
211803
144612
267205
269724
236192
184068
162703
203669
145417
190580
146643
216177
146423
179506
175608
217246
179200
170663
243676
215075
272057
186428
194451
162859
205297
253654
145086
260460
158684
156373
204209
251643
149342
181968
254735
198048
195587
173455
241111
197952
232279
180983
179393
191816
206254
189486
202634
227857
262148
170037
210856
188113
271532
223250
201706
211047
256876
254097
174174
168520
146949
231323
161568
255909
231925
245334
195589
208980
165377
197389
153176
206194
171357
274288
150949
252144
149454
258982
164551
253880
257751
169399
152780
225883
226112
216271
224914
161937
229843
168205
143145
165098
155399
263471
194548
270153
148052
221332
251440
174617
223335
250726
257930
213504
213111
160916
188006
149062
239225
205613
225764
160365
271288
205905
159158
246696
143419
255837
211400
223381
227578
194431
235423
256026
269339
214091
174086
175481
151791
238692
223504
191148
228524
156782
251858
224297
209456
257533
167204
219302
243140
216260
160002
217811
170458
236996
159171
226443
180570
153128
161286
216296
264884
234820
152069
216178
207359
260452
152101
206946
235659
198450
255111
270432
263854
201318
174431
218293
247392
213628
160286
175076
153526
243923
263771
239469
231397
254422
166863
212868
204495
215337
255714
138296
169625
189788
157368
246830
148924
140846
188157
237633
222141
236768
271033
206791
194463
214117
215554
250561
222019
222325
159301
144880
153254
255217
204226
260580
199411
164836
266681
148623
246377
176301
219424
219350
255125
175012
207398
235875
145541
226390
150809
220091
195263
173507
186899
157689
175849
218273
166600
211659
266956
160553
225160
218809
185272
269450
187169
169122
221649
146110
272217
214763
193551
265601
148033
212747
201298
229899
196700
201740
155250
184954
218672
271183
153990
187277
267282
195781
230309
238643
206465
197315
274287
177667
171854
229161
148903
215486
186380
191781
243717
186342
141690
245147
260325
181057
194309
243578
138098
178189
163235
241119
161674
155668
233509
264228
233842
236363
268843
154514
243854
149011
214189
171746
187042
250475
273202
234944
167247
147031
196428
198744
163466
243024
268559
152603
246356
273768
221461
190229
243161
138625
176553
249813
228257
241419
166099
255088
260121
140979
253625
229351
183606
237203
238261
207660
199816
183307
259843
261936
256757
187555
139313
222015
163877
254017
196668
213319
246021
169642
151841
215271
173859
192943
179567
149661
228398
255588
244804
199726
226626
263973
230178
227283
270605
270885
211968
142068
264145
203519
220385
270025
161439
204080
178111
138167
234287
248979
256579
261978
215994
215864
193079
243438
204703
188803
256268
203069
225377
195845
156949
223022
234154
227312
229667
161992
204877
193846
270921
273053
224138
154633
206938
210996
175120
143276
199200
175560
225275
240968
166888
162102
250760
172508
173847
240652
262461
260617
197030
270012
153375
227195
271046
223538
211515
221679
212510
152360
170030
145964
254417
214802
250376
230258
238345
249149
245630
185997
179887
194323
191740
243736
270732
188111
230952
183165
196448
263891
150846
181279
188470
223176
183199
218453
272089
222179
210472
203464
237547
155537
216452
193762
145915
209908
154386
159909
251014
263778
225144
239748
199724
222397
161688
189416
143220
258780
139099
159710
141881
247423
217027
198056
199197
241052
207872
222283
163793
202024
151820
154666
239989
195959
261503
234296
267852
188858
206193
273137
254133
236941
197016
164615
149864
181592
188980
255607
153502
141488
166949
245249
144727
207670
153425
144587
262816
207739
268051
270880
221974
153013
233042
215351
225162
177599
162151
243337
148346
243424
176721
252019
146627
222226
227810
266824
152307
182225
192196
162503
261780
141521
219927
264307
170999
147205
203832
252559
246216
228492
182198
141410
161547
157165
228000
261297
240934
256205
168834
215072
265569
198930
147273
157260
228315
164425
181267
236043
138703
145418
222250
203549
155312
188554
198557
165140
194263
245318
211411
183816
158772
151554
171515
200910
221336
165995
216358
200287
160068
167111
259343
193031
183477
179843
167604
233734
162374
270734
199006
249218
244532
237492
260550
174051
141427
204229
141605
249258
145142
170950
154721
225634
198980
221580
270839
176894
257738
245220
165006
173880
181356
259612
221993
202999
148288
249930
198151
149958
254119
257809
157382
237261
153525
149730
172948
211864
190424
161160
209171
229978
194031
251565
272679
190934
271713
165984
254880
260338
236951
184763
217214
264563
149067
202781
157451
184742
164269
242512
186748
147562
263288
211078
198442
207858
138335
236953
189850
165614
143921
264880
142509
253921
265534
162519
177203
217651
153323
240813
201302
199863
237430
238517
209126
169164
186853
161943
144596
211919
268778
189144
200645
262784
213562
176268
197297
142472
239106
197668
211633
194210
145712
260046
219829
155987
271048
230663
143627
191910
171468
192926
163042
161699
266459
194254
165953
163676
216687
250174
143421
245882
233455
175160
203352
177840
259325
259583
269520
173475
148630
257807
154763
265265
246996
205916
262539
264472
269015
211710
256217
144121
177192
263512
237383
202305
172699
145763
246932
201362
187896
161703
235570
235087
245727
251335
266551
261741
238828
248275
246304
210621
156353
264178
211333
220942
252421
159763
144635
232386
209321
161604
180347
251170
154903
262215
182100
149075
156233
170784
239023
240945
207608
158562
155576
188321
163642
176337
191962
260383
271185
268260
268026
165366
235606
211845
229255
141460
172139
163211
176979
223115
251818
145808
268013
164983
159982
266404
231318
168249
169467
138850
194088
253461
162901
165597
224018
251451
157725
144747
220827
239167
139061
235890
266883
205504
205008
225475
171505
231974
265141
207635
155890
206437
167872
254644
187146
160554
185204
213532
172818
200608
179778
203618
163256
197966
247157
190422
179116
186060
195725
252160
148241
243323
220730
234478
142764
156188
202367
222628
202895
161777
205834
263789
200868
182013
253094
262387
249895
149654
267846
204626
180601
235736
245654
152597
216411
141150
226854
237308
159708
272961
162381
253428
159544
165626
184402
197462
215786
263959
207306
186000
206030
270380
153562
214734
152708
205714
153779
155264
240782
157925
237329
247926
206702
204115
200650
232581
193733
150963
239424
178701
149023
229050
172135
165287
222908
198494
213001
172079
173461
246172
168218
231058
158208
186453
259965
266845
188763
233241
190060
191155
177515
259102
272595
147720
210801
139785
242130
257691
219280
161074
270105
251559
229485
236760
250840
241565
251935
151333
252425
267021
211782
225719
262115
237441
138310
138455
229876
264676
232188
203946
256114
247530
143171
216786
187909
206552
193747
261094
146180
141921
251748
238134
193782
245113
178997
208051
172266
226662
187997
256816
141179
237205
166944
164557
235649
270522
145466
195362
197898
186455
226755
234493
234496
168197
267781
181253
261250
165416
159185
172251
144662
191075
229200
216241
270737
206943
210030
267117
222555
154149
201168
184635
261643
270267
148093
258277
265821
227733
186260
237484
257789
197413
250562
206435
139430
260762
172976
148507
260981
157151
165685
163870
186051
150370
254368
235574
161323
171816
188255
160636
203544
208461
242300
144775
151144
235972
145394
236599
198664
272597
241131
171472
192355
180098
149591
150787
243995
267500
153758
226939
237318
264045
260545
199895
187403
203148
238713
180966
155279
163537
176628
244101
142661
261334
256847
251319
270712
246125
146324
140550
257421
213584
267972
160456
266048
191943
224541
230563
186067
183175
168610
205625
234627
185242
244762
142693
233045
273177
213610
173356
163347
262755
232351
229588
263620
140476
154581
152040
167381
199677
199925
197170
254875
205421
193815
267635
235236
225179
192619
173477
260023
264732
235874
218830
158710
171096
251603
144451
192872
199060
259068
140660
141045
231214
167588
184807
237915
267591
184819
238842
250865
248079
157907
195575
192518
204308
263284
217284
201433
244041
194340
167800
220387
191379
163789
263351
238763
206098
169025
238818
241827
227610
193411
208126
210638
243056
154983
272836
218301
247309
233693
195643
239807
257635
205956
270559
149120
157463
187023
173808
201589
147432
167758
259485
209899
180532
146025
178072
179182
185874
233468
242263
258405
174169
205354
255566
191557
233189
213670
190902
268561
188720
174242
247216
244946
266113
244173
181902
195324
157448
191697
256885
219320
174102
234196
249310
260019
234501
199295
199286
207118
154543
199958
223118
183565
165581
153315
231702
258909
232896
242217
272450
267019
173030
150064
149068
205896
194209
180191
237081
181154
207765
160855
266832
271819
272098
154444
156921
172307
266051
262959
245804
250528
268058
250412
149284
236205
254889
200918
233492
138155
254508
189353
273313
200322
243506
166555
213197
159920
217134
189919
202059
222332
166109
249060
141573
230648
171943
155779
224625
198578
176989
258514
194567
242686
259684
251687
249677
236215
243129
225674
159387
157768
228775
220461
184022
262787
236901
155151
193681
265295
187351
235322
259113
192638
209690
156703
229727
273791
231060
202475
262492
267091
197267
183466
269104
228762
220932
184920
185141
272261
219227
226722
232012
258998
139494
168368
205432
260720
215105
184276
223117
268124
248201
228653
249268
191408
191714
245303
165028
203395
201368
214376
217375
222997
228873
218065
251366
241889
143018
151722
247259
251954
185245
170609
200090
249591
188234
205066
271140
153819
212757
165201
259351
269711
219336
195203
200658
170408
237233
178418
250640
145977
219375
159785
245652
264775
201073
168598
257513
199522
245789
236757
165462
255808
181737
208960
192475
159862
249137
204280
222664
145700
185809
229541
178741
169077
159041
167778
190189
244732
213079
151363
202842
155706
219119
225655
204008
195501
159963
182182
237239
218116
271065
236742
140611
249838
265094
140289
258498
155292
258423
256457
255878
221704
271229
235520
168890
200586
170159
198305
143397
256315
247138
258022
171493
262455
249503
266313
170076
223625
170611
157295
218623
151615
169552
200467
151451
249036
188037
210630
181946
235278
221816
177139
182654
227545
267639
216758
153037
266203
232812
143709
147188
142255
263479
214597
184185
173450
188619
154912
234505
248571
245912
248982
160124
167544
148461
144085
266613
239293
176744
171470
146974
243205
211940
239511
237679
247621
208378
144246
185887
213774
268997
162152
221241
199588
266316
260665
147528
142363
201346
262202
234888
148285
231606
191577
218791
221936
179441
184450
147412
271473
239523
196600
255330
245175
211073
225597
186441
219031
227457
242587
256164
232015
153190
177908
209004
216912
171306
199526
193141
177441
156397
155620
218168
148790
158966
181082
165210
181094
266906
221545
234773
222565
244073
171766
177919
241566
184978
141813
160683
153237
165293
234716
242725
145581
181119
194414
243846
146523
197959
210619
200581
192230
167123
259406
179050
221266
206767
188770
194134
180580
205610
267525
221988
172890
176568
252509
209696
204006
198124
193773
140042
156818
224893
138178
195787
173134
192939
194674
234834
163264
203238
168840
221912
268107
140403
183839
273152
143938
233215
224481
185249
157433
194205
172857
225879
145926
254372
147186
267114
173487
168662
186707
166656
170764
227117
235429
154394
241156
230253
159319
272620
197637
198960
161406
266705
154661
144978
180119
222711
182763
210721
243202
183197
184427
216756
219066
200157
250186
194879
257349
163632
149815
155498
194909
253334
220595
147699
266458
197437
161614
235023
268403
141450
189227
232661
165509
249700
241937
247215
199712
228198
266783
247151
224764
211024
233888
140094
232948
144540
205491
170131
150741
202717
263999
242529
253467
174387
157783
170392
152988
209214
210814
208201
188836
156937
220086
235291
241901
266226
189664
266442
216078
154463
223429
180201
208045
252698
155480
165863
243224
177118
209994
200850
217789
254580
148660
253316
139583
173928
164247
188437
201857
223906
187711
196069
161517
256971
230876
152479
239905
243349
182877
235497
152288
196932
242121
219813
248576
191921
257095
239313
140648
194265
193276
169503
228582
208380
227817
186340
153086
224596
247383
273498
251268
166091
147561
252317
161331
188807
226797
170943
246692
233262
247232
161300
260609
247234
200863
218313
152578
181411
240564
245751
159421
187599
239956
142611
263650
158366
141397
225625
167417
226903
241887
243453
274208
266429
228628
222967
206417
228247
217434
223988
214381
164379
237217
195448
177069
200332
227366
154097
198516
215540
186339
148268
180426
163871
203027
239472
211953
248771
206285
254437
192211
140977
224226
215107
203737
222244
139178
166397
186398
139917
184132
165132
256844
217752
177493
237352
245358
211466
200438
205738
230035
167654
158115
151711
271257
140860
178160
211687
160397
194327
157273
234698
175215
229400
158604
164086
181416
181312
253787
250639
269803
173831
192298
180008
262086
166625
200044
162957
194808
160848
208575
196994
251205
236740
166668
224073
203499
238750
256644
170896
238550
251896
221344
208942
223958
191755
258705
221979
165057
158114
149151
227965
229140
261832
222133
258304
200956
198888
209660
234408
160551
140992
215891
151903
247646
158892
185094
195078
145474
218607
180120
223391
222940
156873
261797
143910
178993
208765
228679
229734
188197
202968
219040
174214
221439
217453
252628
186619
215246
224118
219142
194342
230179
239122
141017
207422
142714
227737
195679
152474
153591
237145
156329
241236
229184
231220
272270
238822
268158
236630
141253
174391
205687
193919
242989
199742
169101
175870
205356
166867
228225
153714
175054
245181
164511
263487
218200
237409
252195
212697
172458
242404
180752
147068
204472
249115
155822
195511
139065
215924
271525
151187
242075
194312
226665
242017
258235
186403
169877
273064
264500
163836
174641
167197
156038
257707
220059
174012
211688
217190
183817
159896
210299
242339
174199
199752
201470
145909
199316
236185
234308
188042
205962
168013
140652
208223
219902
237431
150604
247415
269902
166151
254037
170009
250957
162370
187049
190182
267966
145302
186452
223816
248637
213471
148786
238080
211528
221124
265800
248055
234397
246606
188155
244575
187835
267306
150545
203494
268465
269250
168838
210459
207958
270694
259528
220345
169896
157081
238665
203697
188510
180044
161759
214817
231761
175695
183572
248908
158760
235413
268008
264422
220236
262900
178275
221965
254427
147162
236149
270903
196370
206439
159437
140394
271512
158873
157841
151819
244559
154917
212118
145370
140401
145157
169317
226625
223565
242050
222730
166790
248641
236529
170622
194044
242203
246450
145644
258688
236307
185621
163364
200445
217330
165029
273905
215048
273850
272066
184604
273696
226139
262475
221928
201447
225583
222909
232157
211872
162047
236591
227794
237303
257622
183336
235426
244856
167863
199745
203537
233559
146251
256853
185948
160275
178660
239871
144892
237354
215409
247507
190354
185627
231090
148405
150776
140399
145991
233752
174720
260806
206608
222430
186518
203090
174280
174082
256188
251352
188250
248456
259070
226974
254466
195004
162872
169933
228819
223123
224948
176833
211490
153708
239346
236677
249347
162019
139401
184720
196193
174660
142964
215099
264581
145149
258327
160426
179293
273549
273086
268565
235891
207997
225556
234730
172993
229146
164294
215202
161744
154947
267355
179969
256790
205096
177287
145262
254914
198180
268325
166373
185040
177478
193203
247043
271533
235446
177746
220060
231374
206495
146472
259282
241240
176581
228051
208733
182224
181442
273788
164884
211388
255668
272458
270530
211983
164486
142767
266592
269741
215877
169345
162782
221647
197415
228635
172599
241410
156095
264484
200947
241690
197961
142960
163029
231226
147711
258828
239012
230403
232140
245340
162269
242336
173919
265034
148719
190388
200565
187593
149731
210052
249737
145345
162415
175498
272611
256003
255348
189452
190926
260608
233007
200996
220679
164150
185565
263683
156474
209581
205244
261064
139794
155635
174246
227634
186237
201486
224741
197906
167698
183112
216698
178082
165898
173982
268098
148418
233442
196336
215152
201114
165384
187473
264542
243844
158716
196231
207610
258232
152073
156032
245563
162361
215405
249918
169199
139942
145754
189130
270229
146544
191550
248856
168228
266603
268691
273414
214046
149631
142477
216922
221577
192865
252296
255847
239260
147505
162939
214620
220513
142099
222612
172422
144011
260916
249827
200107
166417
141572
141379
251977
226050
144729
212342
214128
272630
235950
185229
165426
274101
184376
184854
230490
143297
143823
263081
219394
233056
168676
189711
270766
225903
265860
222459
265099
206431
218351
269483
204394
161436
203000
164582
205977
179053
183619
211043
168492
206049
257158
185515
152158
183265
253770
234506
266784
238364
163792
178635
239735
148283
233593
221373
240629
222155
256756
266894
150183
256931
195245
140040
237426
235722
162240
165038
143572
158711
163149
269953
182784
155806
175433
143379
209105
176266
259760
145518
255218
264201
274139
161210
219634
237063
265007
143707
268459
159555
240654
266460
145959
271714
272916
195613
210468
155656
149504
173402
141856
244727
195255
220025
248292
146700
157016
184167
160597
230299
216837
239274
226786
245778
241211
156780
192783
189974
269412
269925
230414
155319
266534
165455
159108
209211
236165
210400
198131
239708
143211
263926
225383
245832
155589
168341
267547
186505
190375
204292
214919
259506
184882
147328
269951
157012
270641
217029
151446
160487
267321
202592
203683
175436
156980
196812
187919
193483
152519
202720
222107
252063
204700
160733
225209
160565
183280
237079
157283
194956
188600
223316
157266
173378
236600
212469
185535
152247
232430
147613
156116
165049
145242
139146
238527
183467
146684
191375
246520
154104
259181
179341
194478
215128
262423
141529
146485
199098
236957
249002
198788
144963
146360
209565
175245
229385
191256
202168
252178
230415
147234
138795
140914
270301
238305
148665
139079
180652
139703
216453
190989
230211
197468
266237
158978
162187
139833
226770
140150
228617
195910
259976
140227
223925
143194
192482
194355
272918
249053
249728
189397
192895
142923
170860
250991
234055
255751
230405
218663
220367
147656
273922
185947
193561
253337
253172
228175
272002
217507
151799
248914
167948
160781
170325
272440
251090
154937
147468
270286
250680
247311
163254
228766
152154
249498
141365
164232
138483
155233
165556
252335
220558
253955
182015
210458
166377
195581
170514
161155
171073
266025
161766
229789
197987
176262
140625
149545
177881
228992
267274
195748
160464
268043
257940
230128
262483
144555
244305
214373
174763
250076
272400
151207
256854
162386
229807
246874
212564
189360
147847
267463
268947
161506
170785
246164
208691
253869
256974
207927
180581
187235
214676
168892
142844
161215
149903
146853
235885
223679
151575
152409
263115
140790
217530
142520
213954
164361
184031
246532
262264
241075
188106
184456
250665
210580
167612
256070
211962
206050
206443
216340
228167
270139
168937
213081
256095
142839
156426
200621
144968
183589
218777
175083
139038
232989
177885
190235
199157
141749
176819
215253
208413
248728
140240
173081
178530
152620
252496
236963
255226
248664
150467
201044
236910
142996
232916
257539
156486
227286
247952
236416
269812
194232
243819
239244
187811
251480
213369
147056
169715
233884
240219
146187
244845
191338
171150
161976
181000
245342
227501
143971
147003
272723
210136
169980
221699
237984
180088
141717
202835
210203
187087
152927
209881
199143
193585
269119
163439
242825
149360
273432
234052
214110
201495
214154
262090
205531
133222
148000
182507
257920
156768
270296
268243
176786
159124
215880
219377
157007
222173
211402
231181
200673
186660
157111
224383
200013
157986
169423
233703
191876
144788
155003
201976
219685
138295
231268
157734
199733
247665
141864
221304
184586
249029
171145
186780
192115
142954
213546
143557
204873
243638
183292
207212
256128
144392
199715
150309
247102
171822
200807
266164
212080
197293
209587
227596
142858
191928
172936
157263
143233
167408
196766
221142
195940
188430
149708
236814
138742
248421
186704
243886
161558
273876
151654
235342
248257
223036
260886
244388
231782
155102
203470
149263
172799
144244
152514
273444
239219
232934
219847
161963
159376
161747
260532
184469
194271
173821
184729
253691
244484
190982
156471
213364
257990
228231
228539
215921
158799
167209
179763
227696
180399
227948
230736
245237
230384
264264
253261
211070
257846
191545
156320
204620
148608
244898
268332
232684
212939
237146
265853
189597
185503
198122
162791
195832
254061
141828
265474
258027
237168
195790
213945
193455
149858
265818
232850
193500
156971
240368
266955
198503
230277
255788
253914
224166
185704
158615
139710
223889
157251
190175
232925
147554
247593
225480
250244
252208
173894
257511
240932
243448
269857
209346
144730
154330
172614
186408
159527
189145
185238
265181
194194
149678
183231
184422
146039
235674
210665
156539
221579
185149
221350
250967
202854
210485
257715
148634
235013
251163
265958
232211
273010
223584
165085
139090
259996
240234
253292
181035
264908
252341
240380
146706
257154
222636
199324
155993
258690
265902
193380
254135
146105
208532
186047
211326
173675
256165
219046
210805
218048
250476
245480
193761
177187
163712
167193
222679
199675
233773
174078
194773
223385
140087
250644
255075
212624
145553
263200
179244
265468
248101
169293
157149
196749
192945
210287
185127
259444
210338
199042
231627
164082
195765
155486
146230
273088
155599
222563
164671
156100
162599
175187
208260
266280
241012
204677
214635
191525
271908
142674
256094
190349
146392
159043
171693
229741
271855
258861
265734
192557
230263
172028
266218
146696
251795
245473
198736
171288
155996
226511
138457
187995
217024
167640
240733
240910
230412
240371
150102
203413
225391
163798
258968
190037
200498
253773
224482
263030
203741
207801
160940
192839
247723
243040
213275
183185
203209
217339
265211
212897
242109
212592
265732
266757
220847
191919
211309
152763
251233
179817
166503
140438
236119
251750
149671
190791
173522
150438
180683
255133
213246
271965
211136
146034
156117
237033
262296
239169
254091
214546
203730
226072
233380
179598
138369
244275
265279
151317
240263
245792
238708
190372
207042
142179
207298
145782
270675
184859
143574
268149
171233
152004
259667
162442
185820
258039
222068
147564
229893
141135
231263
202093
169181
188531
171711
273750
233625
218222
203077
220861
237348
219043
182505
213483
259494
177477
209596
158124
166748
139372
165879
149998
173848
176736
139681
262711
254393
196566
228611
157443
210032
202965
242782
162077
269576
192843
214382
245989
188398
155540
139946
167326
161765
248102
159294
189907
144893
167830
201363
240070
219724
242592
155746
250724
239535
266279
161589
146821
169926
228088
186816
156421
162431
168394
143458
188003
270214
176848
217490
215017
260711
252230
142627
263066
144638
216800
238998
244017
267482
252905
264802
261596
270271
165873
159063
139639
197296
166610
186680
180704
180455
152774
179936
180838
270128
156989
232263
246233
273530
239457
210027
146573
149668
161660
190775
195113
245425
252879
264188
214554
253821
263185
211730
174918
174511
191729
192580
269878
172175
221479
146922
198144
227279
184653
224198
211397
163874
173938
158360
237773
274377
205400
163233
167160
207552
210530
245631
260264
186855
151211
262153
156085
163099
269930
248535
207406
151982
143854
244405
181527
252070
184976
229801
198132
250020
141305
139326
140066
184004
190518
146117
214435
185477
212672
162848
223031
219029
273392
204867
245125
231947
154128
248613
207962
196418
159540
261159
193021
182228
164283
211291
255271
146274
193928
234082
172353
271995
251812
161152
182673
252266
251242
201479
254197
227065
207834
252688
209585
233516
185707
174168
222854
194222
190013
165965
224212
232399
265736
188560
146267
233326
151814
149711
273547
185342
245388
143470
181145
252765
199178
249522
231195
191260
185470
211362
212255
196185
249244
159803
146596
152481
205465
208744
179243
167262
272844
269081
188095
206995
218238
194972
267446
206694
181457
162951
214508
247528
200167
271608
164374
203638
244437
162221
224460
173393
159340
139053
150431
158755
250276
231513
164352
205210
151058
184428
249953
233300
185020
213979
220912
269183
214902
159778
222883
224954
202175
207021
218572
189739
144723
244739
234753
190823
155777
151460
262001
234595
273583
177810
162602
238016
269005
156248
210948
214677
228029
247865
261468
224412
212383
258437
237023
203632
159199
201022
196106
182090
229687
267068
225906
271071
153707
273959
177050
143104
173270
191363
224756
187122
176278
207983
252285
172405
211821
258972
169443
252860
246133
183545
192810
223487
172081
272127
206932
196325
224348
160488
265597
188013
152176
230180
265953
220265
273714
263459
201366
225337
182208
207722
196815
264612
164093
161676
215424
242048
150459
147850
171865
157865
213113
158749
269016
251497
169059
259552
156643
192107
194270
189801
187721
244074
235336
193631
180981
180619
164649
179163
149072
143556
264040
249800
215397
190774
227996
155124
161221
176928
201540
267095
191367
154813
174041
264340
205761
244802
170125
192907
255331
138487
197251
234517
152444
179006
140980
142793
212367
219543
269614
188752
239682
216330
215155
214058
227516
256296
269911
230862
249608
219349
249406
198458
150432
268729
216069
190809
269170
198656
138431
185187
236939
231193
261018
151203
172603
149485
181404
268062
155567
172490
148489
208671
171571
230744
182467
202496
248045
270908
221611
258764
168355
180925
245254
166486
227324
179302
215341
219493
200304
185150
235227
234679
265169
217955
142937
164302
187030
169427
261950
156099
245273
156197
243780
140220
259029
241971
163576
219472
169948
161258
263466
178531
181626
160012
173645
261612
173504
264774
181223
164451
219562
257312
243904
242948
182376
160059
187910
210799
188701
146852
271133
174627
244874
249731
264806
246178
202628
180084
215645
220643
181652
196395
214499
201293
229862
235384
209386
162527
168873
245269
167180
264545
271678
178923
204734
187628
140206
196450
209344
245310
197652
140565
254697
177621
208771
241780
141277
195128
196384
151045
175500
168192
225560
148207
181731
184383
206042
191133
178347
246036
262021
254090
246232
199879
242859
248540
263036
193488
221091
187054
148718
185211
204985
152316
206236
211522
240585
222243
175762
260949
271582
144095
151214
166379
231675
235687
150140
190412
186940
217647
172197
162302
218361
269037
169279
274145
256145
198601
166721
205523
226832
258782
139768
251853
194011
184636
273673
259688
259907
150894
197869
221167
184762
232994
163225
245231
262354
157316
164764
213069
168523
241943
242537
215887
150710
270602
267231
235354
186573
176677
227963
138529
224551
225676
240374
161035
144396
248758
243836
210233
234777
216652
214516
191570
147624
255571
227833
251433
222349
240460
150397
242660
259964
267096
144120
210207
166885
151103
269753
154450
211635
147838
163619
209233
163207
250032
208928
173331
253897
254551
226300
154293
221069
252000
207846
193616
174952
219257
255892
187437
191908
176804
273762
207940
228473
271763
241737
150623
162596
266003
244527
201942
200319
271170
235039
213449
153760
241237
240426
259502
168741
175491
161898
176239
242606
245828
263859
174500
253372
186294
222074
197354
181826
224196
244560
157122
188268
158053
229353
188231
224602
256761
140121
170262
176390
270315
160954
228178
139228
228920
198951
168865
264489
268574
214692
179349
152264
261792
225984
222660
273805
242355
267483
244011
263570
253608
159175
195545
255441
161841
205992
246642
244554
188224
180747
210355
152509
177088
158979
227134
193652
219507
262557
139580
203656
156386
193338
258873
234593
225425
149162
253119
143648
185089
254320
233632
158640
177997
232969
239296
263179
207258
237858
219081
227834
151840
173839
162720
229370
142354
247890
175555
196227
193905
244138
197362
217084
212392
207590
249215
268553
185004
169068
178863
236005
140302
200851
273652
204071
138705
242475
147382
243359
219858
222506
182664
261081
157013
141704
146921
261750
252884
211827
164398
195967
192128
273508
173405
152758
225919
216212
180220
195228
228015
148687
164817
174781
220622
260968
262417
164806
176474
169400
144485
159724
228434
210465
209947
256112
240394
183200
168491
138476
139144
161222
155504
260558
230741
220800
200103
181566
158926
207668
188247
229354
158660
191537
138498
154247
200421
158441
232548
167825
145771
138321
176424
184333
221352
269805
139772
161889
177921
255087
194807
222046
200477
231692
145910
230143
226404
146438
263068
196386
208077
177337
174295
239726
272596
223823
218745
235727
207501
241149
265983
209832
249524
184339
176290
209132
233478
263352
186243
221561
182942
237455
161118
170913
186678
163943
143324
154453
180864
168480
143065
254452
163337
160610
188936
139799
152716
264760
145164
261752
254088
176818
263395
207969
240792
172988
153969
245598
224484
189734
159788
189893
239623
212058
269439
268361
248554
260588
217180
219167
142888
221338
255894
153184
183270
193118
246479
274364
267283
255931
168207
221938
256559
171719
157271
150497
250239
254228
173983
185942
258570
240140
159485
145230
145379
248746
216817
157211
209607
233810
228033
195818
263850
199241
273688
273204
197648
139009
196312
222978
180254
146754
222987
222393
264367
194728
220270
222965
150869
157543
271204
169999
211166
150443
209723
203236
152035
274129
157319
263553
169702
252284
196352
259150
192878
220868
256791
251324
171389
242255
208307
273140
229234
189600
240625
185767
204854
210997
216556
237985
190406
240548
268476
158248
218449
234904
240992
245649
215063
261121
199248
151997
215172
220053
246399
273215
214474
271293
214717
249851
257823
145017
139863
244535
166435
201747
176098
259467
246750
257333
200264
262786
247464
143155
215807
270823
203681
149993
170337
197889
175730
248106
149982
218115
168604
173274
211269
198732
200847
158420
157974
224050
263055
264817
252823
158878
247864
250265
253080
197919
159633
250160
149627
208395
214038
138924
257574
264306
226697
210896
152305
255895
239958
263756
239852
175152
172639
225321
208404
201001
186990
264721
195370
232483
262013
192760
175818
168970
271405
176814
148343
264766
138448
140929
246657
247671
271567
174024
227253
251314
183189
245051
215234
264867
197867
175134
265700
146119
149571
253008
262861
138866
199187
271681
164735
213373
182950
222408
170177
197563
147917
213221
271783
170022
222012
233240
206911
206650
250283
259379
273004
207403
161782
237883
244753
242563
153855
185754
222210
141837
143964
267963
225215
244266
264653
157670
263931
213025
202481
196299
252104
218989
167922
255679
143403
164020
196438
217784
158833
273785
164562
200902
180266
262543
151076
177228
202174
195798
191959
256446
187855
245405
151146
155283
212341
216586
221454
237296
201692
173784
258603
182720
248226
161780
209017
150133
159369
215487
140529
217261
183109
266470
191999
253038
218544
164525
266706
242830
246330
205355
246063
202253
176071
272225
182760
161905
197977
224182
176659
262791
254251
193296
224319
265833
245192
212604
235743
187264
231768
271251
180598
223222
207950
221456
208059
150997
224593
270354
171780
246156
175606
173711
192399
242163
247248
183690
263924
170056
270760
272180
256010
143074
164203
269491
174999
159081
236144
233476
206651
191595
153667
222777
175894
252172
185313
251236
245260
257155
251902
209854
273470
173244
229383
200231
209147
256266
249833
203323
208757
268072
252092
181852
254155
220294
259345
183728
175620
222734
206534
167488
236213
196990
144818
167098
246531
169917
256090
138961
213855
149463
242752
185161
191214
154828
192345
197785
210741
155310
150036
234461
155616
153478
168401
222413
214972
270340
165521
170068
139080
232786
233464
231647
176203
165094
246407
263032
200697
218478
271696
185559
251006
149117
212483
195986
246331
254800
232482
238015
204956
180873
171684
252954
248999
223614
174430
145819
228463
142582
190930
221323
211133
220065
266488
247517
247308
207209
156213
166406
203310
167656
147538
240398
147189
182613
218778
181793
210602
274170
263544
244005
236142
181924
241533
233572
139358
150562
176063
217740
220049
235600
273295
187939
210682
227804
198137
209797
170061
158747
199448
175874
234075
218563
193839
144321
237403
256159
251313
146060
192026
170230
199541
216934
249923
211794
254758
210881
151970
222944
190608
245410
142567
217722
224895
202194
229241
272408
190715
233135
269161
196496
218008
206214
143637
155700
183081
250205
164695
223328
224059
168293
220682
141848
188953
201973
152897
223337
250699
181231
169491
155062
141164
224480
192769
220099
228609
243465
153441
237683
183177
147451
190250
149074
266496
274151
236230
188670
212173
168796
245776
219647
215212
187876
170133
255541
257590
267143
265133
254622
210954
255765
224820
272062
227799
248251
159304
173532
152795
163515
254894
262603
236302
273227
197289
147480
198822
145174
225795
230567
208256
253489
257481
149816
201406
196849
255815
230531
217177
139947
190471
204043
193754
217422
165206
209077
250409
185148
149422
194456
179403
143949
273173
215086
241100
255178
173266
215243
194037
234630
171125
152386
251073
160421
249734
205987
160181
218676
215974
204666
167343
174836
151652
248244
168296
140474
255115
144071
150561
248446
195783
156226
146247
161538
267730
152764
263110
175273
191852
266238
174066
215373
186970
141448
188618
265512
145912
160466
165334
144393
183786
246517
213250
203468
213519
228370
256046
142515
257655
151256
263039
250955
178340
250350
205305
185296
140898
150214
208001
203837
262194
206745
136146
155715
162448
232488
266751
244105
177112
182058
258092
235959
150007
190438
148320
226524
223573
202564
158485
205214
249408
236753
263034
260993
250939
190724
236752
202347
190427
247450
182710
223784
255975
273808
174370
273707
243953
211207
154788
210762
145258
224475
241574
219833
168728
239972
211420
216391
162028
219853
244672
200900
258991
201887
163733
241628
265975
165909
151788
252442
237770
233303
162170
247852
211124
251768
145645
222556
210346
271563
251653
154406
179708
219845
236015
263270
140794
202943
261207
230139
147743
224531
245191
163955
243606
249837
193740
155386
236396
234550
264665
254550
253935
213963
201852
161718
219466
169074
207632
170350
261525
240390
238839
222669
245176
162938
144784
150838
249867
249875
181567
180087
255279
155998
165939
211747
225397
268277
165325
192578
195896
236635
267462
225311
177249
152437
226601
171274
175109
142872
209810
204109
207782
229103
170750
163296
213256
198507
197305
187175
188083
270337
216188
227167
216818
220534
167597
220292
189040
231034
212607
174749
148589
204826
193626
177188
271621
252700
145248
177465
152861
170310
229201
157223
222695
227944
227333
181308
161047
202804
219298
140402
191227
182163
191092
152721
224623
187148
244648
219892
208805
213080
253236
149735
185554
196944
231718
170211
204756
148888
140171
199404
196452
215625
150572
180365
256919
233092
251280
207715
163046
233391
266353
249489
262147
195084
146125
144861
210255
272146
159444
153614
254794
259567
157905
146929
228400
156762
239416
187535
204828
239410
273389
217501
259653
235779
224974
155023
234683
155917
212883
267659
188524
156742
202952
240670
252393
186032
244297
141351
183591
146160
270392
200512
173723
187047
138482
252524
188445
212315
140822
140549
157030
237714
249091
199633
214116
271292
189986
144125
269548
248433
251982
201700
188575
221986
163378
139937
179595
234370
156405
211117
164877
157668
143413
169808
251947
272967
265511
209849
226242
238390
199142
237774
261027
262534
173113
245034
157731
214358
192986
236934
149912
182883
235134
143323
225285
213885
202625
245307
182285
200815
267615
153644
188214
191687
245801
204858
252681
266989
188932
180175
143506
171407
183642
184242
226059
252664
167168
157626
213902
151613
179408
208480
240831
167388
258241
202942
152586
231790
263758
194115
270664
153813
260178
180607
225435
188715
162876
253104
218714
152391
250510
266652
191195
273234
202279
167754
225079
248432
260983
249022
258568
172707
179687
194969
250605
145179
252508
231796
200270
180662
270465
158688
154555
212181
182689
166698
144025
239427
261859
222589
141582
191047
140275
273074
260399
263361
183785
221345
264103
200877
153802
243283
269463
236405
139802
171795
254480
186332
223564
256402
237782
220234
144691
148799
214722
241029
240088
165937
149373
142310
143928
221793
165075
249500
153152
229267
266260
144611
263677
261424
198789
219596
246979
272191
255843
188758
250732
252074
196558
186307
167007
171871
152467
271119
138541
227209
212326
206941
243254
216277
249589
259692
190088
260897
263786
176898
230030
241960
255261
152656
220653
145100
154906
245590
176871
233424
153169
218383
269924
224125
174425
177227
259262
163762
160305
269315
273871
258686
207476
207497
239701
148065
165796
188308
194899
182858
155209
176675
192300
269148
249729
176834
266629
193939
202864
194136
254793
196238
174718
228173
221933
156723
214808
248836
198628
194398
162000
159512
258400
193923
218068
267284
154964
176978
202985
160229
230408
262320
260994
177165
151980
140777
214291
173400
241793
181343
221506
250208
261986
189791
218979
209829
233712
208125
210941
251001
144358
226941
152810
141142
146685
196884
180541
171278
267477
207676
226507
234634
203811
141198
263341
155327
256706
248383
224731
153290
151245
145437
227478
162867
215693
198615
213791
141587
246593
225811
225578
167594
272784
204213
152351
237814
197622
196470
180770
205118
246050
226254
202986
236747
239718
146036
139447
154545
147235
211993
262597
267209
261184
160111
140583
158883
230650
242857
210620
174847
141825
253946
139782
212577
165428
256398
175228
162667
154761
217708
271820
174436
212927
245673
164930
225995
238924
171002
223033
186732
200272
244984
228464
257615
214142
187817
227814
258882
241604
221706
215876
160719
191156
177683
272409
146214
246230
168339
179033
188289
186511
198152
246505
262886
260328
202041
232623
155542
172249
222024
179535
198853
172914
255948
233115
273908
240644
220631
221585
224151
173175
248285
209709
263314
154768
197825
144397
139677
232756
170384
196373
259106
165118
208149
185331
211778
231731
145559
171748
273587
190693
140143
192110
212106
161494
255993
177413
201203
236068
252783
253357
274192
154676
185177
157798
217605
253579
187631
228008
238323
149084
193874
204391
225850
227365
261707
265730
158676
237775
144584
212810
224651
270796
196382
263979
268649
217404
248078
236990
208431
153446
223296
196063
257002
220658
161720
213023
247371
213661
227081
180325
221138
188131
160690
187360
242693
245694
232839
192951
156274
255576
246763
192443
240406
238275
199883
272829
187224
268716
207116
264112
161183
143163
153433
146134
201189
148289
228890
206493
270877
162595
211761
153645
271209
241140
243974
143381
268491
147427
157561
242912
193843
251923
252810
257360
172901
160750
161056
203916
202199
200406
219592
238874
164387
205334
211612
147147
215568
180536
245841
170779
224534
236588
183713
207754
194974
150155
263799
197239
144257
259807
207550
181185
170196
250762
238393
225937
230639
242070
263557
233931
139821
201609
268834
260429
139676
160469
185854
172410
165440
184386
257272
248311
235115
174963
202970
215981
236560
153028
160292
159047
261359
224831
258105
259661
158680
211655
225465
150334
215328
235654
260972
220660
247555
187157
268802
195719
241428
262100
262504
206605
233107
173142
141779
191373
140587
186053
213518
228988
238614
267769
165389
267813
206731
181502
146657
195151
198269
152383
141875
154765
171228
244424
213255
242021
173987
165545
260348
160244
167139
224404
262837
227482
169163
222088
156647
257549
214063
203409
215857
213381
141341
193710
167043
186092
249618
210500
250112
147413
149164
147172
158264
256788
143396
248161
142810
259788
226333
252638
147060
169289
210880
204866
228677
239621
159852
148161
171049
256795
190617
221379
197602
189785
226193
153993
237280
219934
202384
193097
249132
257396
231525
151685
209079
144029
181166
182017
235798
203353
196429
165725
162250
260599
172579
209868
163083
245578
181230
271760
220617
173709
269286
227978
246422
233957
170923
235486
256304
271859
263026
169299
240421
235053
196178
243964
217850
225567
168169
169370
257023
264575
164552
227717
227579
228839
153512
144697
150321
221169
265727
201868
210681
142443
218655
189511
206741
215752
164814
163102
192695
201930
206579
214221
174690
156661
144793
245690
260255
247554
200398
273629
231987
178764
147606
168343
215829
207581
218107
153944
265297
156656
244717
188643
259564
260432
224572
159458
271270
182512
238862
244733
138794
215758
251227
162246
273242
178602
213788
209178
184558
269936
174382
144337
258584
140863
211351
173541
227858
179601
261716
146358
273757
192743
257087
233432
231657
255347
227202
240546
165354
266307
153195
203272
204591
138674
236585
189795
168596
163446
165572
223294
179772
212980
177081
232377
150220
151792
217085
254449
141333
151659
142585
221407
204079
249409
253039
208009
169266
246320
189677
268824
248927
159419
182038
244815
239752
163686
256460
225053
152947
149547
266068
181760
193310
257961
251077
232670
266722
140683
267935
260017
191378
153866
152099
169083
245942
270372
268677
196250
167121
154951
172973
269329
186921
164139
249417
239256
181904
270347
143406
160869
163126
237974
162495
189410
235925
161202
147579
262883
214174
187182
152226
174303
148662
139925
187913
169726
229251
139257
257686
201658
185831
272103
271540
268852
274223
145077
244567
164592
269129
182661
201602
148105
206610
266270
227240
146660
193606
187194
268702
212995
189196
237243
148963
220953
145848
222407
259411
263000
189258
212233
167720
223313
206638
255890
199625
233821
202466
163828
234961
234282
188053
258278
252308
197091
187794
248087
138195
196284
230018
182635
180237
248623
213154
147993
203883
241188
246248
172518
176889
217614
164756
213059
273542
188272
217924
145999
193463
266085
158317
246337
222327
256702
263084
227243
153155
217058
226630
207527
166995
165722
171281
147002
177197
172157
269018
177347
183268
221995
182139
187609
162392
140754
166872
142526
176598
266207
169700
246006
172876
154415
173098
164988
269154
237607
197079
153786
200974
227849
232953
204237
255868
198002
161767
221223
221431
147177
227088
234694
144900
247319
168351
251385
273104
236965
258359
219275
236948
269744
149525
172573
218586
160842
196229
202465
221752
142846
243234
176330
225799
216564
266591
198831
267307
216955
222151
222985
155447
234044
222738
217902
200929
271802
149194
198630
204049
162638
179062
165204
173289
263724
173707
150528
197609
204981
218659
221924
150483
144870
257051
265105
160197
221961
143701
145739
161929
229825
184764
234194
198199
215345
226003
247955
149449
147105
201705
140507
180262
262760
267128
159745
162018
163089
233028
241044
165396
200118
273206
201004
184649
209698
255167
264839
234186
179461
260697
162242
166139
201033
198837
240353
172408
266131
186777
167691
164648
213948
263776
174144
183482
191170
203619
205150
180731
243473
176691
149871
195699
171252
203694
261473
233193
214231
270943
174965
262159
210056
144849
240433
149568
232517
151308
196728
218420
273864
178570
159978
267683
164313
211349
177808
191139
206918
179710
198411
221194
199749
142391
146501
204597
257503
156402
181795
245712
178992
140365
195657
205644
223437
212600
246503
263405
169536
234913
263875
167651
247114
263083
158871
217378
240974
235508
251846
158616
241457
156886
266996
235986
153817
204074
262747
208992
181242
168165
239170
226711
166014
143237
208099
245233
257994
234459
199915
235984
199234
230705
179394
153907
181292
254788
273307
180762
229611
182523
196128
210862
183333
170459
265623
239394
215166
272563
268126
260063
237510
192526
273604
186821
218443
159374
216776
267515
203057
215298
220886
242057
171777
264213
260566
268151
199821
196682
240695
257218
178440
226331
273112
253306
161706
207559
254740
172672
249066
184916
268317
152178
142512
174480
220735
254925
262272
177655
157864
189404
213134
161184
252893
141674
221374
224546
164177
228076
168526
259401
207659
182607
261606
199423
248195
196759
167845
262494
213544
143571
228744
224892
260504
221850
143142
138919
264582
248483
175983
213383
156144
187229
205472
199934
219669
220529
200545
172547
148208
251325
215322
171151
215687
169081
172123
254831
225260
192863
263626
245904
148353
266363
240108
139130
197483
256881
199147
209319
205102
251879
211330
261085
256776
180153
154329
185265
186183
207187
166529
192508
274332
256419
180279
236848
170003
174955
158463
171456
180067
223266
242266
192133
230192
204360
139514
169216
196451
229367
221926
148555
187130
164634
152080
138908
199268
217200
267230
222311
195849
244780
160196
200159
244679
170641
172327
154165
196474
223159
260167
165190
258240
213286
243179
204645
181895
243950
261641
231677
181548
155924
252602
207531
223305
186431
244088
270036
202304
223539
227705
198791
168366
223253
202547
254082
181359
238235
138618
191445
257744
221075
192898
197559
205538
242713
147226
231146
256723
222354
151965
265986
199637
261686
232150
173174
266764
167522
272460
156680
248211
208621
245593
205027
209706
238880
219501
194767
246880
166191
227557
147782
272959
216779
232554
231918
240672
273693
163853
203210
154316
235454
230196
261217
201738
215942
259267
210165
176005
244428
146968
241303
203557
257018
251823
193682
175993
173189
155864
210642
250774
235594
145387
238740
153687
260318
194368
244482
238363
158437
176258
218191
259141
167510
142184
150457
270951
176838
271648
266326
266580
223471
199302
273831
198598
138370
143363
146136
183151
201335
269969
229012
238672
190106
185404
232552
241189
152729
239515
218419
206264
173323
197158
223415
214485
152100
164373
227758
139337
153892
236259
234559
193891
268257
155931
139376
274398
226400
257652
194364
246456
220837
180894
272322
158024
213184
202552
204004
152736
263051
184684
260971
178255
200961
145835
170953
143833
187536
149720
153413
206026
237654
148702
169755
196591
267384
168627
228978
244145
252418
159297
169543
178893
150908
264332
271463
153455
235945
246234
228389
140077
226972
179866
262193
237188
164172
269647
270152
170114
224806
212377
234676
184646
266875
148939
237969
251888
200169
211998
170504
257763
174972
139648
145675
144110
188389
228891
254953
176722
229565
184883
157666
240258
229779
151335
163825
168564
240473
253808
139509
170050
255564
272243
272661
239411
174736
211704
144586
213485
193414
174004
258459
267739
252642
247879
218050
138798
228134
231806
145807
264225
210123
186050
144573
255030
204169
164652
196050
254887
201249
143884
213121
160471
247020
234220
188436
178421
193220
222850
173947
251770
167680
252011
186566
236061
196282
259199
166327
218690
200485
203988
211846
145338
144913
224746
240459
191982
173991
217245
224787
229391
175409
193281
139667
141387
172158
259548
201907
147965
143315
162570
271043
150358
273422
245736
260995
270378
201715
145273
213158
249556
262535
217574
182963
252560
272838
240298
209045
264412
186959
256476
268488
213210
232306
229787
211123
263916
204035
198526
190468
191535
218120
251951
270710
273870
167290
258491
256123
171267
265545
259927
218977
255319
162532
139724
151140
183891
191763
164126
186883
228669
208720
241323
148071
270604
245487
206913
234435
175325
185221
160152
226590
162433
256488
146860
182982
185196
187069
190556
185483
258953
264260
213260
218105
195239
201301
232379
253360
205002
225085
221275
228557
180273
212851
175169
261199
239331
196183
255941
239433
242811
271506
255052
222853
256845
160091
216524
264471
187086
207860
147240
195070
202148
253128
176958
228509
170035
229428
202110
248365
194272
247591
187725
188330
260820
231936
206409
191448
147012
183150
197874
144355
245515
209953
148308
163989
244491
144603
217066
175754
269798
148990
251838
268401
166905
252791
260598
181591
148502
222921
148774
178117
239040
140176
178594
165433
262175
200827
223802
216274
211708
179906
154262
181534
264313
240865
198726
211346
223207
209376
231389
192698
254216
146797
188039
238374
268982
197572
241550
266655
184227
198064
245485
233310
198694
252487
159204
233363
168185
236576
234119
151621
179750
236557
174901
177294
274322
204831
202276
186314
211337
202399
213714
204260
220587
256223
175681
191510
151996
262847
268653
163822
191048
153784
172631
253296
176270
225450
216216
222017
267735
218557
260376
259260
144533
168760
148281
146273
270178
184790
269832
252789
201296
244228
251628
179874
205444
270051
193926
179346
202066
157966
145175
188581
164310
210034
183139
213615
252769
200651
171166
188808
162893
213305
231102
154328
179551
190243
222075
184850
244591
197065
175963
176435
178630
200741
213726
236694
191728
143218
228354
269547
239829
151739
246388
270520
238602
255213
165627
243446
177658
162469
171473
158951
143979
235503
240456
150954
176952
215847
189316
194960
216904
230051
163189
192247
242168
270635
148928
171048
251787
254235
165589
256609
139407
182018
265221
203705
150553
145662
274400
222008
214135
166596
251861
210773
254578
169579
173319
221278
235412
236167
263994
218163
171219
204151
174183
169963
184325
139277
255399
147159
232678
229172
153984
167068
256216
201559
260482
171371
227653
206624
227766
193592
214859
188787
223580
165717
180611
216638
161474
238859
214051
250560
161445
224947
224054
161742
159601
201422
268724
213805
233637
199203
233033
227535
253193
184027
237561
249986
267294
223620
253916
142681
205116
166345
195797
196072
238610
251512
272486
169769
234687
147164
243138
188137
203439
260025
271128
153579
179670
242778
257870
158517
194769
179884
251469
172037
223465
203989
260189
193572
213245
141173
245305
197819
270285
249670
274137
258973
148524
163829
261329
173842
150015
199550
188650
226873
153185
150818
209654
198191
164940
183264
206984
207119
156686
245734
216853
193231
145878
187188
255912
249179
199864
140730
184713
160403
259455
163096
180104
160385
233849
274376
138176
211112
223665
147152
200257
176737
163787
145296
261317
169138
211621
240814
157343
155875
269635
166604
223687
212537
182955
174884
161553
150937
233588
165343
208667
267900
139409
207960
207257
171627
156472
234227
255859
144088
154896
257486
245724
198815
224775
152565
274286
270362
203081
143924
230768
212860
226271
228388
212102
213744
183116
253112
161833
146147
193145
221952
140243
212161
164396
211327
211290
226694
251924
179564
156020
202140
153902
196799
238385
187132
252715
212196
151908
194258
205979
173116
158810
186481
172613
233165
140400
252530
216592
242401
244008
166325
179490
235099
214673
165021
210062
146801
209199
167895
240143
194470
193911
141796
226784
255545
231310
261119
185862
212084
233776
223560
164979
144745
190694
198255
163550
207232
230364
263180
185412
205867
230233
250246
247892
220925
200700
156377
186285
228881
208859
229942
239385
264647
212863
265578
237340
198867
148827
259888
243136
146202
271903
214451
164798
267842
250356
215984
161348
178215
233644
265733
171095
259081
268905
247654
173048
261957
152866
226696
169872
213873
238410
266936
154016
210695
210605
271997
138137
172888
195786
184017
175062
163734
154876
191029
149088
160054
176624
245565
233488
210876
182344
233129
160640
187745
179238
264564
270113
206367
215896
200582
247702
180515
269210
198104
240893
223262
227448
227556
264851
262785
263245
235893
153996
184692
223930
177711
179517
219745
238329
150540
181009
274161
177923
247336
236239
145463
202025
233657
188656
200735
169564
245744
189055
190800
229796
238276
186035
173252
234072
246051
138951
160895
175821
201979
148445
194733
246794
199664
237871
202390
172782
260078
226510
206980
169807
187486
221447
184570
206345
157611
143756
159813
179357
215318
150938
138545
189051
272913
169939
201242
213649
219045
231088
250041
222090
143221
139632
215049
159257
199089
151619
186429
171020
178729
269165
139810
145092
258701
255512
224452
230284
233100
195899
218152
219664
176499
157685
183181
267519
205994
185703
179447
249191
208037
166176
231554
162873
269528
255839
201969
150177
208767
163136
148113
145692
217217
154884
196912
173651
245228
179366
210780
203096
207038
236045
234999
175366
237005
193229
251491
213141
270667
179641
229803
186254
220480
158925
150041
170355
177680
151221
191477
219300
177943
227074
213637
151243
242073
204338
271365
261806
147004
209560
153462
234860
208482
230326
177031
190407
195413
155368
258413
227800
209571
161285
236124
145305
231831
161823
174748
229598
234108
209860
140775
221765
247788
144353
173399
182516
259499
155313
233386
251000
236748
232460
185350
213316
225205
201387
268367
221217
161378
259315
231719
181050
208471
195570
160635
236106
188425
179281
211080
233131
268842
248949
158126
204521
202874
232560
176761
253695
270441
218980
224156
241885
202388
226494
223015
170001
181072
178198
201384
218709
181817
177345
210331
179895
230869
212767
200699
158939
232595
259882
235647
171953
163244
244872
260351
207469
241677
176439
248103
185623
161712
249202
188706
146814
161105
209277
268211
197144
156876
252259
198698
157432
221453
200447
144269
177528
211012
167313
224610
170370
152381
209076
264409
187251
254006
160009
246749
150119
269377
171276
147889
175422
193107
264427
225726
140573
186325
260412
269336
160970
214049
237682
244349
270837
172572
172550
175920
159566
142465
199344
235072
189085
235968
262579
181678
204344
257207
274379
226439
197937
152622
249084
166171
259337
232700
139120
170739
161028
191112
188674
261474
269679
208466
156158
172635
197950
255154
156672
220936
273283
241613
222180
204158
212567
188058
172103
267260
213037
203775
160969
254326
250026
173681
242595
242875
203454
267675
169494
247217
273868
179682
253799
183246
242517
254609
183993
188825
255591
237215
250229
224103
237358
221843
191580
183659
167220
173349
164219
201691
199460
237225
176544
224856
194889
206558
166857
222316
150196
171293
185869
150731
268964
266846
167924
188242
266005
147578
194040
175650
181540
227381
244211
161041
145209
143444
178999
179283
141606
247998
174049
141245
227351
158014
223225
237155
206805
155226
269352
219764
153777
269243
188163
172878
269820
228136
210488
264595
238627
145614
230073
246815
223590
197760
200762
179122
225589
144020
267353
195924
252099
256823
260834
221871
226449
198412
191495
138126
248893
269234
170335
139235
140505
193025
146918
200989
187433
222080
198416
231204
176367
221819
176711
179412
269454
171401
157892
250097
158844
205126
163246
169234
186161
207387
149058
216221
210755
234197
143813
167429
198336
240998
185770
261597
260531
182800
197624
176341
153029
235757
213148
262143
204243
260544
269224
268388
226922
193518
171109
148494
238887
177807
193887
239104
201866
172885
154558
156640
204629
178941
169843
235005
171623
238144
226027
146014
256230
140519
221276
191316
186263
199600
263939
266910
251278
176685
160705
256087
183856
160997
224934
259080
213653
208110
232137
147280
244555
173213
179173
214237
200980
146334
210319
144722
228189
235090
143151
185835
158798
256130
260760
151006
258330
148176
192225
154438
237568
198865
217757
148952
166846
223358
220910
254658
255483
170568
246439
168041
210475
204309
184869
259940
195447
263554
177715
264972
244174
159546
272849
237080
170264
193396
253733
231531
178049
149097
225739
239123
145301
185841
207375
213715
224290
146170
252745
204871
221766
215275
141207
200417
253280
260389
221555
238285
234623
214942
157722
188210
249935
156602
258334
174554
217101
188591
164142
179131
182069
170079
206157
214524
179686
247608
154971
177790
250470
252105
169941
216728
168773
185702
175181
224984
232706
266598
243263
244570
181745
245353
161457
154968
235956
216641
233938
157760
147201
152166
201347
162387
171791
195092
175217
144781
257145
153597
250417
225881
259134
231847
143852
256607
212559
177592
176641
273853
196560
218875
149843
204979
228711
213353
216619
222602
248654
189536
237759
211305
149304
154007
178762
178510
203086
163095
166514
196061
274125
267929
186031
251496
174021
227975
207224
235662
222787
243515
175636
158686
217176
160067
211909
156453
252898
257392
218092
139121
238704
176909
226458
265946
265709
220510
261942
220277
216040
216242
219030
202609
254897
180550
206616
227377
188068
161334
258662
250583
167878
193174
217686
200712
142183
149826
138406
262545
246375
162745
156395
191952
181427
242288
234280
273533
140568
237854
192876
143203
243330
260509
264711
165341
144342
226847
155837
159030
156150
228732
268392
204584
249427
144439
261869
166821
245366
157589
265186
150875
204726
177942
143619
258415
253594
143783
192601
195389
244224
165186
206721
260081
231033
148857
251193
198105
174835
181865
163508
200154
196629
270797
195002
203133
272463
196478
212824
252585
159741
263346
231241
167983
241710
166532
260641
175400
232389
153956
161475
172531
191461
203265
173865
230824
145965
256309
191149
172100
239353
195381
268172
172691
184733
233279
153167
162913
154526
258396
264487
270256
243464
168008
178934
161112
210294
243898
176853
204541
223735
245952
179344
258771
226163
224657
173785
273135
251134
238042
151038
176640
221509
229774
169618
231125
178852
193709
139598
168799
184932
232408
186599
236943
188309
176130
163803
251329
254476
246859
203699
155104
273160
274383
227495
145471
245026
144553
256642
185675
216549
189331
246906
220765
166568
138698
245858
220395
250034
151419
185370
253455
184245
171050
272003
215849
154253
150507
191764
255415
209463
164019
222507
211007
253772
268966
247950
228417
226317
144864
243580
232737
212484
267109
265230
173152
216872
266752
163482
243899
199795
268302
244192
252252
234492
194748
263798
271227
176157
169480
158472
179920
150382
224048
141530
263104
142123
203444
199176
205470
234714
222105
187908
207270
222726
141301
193931
185494
265384
194419
190548
141358
202748
150824
258985
270858
254669
252610
156578
240235
156321
269290
240964
153925
225349
147984
221109
176993
223427
232968
157247
141367
143078
246269
196989
252125
256571
234354
182876
260003
141927
133237
152103
274363
218030
272869
240586
224646
154043
150835
196942
174322
267510
229754
188895
180804
192430
195560
242106
202084
263328
230411
223443
215542
169180
238572
167823
190939
197558
153964
254151
222233
253543
142519
206990
187350
263760
238322
263912
182892
270965
261611
183527
242611
213207
169146
180165
235517
251471
138679
196589
264912
158481
194146
210467
229545
195030
256373
211476
267032
143625
209892
211414
240187
193896
219400
267005
219726
154869
183303
217733
256692
255846
263056
160831
185830
269217
241726
254034
139637
260431
247421
202274
270238
250513
264816
199201
263881
153227
174298
251088
196172
157832
274264
161656
152229
226007
250338
243870
197010
259765
257234
190130
213421
231403
257534
144631
166858
191749
175999
172290
260979
208629
166768
188440
199047
236896
214812
267193
228462
181898
154988
188755
212460
239491
207339
204913
201727
226737
209572
241411
248981
204600
214408
159916
272010
199009
250711
210892
157771
185882
245094
142271
258484
226382
251885
150113
218482
200259
194429
168567
267075
153848
198607
240034
192777
187788
237781
177601
149158
228093
239152
236280
149985
210403
139706
159737
212417
209123
220644
206403
172820
233207
211434
268145
247843
237059
270754
269325
164355
166495
236790
252513
206248
177310
166134
237700
243525
211141
266915
253488
237882
150164
192232
265529
213641
251121
195683
155485
210000
196214
198019
188092
139469
193209
181152
144091
174205
161423
179316
154953
237237
184370
248157
273384
235646
189484
195425
180888
162960
227644
247804
251184
198148
240541
168238
139329
185771
269002
187365
170065
254361
239983
256775
148854
138973
174411
170156
181161
165246
220818
225273
244626
196029
150817
217479
219900
217251
250850
212683
257796
229245
205093
267318
241992
254173
243144
200377
167101
142850
153186
197541
256517
194517
210407
214483
140888
144563
174477
144303
156999
217737
169684
208801
247230
157655
252150
195701
195350
140928
270742
180853
187722
226521
221975
226318
220102
197126
143559
226799
274347
241333
238161
262742
227116
156629
248374
182269
160424
146733
193594
261435
227602
230473
174804
250053
251008
149729
224061
204545
140752
152456
173717
268958
235250
234369
251330
197944
217748
150487
207894
250592
149848
172641
254872
182255
171034
157056
163573
260326
201958
153883
232677
200977
194789
218123
270614
141465
266202
248168
191512
194183
207853
269411
208988
168762
214810
169707
207591
235143
196895
217870
240131
215052
216982
167726
194660
224343
205954
250169
217341
226010
189708
176446
264274
216311
268090
211587
157238
147352
259577
223986
153775
245046
244218
242874
206057
228263
221719
177053
152812
185572
158018
212242
146615
194654
165156
236672
252449
273352
271574
253257
153625
152324
173999
195996
192551
156074
207451
240993
265541
155754
161874
199900
258402
186581
268520
259967
146253
259769
194797
170979
261198
269350
263972
194967
247904
172373
235648
165330
145069
182506
245394
189216
271552
179667
176263
241722
232095
177104
179443
237050
260244
187765
248872
236517
206845
273576
153232
273571
193349
250540
242616
194885
194504
234222
264369
145890
271792
228046
237221
186669
255084
241313
273338
148134
190848
247911
246571
142558
228667
194959
189190
171379
238759
237692
215451
150591
231191
153664
202396
160632
258809
249361
157474
265780
209517
149964
262377
232980
199709
182636
221868
230274
222370
260871
189961
186349
247827
218800
139170
148389
198200
241802
155535
183233
203983
178829
188432
177400
198492
195992
265217
153280
165312
273353
254682
199059
149047
207706
226447
188515
224101
185077
204152
248750
168139
191219
200022
143338
219727
200928
142405
257977
197837
201699
177898
225650
264585
159793
201105
260096
189302
150677
212075
218845
141047
152357
143650
183575
224430
144951
257970
190971
251914
195761
183652
266567
272013
190268
253504
148671
190123
266735
230764
264590
172928
160700
241057
140184
222658
197187
146758
251623
149090
177539
147482
253148
234507
219557
205490
210951
256092
190919
252473
231748
202004
217268
244745
205228
139503
242846
219874
183278
139658
188305
201237
231239
160382
166436
256946
197376
268815
242732
195914
192208
144605
161480
200045
190735
232522
237863
198398
158885
252882
200236
271113
166245
257688
258150
234214
173805
224063
183458
177944
267884
272880
182232
186002
272151
153430
249330
151691
224356
171478
139352
150463
166566
230516
159328
227093
222309
235408
266056
143386
271911
218685
143639
215943
228948
211232
221808
226816
209665
198249
264206
259706
176019
245876
255375
270005
219524
192314
264431
152992
179770
196692
189787
239540
170128
253793
255034
262384
225482
138416
218245
203488
221798
235895
189848
216791
187466
253180
228357
157716
268744
149554
187017
207101
194546
231743
256127
168645
180556
233645
238891
205920
147783
230296
141547
169290
254629
248424
260546
238493
257581
269259
261589
211425
258820
171560
254592
265895
225710
265369
178322
179515
243973
222106
263768
189305
178053
214459
242485
232523
243764
189140
269149
241784
200772
155534
228540
271757
219895
164268
253307
255143
151673
138801
223575
157870
248569
256359
260485
265239
200689
140993
160102
147763
152515
243068
186394
249435
257365
222765
165198
200474
191977
220019
261557
244298
245987
254080
224737
237257
164677
236413
238577
252130
263966
230555
157437
202762
211165
150968
198238
257670
154671
263611
184213
185083
218665
204604
269117
152869
213206
261335
146511
152600
268981
222362
192034
156176
157567
178036
205898
155285
148712
252962
201034
247787
239367
141926
182345
225070
226503
182001
199574
184547
168894
212115
247233
216514
169142
240170
142505
206540
151258
251237
252426
150473
229117
157726
239428
258362
249854
174156
168600
256008
253830
246191
147503
169331
214890
221503
264613
151632
199911
273068
259168
263652
141007
185722
225613
179891
139575
242201
266963
193038
192947
241298
195009
232719
148070
257058
148694
241217
200916
272903
155673
164024
180030
138114
146928
251383
232907
252525
179352
200097
177753
194933
178691
236180
267898
243871
146069
237211
198092
249760
218609
164716
215789
264664
262505
161544
213125
243824
207402
150406
207551
233053
179510
182868
156735
230498
261955
228733
153475
191086
266700
171070
179905
250932
153031
241209
240776
191011
235113
216964
159930
168327
201250
219004
201058
204246
181622
202204
217853
229275
202442
161347
151375
203141
224952
227303
195951
159267
273314
162130
201208
175952
250312
261807
142905
192668
183036
202584
188568
175807
138186
248053
196772
271458
223309
225063
173623
169369
230589
172775
242865
154519
154887
250764
242591
273709
231528
183587
268669
198866
148462
216199
186647
244850
238509
220197
261706
224256
260138
196773
191634
217172
196886
226288
218772
206482
184453
268105
172096
150611
236356
186755
184492
242930
260285
150445
226332
154531
146428
163713
265232
257730
152691
218841
162915
177638
246973
174753
192776
190389
181558
236608
198657
222122
142195
224454
246736
183797
164712
222828
211809
208447
195385
217519
202605
229089
148793
153941
273737
210352
263133
159722
162245
155701
174438
139143
227796
143010
140528
193159
205200
239147
142161
221400
209268
193430
155697
217869
197278
226827
161893
141037
171824
209997
174364
238829
140735
204760
222549
245014
246799
200117
257310
198335
172017
234769
223178
142685
244853
236247
231256
164122
184620
221657
180990
149926
209125
180608
175626
209285
156276
225853
169955
195537
252849
209484
190465
261887
218059
190368
138572
165277
162541
226173
225957
247944
200078
197630
181484
201859
250190
222793
226757
188054
232999
173857
205842
195823
222816
259057
221118
228784
243324
195416
249962
202122
241113
249082
274384
186199
267129
262540
144286
243711
192081
214766
190958
183357
269833
233292
168723
152962
155807
194622
180818
258862
202223
248396
144556
143856
195038
146120
267495
255092
144779
182276
269115
238904
209935
178702
262173
176389
190843
156415
199245
228330
257011
204210
155295
158959
156345
208000
175405
246680
221176
138773
215911
255949
149413
154895
161946
215274
138427
157916
153276
243309
199228
216111
148616
196455
235393
193966
235603
269742
264553
166233
254966
228207
236964
216376
179106
190661
185555
220116
224492
196945
169374
196653
221920
225511
158150
139589
267029
217021
139895
257405
266553
185873
174429
262708
196291
224292
264704
209439
190498
147415
208907
146387
230762
166399
230702
265979
174662
225690
162945
253186
220577
143119
169388
163331
208632
164622
271768
230125
171964
189044
192051
175361
175238
265749
189546
206305
248001
173828
199285
214184
169894
187991
148625
199684
209911
263997
256038
195179
204131
178832
210450
140200
263426
252878
265523
155658
202338
157121
217461
229480
182771
177578
213600
214203
156575
157097
148041
217662
251566
198614
232752
139412
214888
193795
138173
192791
222795
167128
142451
228893
264798
198583
208856
252721
223635
186052
253544
157651
270807
163505
233606
206010
186039
144247
258113
171620
240361
247696
240103
149079
266691
194621
255469
256227
265328
268394
230072
218944
148953
222355
271016
246681
256939
265001
220279
269849
207790
214861
201938
223920
235886
161339
211319
200932
171710
267216
255689
220613
226414
167275
162214
222199
249116
149292
184711
155207
152581
213032
272607
213554
273488
140052
164292
232591
212903
259229
221197
160768
163925
229578
184186
171370
263889
270680
232153
262112
218770
214193
256340
144699
171340
241646
206438
171666
157442
262186
229393
145648
246725
227562
142855
182990
205754
263412
140303
227277
138777
166588
185383
234843
162382
226713
216232
179818
164787
146343
212942
236763
271623
202971
211108
225026
189702
263893
183396
273171
205365
238168
139597
198205
197552
241360
213345
196956
195285
213687
253510
241329
192577
200092
244962
156497
218929
259021
253523
259914
161714
255701
171021
176731
252333
253408
230727
244799
252906
198068
210863
169954
250705
242410
140213
252820
177061
175369
180102
153741
205262
187388
181483
258047
228958
241069
252035
236138
265771
141195
240658
157537
184253
234245
170863
163274
211855
230383
164488
193444
236564
193743
179679
240519
183090
220242
177196
256006
180208
209507
140230
225334
207186
227110
170116
153916
167317
200182
245457
207239
168953
273000
242411
248606
177145
242858
211859
207565
204809
226103
154101
198080
243432
262938
244043
255379
232472
145196
259328
200738
224761
181108
220862
217621
210179
215928
262192
160541
202135
154798
153271
262285
199909
179169
179798
228031
266835
197678
142170
244064
252239
227576
215092
175027
179913
174020
187139
205603
224406
267169
182870
151464
198914
246704
204298
169253
226422
141608
249781
153338
185534
255131
192251
200560
236942
174984
241158
217297
273527
230360
216637
204721
186729
244223
174875
243260
246982
206373
254666
163820
150892
273695
268384
207680
165240
272666
171761
197377
188171
154053
235744
262346
243445
186196
262096
152443
149362
151467
182447
250101
196355
165633
139594
164647
260229
235706
255097
174315
239538
251336
227452
220314
233836
261636
199355
223798
261838
199582
148511
218081
227408
216496
162008
175878
152540
175395
257910
141520
204133
263514
259433
233146
230655
224486
181058
211153
141935
199695
173342
262617
175073
226178
147845
230545
151586
154594
202502
238711
268266
196927
257658
188278
267276
182438
202437
228535
141764
184643
157141
270195
163354
219821
163802
195567
143009
187689
171022
144054
205029
189461
269065
180839
270755
258636
198543
248884
230740
215995
213005
163766
147557
266840
153852
244943
208146
201756
266729
145816
234957
177331
228506
141248
141952
140250
265641
159712
163479
213551
174942
197059
193519
191656
148784
251253
240269
186794
260214
179400
272156
167167
221348
160625
273390
184867
255318
253957
233610
251445
215954
169356
264915
264456
198965
269572
271479
243489
253737
205226
138088
265493
214015
182231
249321
175051
154390
225130
218978
204605
185994
182188
247545
178517
148375
204454
167195
212905
253988
221377
151008
217457
229610
141515
244982
201005
259061
155705
228405
155665
194177
216045
247529
242002
146679
165045
180311
254388
245158
225626
236690
149539
242543
179560
221897
245966
200226
194964
236046
151695
244006
173566
198329
255223
218031
257952
258384
263126
191147
189550
272760
207566
200891
204943
206377
248538
234658
161630
263761
258538
217933
241176
160238
192902
156096
165408
158579
238415
160267
182765
243121
197237
234584
261940
201151
225976
178473
247735
184011
217626
176306
260965
246121
184745
188183
203362
226657
229474
237350
164512
176482
175947
217764
238981
185065
192084
161447
222639
169788
157755
171574
227276
228159
240793
210104
162207
259690
176796
262230
271381
153201
173628
218263
200626
238518
189060
212164
221314
148460
182667
211496
200518
269928
145507
186472
197682
186501
213418
190503
146062
229552
199399
250047
151156
202515
166261
261271
194708
234088
199310
261108
178646
177868
178689
207823
152599
246628
147381
262284
186483
172683
160302
231312
178023
185521
223544
179288
227246
175509
199874
227076
166886
229052
159007
147144
238563
243518
273261
148909
133221
167615
253064
237037
268305
261642
236972
166150
238997
179327
262189
252355
259893
184749
151579
243416
218006
239769
229688
222782
205796
218769
144854
261260
249619
170455
252145
229182
178627
155640
156861
190062
231964
229466
148435
245772
143827
262466
251998
166478
225330
139039
181477
200709
161248
198222
194033
254931
264573
271589
167002
168465
147481
233162
153537
241407
228760
225346
258071
182474
246152
175809
234752
240431
185540
184434
187640
164509
177295
180988
141459
188048
158383
226431
179829
159141
258797
222764
206808
159554
229686
246556
166796
186666
176723
243479
176051
242807
192411
220131
164161
257806
149317
156849
214398
194507
186963
267460
184885
156264
238755
191001
205833
191854
252643
179917
163570
154427
172486
233926
149921
248599
217559
143141
160921
168488
227235
218013
247713
250796
205803
204535
233620
259014
208343
256511
164233
229658
259135
226258
201443
237558
212759
188138
168657
174308
261967
228816
167078
186169
232569
271376
230201
208439
160073
253982
144766
263111
223644
241357
183854
210897
150573
196335
212979
256925
250700
242669
145685
207477
144964
189070
216989
273404
174916
179857
204047
244609
194665
246966
235061
224075
146658
152429
221215
264334
215940
173775
271804
167949
177121
175820
256259
220210
176670
245752
230900
238155
147149
179816
138221
144595
175457
143153
269211
198608
262593
164047
153603
236778
251884
186142
271191
260495
160358
259224
158361
244858
261879
198963
155618
166516
222038
265825
226677
243107
235284
220228
222284
168736
242472
184078
253327
252471
270978
260366
262581
242354
218365
166474
256882
173034
198585
177271
167964
152490
173812
145476
248796
185487
205149
224496
190813
168691
199734
148016
225691
156330
217880
260799
247636
244097
219324
158590
265132
147005
160329
222847
268805
147487
161364
181495
161726
146631
267812
165197
256197
193162
169088
254347
147140
265177
200443
244019
171681
251342
188185
263332
212576
159463
218976
246778
143059
175235
237888
238253
226120
141555
186772
211932
260180
247799
218994
149600
228555
155198
146888
220720
259404
153959
239762
245510
271898
238769
178957
235092
147299
199674
202526
227203
197861
234100
154841
173451
236479
180113
165394
143708
201685
214580
211471
162862
153288
250552
257526
239767
139628
139454
251350
140285
255535
256377
220580
194677
240801
138606
197635
210734
226448
241642
180605
143985
139523
234184
153505
141835
142437
187941
183062
172596
237109
214175
163060
206183
213640
162539
150524
220343
238996
175634
219338
144507
208358
234289
219232
198940
196217
161915
183647
144983
185512
260481
261663
142433
270845
261609
260112
230550
161093
171024
255053
177636
148559
249010
143099
240434
207493
141360
200242
186194
255939
192440
209412
160902
150427
183832
150044
215174
203784
168221
201175
243933
239361
254062
217150
147232
161908
236257
231578
237875
228561
271427
227499
217194
247869
208035
200836
223878
270642
167856
174971
241560
220490
172845
189618
268960
259923
269693
195769
156524
150059
269285
269579
150637
211469
181063
186516
191776
162695
262800
202226
264890
190596
169817
172862
184766
173540
263556
230230
152874
264795
146779
160908
151260
273510
182323
224789
258445
194012
197873
231780
181015
243855
156910
270813
184906
227200
249353
270273
189299
173180
259271
157779
210426
207539
231134
188179
221398
226525
230732
245359
260738
189999
138273
236842
261682
150098
202769
139331
228788
242534
228316
158070
216662
199026
184188
237130
161856
196511
191709
183367
151391
270196
244788
152446
177689
246140
261298
224780
232957
169541
193212
266747
261524
177659
205341
139492
214916
177280
259051
243592
191221
185934
221594
234387
227125
265183
241376
180996
202794
185385
246353
261742
233446
205915
155643
179746
213406
237490
214041
201132
187675
193861
203512
231749
166410
155433
263815
171903
229885
139884
189323
142425
255016
216148
231396
256131
149124
222333
153705
201303
167746
247356
166011
140433
146975
188233
248764
257642
178024
160929
222431
212841
166493
168706
184696
180390
156337
154125
209110
194280
254879
147810
160049
181808
153332
188894
239699
246226
175974
139933
257840
240516
212982
238137
222621
161418
251863
182994
189473
207885
213024
248970
141633
157135
230273
153962
183850
262055
251780
256691
218644
215531
243510
251370
213175
165473
222788
216963
198480
169212
152022
184140
145076
228545
216854
172301
234566
209327
188762
184503
150605
254153
147070
234424
144168
172338
255685
220081
245402
167506
153351
249520
200908
168124
179599
245171
187597
269197
140609
272711
175568
152142
157850
180526
198885
216163
145664
266985
240957
199247
267480
270449
240759
171934
182016
213136
241252
167999
142562
260129
145152
246931
170591
164231
183207
251514
199352
196162
180135
271742
196147
206733
186889
153766
273911
193771
171919
264065
234774
161267
260157
215781
229020
194590
267848
170188
202156
265146
197273
229493
197066
240022
143537
237108
227851
222158
166155
145244
274032
253448
165565
145628
203159
212000
172104
209479
198340
143523
260745
217849
268431
141309
202937
165365
186218
245996
192146
200401
194554
143265
250508
155676
207924
205922
140254
255045
261404
233916
142731
213928
149276
227456
202887
155243
147674
203450
171450
199453
214124
165816
207361
222235
192950
166465
145235
203471
235443
199040
263227
270920
154346
146073
234963
270164
138520
263665
239110
139499
220810
219459
215635
217634
260756
191406
212835
206080
140666
139958
179077
269645
179861
154783
223324
255277
207146
238033
209542
184251
204788
180703
167022
194459
183365
263275
185837
211727
242159
204491
265907
189205
139915
174233
165650
200504
196522
217210
150935
176919
250243
169546
149477
272539
231794
222576
255449
212669
179054
244953
224800
242926
141885
179481
177309
197469
171201
165576
174738
266390
190127
195377
193404
204914
163221
193321
263511
233844
165009
180759
254882
234567
226501
263961
254632
145127
151459
255863
219354
214416
142560
201793
270250
262730
200316
160389
271203
237635
149963
138652
150021
273605
160423
263230
249111
272321
181043
163079
199198
215030
207219
225012
234115
152345
212695
273745
254453
187129
243125
238264
234830
222623
206794
224781
264185
155725
158775
186834
220108
162398
226964
156805
212496
201997
162206
166912
252272
153725
178501
211099
160064
196339
144097
165684
256731
187802
141801
195061
218237
213484
182443
244686
227912
165157
204821
227563
223348
233704
262200
252109
211176
241745
157458
139692
201231
153005
177354
215630
181809
197235
218537
153837
194065
171165
203868
194464
167149
273865
160653
241223
246433
208083
217966
248906
210098
213824
173508
192153
215080
144719
175250
262462
185547
188050
179011
205892
156344
140246
219177
190778
213881
166153
192881
151588
241464
176020
226727
189444
190296
233003
140930
208356
191779
205343
147599
142320
227054
266302
165339
271909
227872
162088
199877
250491
262332
149045
141865
272284
260887
154991
141156
189107
218831
264942
199517
243955
187292
243681
251281
260087
239667
261801
155561
213629
177092
235702
262105
267468
143270
273269
166787
165412
182695
260869
251493
164506
188639
219654
160627
215255
180015
257709
241764
272418
274289
197549
222820
190301
208553
197865
263279
266850
242418
254648
230190
173082
196572
227806
260548
174757
233619
202269
206485
226929
163558
200537
215403
230726
153574
175856
242253
272031
160028
260276
158859
204067
199351
224269
192005
187335
178034
178511
214305
270059
138125
187271
219785
196056
166005
196765
264966
191658
242644
213831
140208
200254
241192
262294
252774
269604
231439
197328
227069
144076
222801
207669
249103
173903
181363
142233
221734
240409
196486
208281
164184
222528
157756
239582
155675
244944
222265
250460
255738
203173
193114
265555
166665
188414
165309
211359
168634
231038
266716
205529
166945
168143
193844
161477
238770
226629
199947
206500
251334
160899
241601
177788
164864
227618
151396
243059
248436
266961
146952
165858
207752
156076
253221
249026
242164
252845
152232
230321
214069
146919
184701
197317
203350
228787
267805
198906
159900
176879
230361
142121
201877
243801
244895
240373
216476
208495
170394
188734
191331
267872
149789
172447
183888
208552
196099
145939
170685
259989
232693
151948
164857
245444
141777
151569
249194
188730
206325
247471
197719
214336
190111
266748
166654
258046
145025
229436
257056
148533
192322
263840
167675
258080
143775
240043
222929
176443
172095
222163
190441
199557
267857
200606
157775
244662
160780
216882
224439
210752
178035
203182
191933
223119
178279
229795
227160
243791
254142
203335
253536
244216
157118
139073
171430
151826
218582
161800
211733
198917
148575
220133
255762
171206
145966
170773
209991
187401
204077
271735
225915
214571
166811
153647
231317
187239
221442
253951
246949
210670
153997
198521
218536
204870
143186
272914
227612
207646
257096
227552
239490
214858
211694
177984
271931
235403
177536
228854
252646
227049
200468
202562
263313
182946
259466
208766
211037
145228
196821
209789
195515
161913
249893
180303
253581
211127
147275
247110
190401
232200
240239
171356
236160
218360
250751
168561
261440
264494
155654
170503
261303
244935
197188
235019
157999
157835
216634
257904
236442
264921
245287
153613
212584
196756
240345
165802
251652
223149
147729
269427
159929
241024
211148
261840
250761
145323
194522
228401
217324
213494
163383
149302
195853
179040
226145
155316
183388
216034
260414
247369
258954
160756
238459
214393
247455
179804
199938
162144
161634
192879
190092
144240
157847
244613
154150
197406
185450
186479
215375
223382
246076
212827
228895
234178
190761
171270
244653
236616
243595
161516
206055
188220
138243
145324
272817
205648
231079
215349
255770
226238
248499
195721
147524
187421
138682
141762
158678
202485
270131
268250
257786
169175
266448
257543
263550
263646
227500
232766
242849
243660
251057
235857
254053
149241
238262
198581
166075
267740
241733
164941
186985
247161
202844
263082
221290
263199
164487
168330
151475
190797
261593
204055
155916
229908
176412
206593
210314
178990
226148
138832
250763
202850
244002
245065
212632
231471
176613
239168
224074
271558
220812
164534
201223
268914
239756
169865
144205
212271
151336
227536
235010
175721
176910
250799
178567
203504
210540
225615
155085
158612
176931
238871
205258
172296
213213
158752
179318
247703
159362
218811
171682
258853
234039
162920
265346
224868
150129
219283
140425
222215
267647
219299
211091
194426
247803
144796
168236
145595
180509
152984
165438
211057
266746
160112
156872
151628
186017
151502
257441
237506
147450
184104
269499
249011
247396
223587
141404
209444
154881
201806
142162
204444
160789
140288
158430
185486
208758
193333
268249
252557
153451
184738
269098
201557
215947
253623
150831
227784
217054
175625
272768
259423
156790
240463
192715
241476
157945
209209
258582
213589
184377
224982
185312
198301
208521
254896
176445
160293
234020
161052
245373
177727
253732
230684
225123
230357
261148
212313
149231
197981
173992
227666
258171
142546
242482
144158
138419
271082
234648
224007
144575
251064
241842
144693
214308
239160
184830
185792
170407
142594
187615
155948
217133
235288
168580
152227
144969
185340
185684
157792
239755
239608
220575
170876
265381
189952
179136
241530
252883
263632
175375
230390
260841
258461
266546
221268
239447
223167
271583
274335
171641
168156
259304
255427
246633
158577
195280
138820
197711
256967
234260
267774
212994
263282
148949
178879
207514
180905
167474
248957
199990
189860
229112
138619
264426
156574
252215
222545
268246
156086
266888
263090
146978
202055
173396
247328
200540
267985
214528
184625
214720
244366
235981
258729
236893
245605
204057
268443
165783
252384
193264
248110
186475
253320
183522
180969
247553
166080
185346
166362
170766
228395
220298
182321
203076
205546
232654
271011
220877
139094
140396
270856
208499
146483
138678
205690
163275
203838
157812
206131
249950
262083
264990
167288
201970
151009
270893
158955
194481
267499
152098
163673
203115
141157
241991
143351
144434
191234
177608
273859
210145
274060
249333
234576
242181
181124
238011
208496
180388
186158
204656
147654
236915
262819
245177
183634
195586
183266
242447
205109
188082
250006
267829
258619
212436
263073
160641
189126
259442
224655
241615
219193
185509
166288
213443
247747
175070
166393
191183
226803
237362
256726
249936
197715
240926
142286
219763
215205
164479
249767
253141
214522
245348
249603
259265
242151
139363
212935
174068
267709
268460
213619
267204
185079
227635
157633
200184
182561
231594
227600
271266
211622
211226
201647
213198
273012
265574
234475
270245
146164
209670
148882
230894
264267
140920
244040
174465
268398
188232
207976
206853
250543
139304
203819
206185
239966
249739
168361
152083
261494
175103
201599
242094
180565
195354
216089
237627
270931
238067
236792
227735
273550
174236
253846
148242
268066
164262
237623
141748
208809
192179
161692
151454
138999
245309
258614
237224
221803
273480
251962
224381
243004
239425
193418
265350
205673
184608
148568
259816
138990
227304
192261
193543
151558
225555
216862
254677
194661
206665
219805
234739
145065
139563
218436
174633
242420
153947
178966
237740
238377
273230
271659
270658
180655
180239
214019
235760
246141
195347
184099
144493
139867
201404
221943
274088
230710
220873
237666
209304
173344
256763
170596
266288
203051
234525
154743
248986
260253
266135
210985
247206
217472
154423
175684
189377
269558
234123
257995
151767
191125
210609
174094
164043
210724
220399
198562
219316
244854
170965
159604
229892
256352
139640
271720
251229
198927
141466
157889
204439
183494
162034
229423
178777
194863
257621
151378
179701
164517
269296
155291
258006
141190
228475
172016
203244
256765
180137
267285
195897
186622
173167
256593
169228
176703
259133
143913
254109
184044
158417
269384
236547
197378
217164
251939
159696
248929
189306
184715
220067
256895
268352
161268
189015
159635
152319
257845
210431
167655
201709
269173
143911
260990
254336
184755
192659
206671
233576
163306
167971
189984
185250
216713
149812
209645
233782
254287
157207
140437
242304
248942
226589
152417
203050
184425
255176
272279
254737
235362
153513
273574
249319
264168
268494
180993
224394
232553
271685
249929
176369
189247
141588
240890
143610
179398
200616
205261
263862
170662
242682
170147
207705
242545
263763
197074
194916
194915
200768
178647
212814
271420
172616
214493
228312
236393
187181
160103
150271
263311
185915
238552
179096
151964
241822
139231
232231
197877
227192
228984
221180
252866
212060
253771
261097
215673
235710
207816
268212
139023
212306
216414
249765
250826
269386
175025
139807
222719
163961
246275
222875
262127
208599
155414
185639
271634
214879
203008
143865
262226
238237
139280
146719
157099
171556
208933
231277
164958
154214
175561
161314
191325
267086
267619
198365
163748
177719
144763
168539
138688
190979
157102
240149
210406
272262
157741
186424
217327
259697
253604
179541
174153
176382
195973
229606
263888
248352
212926
176676
178050
153372
213924
174167
177043
263825
148337
203264
205478
232791
151212
245539
228339
228450
216227
180901
221343
197153
220819
228455
194541
213786
231521
156857
220807
190072
161502
138233
244529
148674
220415
183010
259153
178048
231365
146291
190889
186258
159973
252832
158434
184579
252801
179543
237517
150770
233739
262425
263535
232870
237458
210461
154548
215204
165203
245636
269983
158504
140390
241934
186922
155797
249265
247614
140582
179794
217521
169688
259182
189398
270061
173416
192054
207743
198369
234118
259105
203997
158940
256107
264523
264170
231345
244274
268703
226777
156488
192172
236834
188632
152503
236935
260320
237825
220331
158946
188315
211184
187233
158567
149431
159001
221257
274252
243546
170664
148223
228935
191553
221112
256224
242488
264635
177410
241112
211068
155937
197684
226887
211751
191010
154343
181742
250567
220681
187716
246220
203642
247282
186515
147923
183153
160434
156660
247143
153264
153863
237630
247877
244881
164538
234552
192445
214306
195555
181133
185446
179078
253435
191801
204778
213038
158758
184298
234853
231020
253206
255664
264828
240716
176102
232005
152959
239943
245397
206296
178305
152832
268630
261284
198260
224078
164118
183239
161715
217749
269919
168533
227558
195616
222387
158467
168982
249966
196872
242947
236675
238211
165834
171429
151424
236851
202480
191987
207080
234193
201920
219522
166164
205170
261898
243779
233528
273268
230945
212630
252189
267576
232716
158689
171694
152974
234617
269674
200629
188193
237242
174209
224702
148029
150550
182929
220928
176138
219638
185332
213973
143765
216754
237159
233919
255344
238296
191107
170269
255753
219584
220390
168711
177475
232227
206770
261511
177580
157190
232006
189764
222749
267822
190489
250269
172810
214572
222037
217713
158652
255396
168426
226156
178483
210446
150320
195292
192173
259824
267844
158060
179575
154886
199133
140351
187951
226635
267040
176324
169367
267928
184009
240723
190737
208489
238014
250488
160481
206387
182556
257537
214356
176483
213021
242851
271925
251132
255168
257204
187634
220495
196856
234129
265079
142890
180847
202921
195982
163416
148944
255205
187520
261076
165372
164003
209922
165336
186171
142894
210107
264137
156194
162648
265691
237642
151442
243352
146581
165429
258142
263148
160084
245110
146497
164784
183176
241232
216591
164905
242519
167251
201079
183251
183366
154336
191105
243300
174731
242364
273133
171392
189810
210305
271939
203359
192614
169292
229302
139325
223074
201863
211856
228351
251816
236892
168508
151529
271296
261566
225884
164285
181394
200793
202737
198046
220329
168402
268382
237412
174745
255479
147320
220905
196794
184728
169750
264594
156432
179825
242964
176709
179592
145927
223767
170305
142379
244999
221256
181746
171654
210748
159053
204110
261934
145001
166186
206238
176715
148092
176614
259802
241190
243238
272085
266039
256239
239892
154219
212895
255187
176854
141208
192449
234754
257653
261461
240989
180385
222124
239355
164840
166375
231934
170413
192137
234519
216697
270084
263067
232524
142295
247550
190488
195234
182341
212107
165663
157790
178848
143931
208247
272746
228899
140219
146727
261763
185715
162783
202744
209051
268696
234264
156528
267906
236386
218299
194396
149153
163495
262158
214787
196893
214674
239880
219355
172244
268684
224235
164252
144998
163284
163699
240435
248907
171904
201497
260337
159637
242010
156136
267171
240717
246007
172343
272012
229576
153396
178625
216087
161627
222085
176357
254606
224543
185519
261771
166370
241959
188830
249004
204518
144939
224566
217856
253841
196548
235715
167192
243123
139949
230482
151072
165480
261020
177952
159628
186303
246773
208369
146769
268523
259845
161684
188488
208107
202692
247028
163922
240392
274184
258638
265058
150926
144859
221644
141000
161443
160362
231036
248645
200195
144016
259798
186302
142395
257228
193470
185970
259179
226104
171497
151679
252809
168800
204141
164288
153486
197171
215597
200126
146005
210343
256687
265651
165850
217561
269874
248071
219972
255276
198574
171385
167491
247615
237124
195520
271148
210237
163631
193526
259891
150952
219122
144817
174044
189655
194172
211681
246567
256643
265303
166764
169403
193290
147987
185884
264269
261390
171658
199648
199258
227396
182387
163916
245834
264321
158646
186347
160571
242647
191666
177416
175581
227642
199948
164304
256278
196684
197444
254630
238289
252598
214120
242853
200129
220762
176611
243688
149853
158407
149722
225489
274068
233051
248662
176643
140861
147128
193080
200420
260824
218988
160758
148755
218218
269908
179210
162259
229529
195678
209464
200456
182042
223899
262509
202934
144376
173786
185932
206022
155894
260373
145577
194855
138691
176688
271173
272873
266569
154355
230904
241277
235669
250252
215258
210956
149325
224988
185929
219621
157155
248713
260265
159278
245060
164221
175075
206025
259873
260375
138259
266409
145326
194295
243058
268639
190078
228201
180045
174849
237112
143314
265213
207266
209194
210378
143269
219968
263975
258907
159580
205640
163028
177584
215552
258715
219439
238520
216968
218615
195089
257215
160479
241489
151807
243669
239405
181077
146150
257202
222925
207745
261960
194259
178557
174948
249561
170169
197055
200426
206347
194185
245754
187639
270258
231453
242820
221261
259897
266439
224402
274231
262348
207195
247024
176705
187700
264480
152744
222253
202368
248515
201256
161308
145409
239527
257714
165550
165561
164830
227985
196082
248325
139163
211199
225640
213925
162611
256269
203045
204555
215711
152262
255556
223494
258163
220866
234084
236510
236894
220341
217539
233671
218525
168167
144809
274393
175902
150267
266710
247000
232032
236812
235773
197329
222079
140602
205693
190400
188659
232612
259223
262282
233640
151929
176077
156789
240562
245737
153354
233416
194620
265208
240126
159657
205923
191935
164299
143487
141563
163154
139618
267344
266625
256634
249611
156325
153763
181175
198084
169610
227135
138697
265498
138833
236446
193193
174248
182412
228361
221481
265931
224579
189150
184388
166997
229738
232954
152013
264123
225218
149710
220669
271378
211857
267243
185852
169883
262878
140003
273048
153151
172116
238384
270275
191890
263657
253972
266688
255433
212875
151385
170985
220821
268939
273373
246111
138330
255829
162044
138467
244666
200093
143528
235164
146923
170481
247727
223472
241070
166103
232731
179065
247171
216929
182803
253368
254821
253078
164210
205582
270076
212617
269179
231683
258156
182093
149069
156456
212170
162094
245732
254448
178757
184913
267359
231909
190443
269126
181456
196903
204041
163082
212220
139760
143405
246655
204020
215416
144622
151344
247669
270057
219594
162148
210890
240041
224194
259695
256554
151941
233751
170832
203387
164708
267147
208645
228478
189470
184237
177577
257791
153877
212965
255414
255406
223483
274196
228915
267162
201698
171784
172931
147040
178301
203686
171441
214507
229723
153556
153308
242211
262085
200680
272026
222436
194518
206788
198915
171271
157164
241107
209138
242629
272307
181979
158096
197728
142976
192257
213647
147253
145795
198874
266289
160662
154354
138346
138478
188298
249054
200718
186603
159427
260957
180336
207510
228433
168396
183016
210072
163744
160807
261504
157784
202239
272312
183091
155902
182836
172443
171802
166508
143266
225047
266115
175376
196963
158503
218178
244321
231000
270610
156681
172560
179697
273059
155833
207294
229095
156354
201028
238768
255252
206768
150436
166013
188435
159358
161701
251450
240054
180249
155786
164542
139290
221351
147182
165533
249488
197560
268690
196016
179813
254568
270300
146046
199673
163026
149116
166118
152547
144500
238050
181699
244358
151815
237311
251866
166774
211905
247362
176134
217727
171930
138634
150947
235843
193752
195388
229582
208254
142352
223733
244249
229029
211902
272034
247657
269458
237853
195332
195533
211058
232683
150513
180907
173492
138821
252302
148488
271377
217372
149754
231650
218854
246515
191954
207023
178285
185629
271335
253785
173647
217654
229891
246471
175590
196573
189716
164879
157943
168371
219019
222833
233979
254771
139886
173641
239497
198366
191661
144711
251521
153711
237730
233166
236319
197555
220829
226898
149071
202694
218596
240919
170625
215008
150862
179309
255921
256441
169521
174273
159779
155573
193504
231074
143400
151723
193560
209589
175839
248592
203860
268846
223505
187513
252253
146502
234298
175667
163218
182548
238849
202455
185320
199254
235536
243735
171365
170526
216463
190116
203859
246174
223672
201019
145975
193489
265939
230425
206220
209859
204685
145334
271053
194051
141099
208189
240056
225263
253015
150236
266829
229914
190016
184066
223703
236633
252184
254098
203783
185668
168688
273425
163232
172185
239883
269522
184002
222396
180338
273593
200299
184117
180147
238146
273807
241084
252366
181336
164376
244031
178722
242977
254502
232779
183344
237300
186390
272939
238195
265353
178308
216392
171358
170698
263473
223697
210912
199276
220245
152299
224087
158930
162479
213306
259104
224845
217091
197749
177914
143407
216010
257217
164069
149402
192215
202912
269351
148273
211831
184360
257700
161807
167986
272857
246404
216519
183573
139992
176045
178415
222727
252435
252419
265443
235720
262203
168756
216832
223574
273711
217883
183123
265242
179591
211752
172762
149793
196266
222511
273395
242260
159841
245428
244719
180029
202002
187499
171728
229118
241979
139508
264759
237154
194241
138183
230866
269778
165252
260407
273804
163935
223484
266346
171226
158677
146085
253593
177596
174467
227455
210641
162906
244026
244561
186383
248427
162628
238023
203725
190146
229025
221507
221718
264470
192891
205384
220360
218492
244616
167694
180253
157282
165469
180810
249578
205320
192639
162717
233009
196473
173909
187646
203742
224867
152118
196041
238736
145858
253716
154844
189000
159627
180866
240169
238375
245596
252778
174506
228498
272327
257034
200520
171440
141077
206302
205876
198254
185628
180078
158311
218234
228547
206920
166667
203211
200785
146985
230760
186721
183933
264041
225907
269595
226328
265843
226706
157579
141706
260083
219817
266155
145613
244068
258085
176185
156381
165536
198941
273076
198265
183780
231544
215354
221857
218749
184302
185285
139246
220405
168099
185864
256466
157556
266946
138349
239904
238257
225058
165117
188367
214514
271724
213061
200676
205897
243641
194239
231733
180263
251773
191889
182055
159951
269710
203426
203324
168183
207368
264514
148653
228681
263128
230086
171663
208487
179656
175223
181635
240059
258496
212088
183866
269861
223801
204887
189324
168784
245662
231726
258571
234677
270240
261060
239212
265562
259855
273099
270926
242802
138177
235619
227759
167348
214259
242153
142749
267203
263029
187760
246734
207059
143071
269987
240367
160378
193150
237690
213074
215695
190769
191576
175043
139855
171108
170002
259477
215656
172130
274098
253203
197671
271873
165677
260458
163471
176902
241250
272927
144936
231216
217582
196933
224695
243302
205033
179014
217984
265847
272585
247181
197632
263161
213262
216973
237954
142291
189269
258508
158015
144155
251882
164385
190559
185711
160947
196567
183748
178637
198909
271744
229584
215223
161442
255386
165814
227269
226187
145339
258440
183327
161000
264988
214691
256009
265119
187772
194587
244972
185696
267369
219782
209228
150108
150951
181318
243350
225761
178715
264312
222092
224095
238307
213422
163092
240051
194034
236098
222428
204633
141859
274120
167158
267198
236692
173694
187727
164040
245104
248170
226217
223592
273253
205623
254460
244374
255292
226622
207326
158543
265726
158641
264713
252608
250988
257331
262442
175453
254394
167528
185392
261221
175961
273319
251937
146097
189264
164030
155328
211881
223795
140699
263805
237813
206570
142365
239255
208914
151389
206492
220015
146459
250823
234447
222480
192647
163717
185513
179445
196129
171839
253289
174328
234540
231480
273155
165956
255257
203075
236609
220311
205427
186413
242935
273232
214698
249360
143002
250989
254069
146496
154448
238222
145002
227933
185692
207312
180507
265499
149752
235129
216006
138784
157284
237139
166008
183072
194513
146713
269750
161404
244551
198594
238615
195796
258651
248992
143235
220318
169602
157134
204510
217619
190517
145905
182564
179782
148727
213329
161192
202444
234325
186400
174469
260868
225779
224373
160162
217758
161340
155050
210121
163119
175268
192801
168934
142385
273412
198679
242409
146363
138115
223278
168204
204589
230538
274337
164900
254927
249106
150462
142244
236246
179695
248475
160589
142934
226620
223139
174518
230129
264460
197130
256299
166020
269072
243272
160216
219950
265008
225668
233410
156204
233138
181226
209602
153928
194819
268123
259090
163858
158445
151866
237844
258872
188917
220340
222522
238248
263010
156054
266993
273733
256147
167372
161485
207560
233727
182932
229690
139635
231933
269475
204010
215622
273812
237582
226555
230700
170971
250065
216448
212659
156536
252903
222826
258026
171820
168484
163562
201537
204789
181092
180410
226313
262031
226661
146390
223972
259960
247244
199134
243478
259454
218169
248956
139160
202288
259992
263918
141066
216600
162332
245456
215304
157658
174015
149874
169265
156159
214301
149196
168337
154870
262218
190383
252630
261740
230984
272384
174733
167151
193182
235044
174452
238865
241898
233032
208036
242476
247769
213926
272588
209999
215643
149760
265009
195593
151836
217439
235533
217288
259569
148331
148210
219970
206372
172270
154980
152903
184024
159903
211175
249783
228212
201279
152668
241183
233537
243724
261300
170592
148496
152205
146914
222221
220894
188638
254533
237851
206241
240961
221093
206736
212282
157270
226446
234448
204609
177607
164674
197146
226410
248551
271121
264233
199583
211582
156425
156800
155132
256534
249444
252665
264368
236566
160934
153299
207889
179388
234976
166841
243522
184059
218408
214081
237786
197291
204714
240031
157415
200801
237140
201444
247946
211982
235926
266247
210206
195984
234334
219803
270852
153641
207005
223476
233217
150207
164165
197105
261326
208046
154152
229252
251183
202606
206226
260594
231649
248711
244107
186607
202048
213918
155606
148504
173218
202954
142441
163545
162880
167618
198652
259484
267309
170345
192106
173325
147392
207191
233532
270093
156129
200775
238111
208306
214491
246228
162895
269580
153327
171136
162921
202991
155408
241261
196876
169439
166541
220297
243066
204963
144381
141491
256134
139229
240102
212206
236820
236995
273130
255138
270151
263685
142698
237549
209150
244996
266522
253863
147266
167783
236436
166520
190868
173148
147954
194700
154137
266159
231055
215268
250768
232727
178486
248834
240311
270447
154836
139232
268613
225816
224168
214637
230479
180760
186395
183413
163568
164679
219024
241229
271795
253746
260324
271982
149051
141227
210917
188555
222634
212093
146013
197660
157179
142468
138339
180960
213478
198756
151367
188549
207599
199953
138571
160664
215804
172370
140153
262684
194068
206301
212808
225564
267665
192114
178539
176374
180196
206882
229531
236134
199129
201870
218041
211839
166320
220446
181933
206641
200865
227999
171266
272592
211769
250632
225923
226056
143241
225905
149161
192327
149540
244893
148480
204140
196005
207803
144215
235823
246128
261234
158187
210483
232364
183858
210304
217685
168285
178367
141634
215378
189427
256415
238556
185327
237331
168713
208081
253551
188273
189803
272548
262987
181948
187569
226946
224353
203722
265662
248524
145640
155941
172965
221937
243637
189106
272433
207263
271562
164946
201275
174333
227730
255782
220710
176933
262352
198432
214594
225863
233686
247674
247318
173646
215327
181464
191712
187084
244663
243014
252385
175334
242272
221092
199304
260259
192252
254775
246987
143917
158901
231581
147531
262946
239029
182416
264621
254909
199463
157720
259074
234747
228166
185573
258792
218282
258122
274116
203690
250275
169285
194913
233965
197318
144996
238344
173587
262198
214276
140664
256232
206346
263976
264451
245507
219016
256632
239288
176171
156028
235509
264227
225175
172308
242690
144550
251415
257734
269145
243909
239537
272093
209489
219106
165762
259183
202612
231886
181075
251992
175461
211992
158131
234314
167356
161595
159806
267885
147489
198639
185188
242692
249637
206511
263265
267549
169553
143309
178718
211009
195869
212854
227270
251453
208354
217858
140237
243021
237423
205062
176925
218818
139012
267058
190540
223277
245855
176309
247778
164694
150261
259261
259935
229046
262561
263784
182677
161362
228754
209566
201694
162358
219723
189376
266737
191442
192556
249598
198691
193524
201014
184679
139872
164320
196500
183273
197476
156855
255744
202892
174502
190757
260913
195803
153311
177552
250486
195429
150730
213251
179542
215602
198008
239100
163807
184292
205870
215743
190356
145220
206447
220020
163202
216359
239458
217496
174798
155254
224871
202652
191879
190320
212890
178422
219153
164036
263785
181601
181463
163057
153347
203826
267551
215819
167961
188469
202659
192651
228716
252342
232584
246604
184015
183860
188135
209614
148710
241977
190429
139488
216583
251222
178056
231267
140645
268967
176044
159645
181997
188089
170731
203017
192082
158158
188056
232760
199464
210901
207356
241370
154574
272357
152075
245550
175110
251245
196763
211557
207749
227645
235320
162154
252844
144786
140443
150330
165747
177021
155693
159812
214582
151133
221802
230252
197765
153627
168893
154372
190969
138537
169994
251207
186943
184217
255924
148363
220337
217238
181102
161981
244572
172013
176893
218710
216762
178144
274056
207172
207557
209437
143161
210267
215709
154142
271387
139875
250765
206113
230897
269125
228728
147873
209875
219291
158303
233231
228763
269916
148847
218951
207214
193689
158584
151226
218501
184334
213474
236911
254225
177686
181912
224668
267791
154722
266294
232743
263244
172310
139382
210196
145578
187949
215818
242126
167093
154568
249138
227832
234323
153922
272757
242760
139200
217795
231915
177106
261179
225033
201671
179638
183003
239797
254100
219720
222627
146398
199334
185216
167041
164324
201238
142744
269723
159565
193855
145249
165543
215904
139764
141944
139539
151705
240348
272922
226040
191522
174403
203447
250650
212886
232811
240439
152174
271664
257489
198510
240288
249453
217771
236065
179808
194953
186563
237307
171714
218281
232326
189568
161230
263591
222254
225362
169906
229835
163597
218335
222438
257108
216796
169852
240545
195773
201307
187178
150495
223014
220639
174152
268204
180272
145983
155477
231400
257093
271591
147453
209375
201117
139766
238780
160192
198950
214871
147327
150372
159767
216049
273822
187709
193130
201570
150361
270757
243239
210866
193108
263233
169463
165235
144132
179757
165447
220641
164112
265002
202569
237848
247561
198579
181521
232242
232837
230153
179172
268215
247656
155562
196490
172831
140178
267507
254745
191991
224390
171638
145602
180595
224647
176351
250099
216347
224698
272924
237709
169742
175154
222645
257981
241477
255628
224711
226336
257362
272864
216327
183615
270383
156430
151633
178545
151030
202829
216272
198022
273642
234002
200546
171213
212616
212290
155012
157367
246706
162763
271074
225772
195576
199449
153522
181467
194107
239069
254742
220738
272205
139369
140349
224374
172994
166631
209499
203234
223201
250414
254127
149393
237960
252046
182711
210219
200057
210778
202671
198304
200340
256426
203472
178368
147780
154204
148682
169624
227763
226969
273195
248788
151041
155792
258427
218616
160048
207400
151237
273109
200595
195932
262913
274373
181435
272622
156550
214254
162025
237586
157781
229954
239333
216014
254904
213114
262028
235314
149578
143057
153163
259026
138350
215118
142985
180967
177325
218625
189431
261559
235046
263905
247188
233141
199688
269007
241815
184651
138319
244800
178914
180132
239918
243248
141853
261990
158424
253443
250440
181051
220725
218837
261769
171012
253277
193408
217356
258598
160209
235045
174309
221251
196580
270606
261997
150941
253381
158381
250741
265244
182958
144124
181289
159310
248264
201030
167526
207408
259942
231094
176825
163914
261135
163357
167770
238540
187192
224310
164474
185413
196160
168356
246622
183027
233627
190265
214293
245748
271312
233721
145932
233480
147530
244430
140533
171185
263639
203002
191440
204251
168909
259918
161186
148977
167679
146233
213847
188586
234706
238885
245592
204577
270252
230649
182338
245414
141334
143762
260562
191228
216736
188739
240458
241355
263485
251066
163590
144645
170643
181991
146668
176383
232963
254556
231747
203964
145573
202620
205475
193610
269469
182576
249505
174630
168463
205787
156773
194781
246993
256813
241926
170627
200808
241908
250288
139779
226826
162563
146095
168455
257803
244931
241911
194980
206628
162368
242599
170101
181835
180880
143417
225630
231891
177341
153957
170765
175603
241614
184163
217595
248762
143080
221181
158333
158185
178948
221650
239783
238980
187448
212572
207702
179021
210014
182241
191410
230066
143336
243962
206804
248233
187647
263706
181497
157010
218133
154360
195895
217715
202792
173509
218952
260182
145580
217531
174446
148072
148397
202346
167771
232826
219475
177573
197718
245961
230378
243677
190110
173333
268803
234949
235494
185054
243082
211977
214655
217083
151528
150274
239570
203363
245329
221003
187936
176665
228162
165921
184677
250367
198753
156166
170925
189880
177368
267332
145615
263467
257600
143473
265463
267689
142670
145442
211660
140293
200619
215252
194149
244810
217494
192532
272564
180680
179080
262299
260104
251663
147650
164971
230055
244977
144702
203957
162809
264991
255549
244791
261582
224488
247603
257681
149447
225287
155481
249151
180130
267439
272651
272248
170719
204358
194743
215779
236426
242188
190249
260309
168248
166958
258950
178369
200479
175244
236241
219025
165767
254007
158999
155522
185777
173442
256817
230881
237808
235054
223490
272706
189029
160881
176062
172986
227285
207949
209537
142210
197940
224223
234574
179574
188680
158275
149732
252114
178785
192686
196025
193646
253965
241184
237993
267761
229563
241374
194793
180081
198281
264984
192366
219585
261587
159567
194586
212546
220229
216276
216408
206362
183540
234031
184524
254646
231327
272997
198689
248598
164068
247045
165482
246123
180017
171652
139153
177350
243520
207251
213655
182538
216607
159313
165818
226292
225226
245786
233399
171203
219321
186295
197833
197022
155178
262224
171730
201884
225737
222213
224414
141296
244397
252222
218468
257645
187072
264167
193851
204263
197669
192169
163285
194394
210473
261728
151709
150109
152951
211606
169257
264062
198905
255562
210220
146955
146875
196506
258919
245278
196958
138479
221901
165763
250593
147033
148307
217684
146785
171786
215787
177432
164022
257318
229957
171756
224939
178174
253894
207050
191380
141080
250012
155880
151088
190143
190164
246645
189285
139501
149880
168277
167985
212237
200453
249483
199536
159703
179680
194387
219678
247830
252890
138375
161666
236686
190782
251906
139000
155556
225684
153109
207012
149560
246981
244183
219573
248346
258350
237663
258612
193956
161173
220914
165815
166196
205940
182520
166806
203863
223890
158983
230126
172442
263814
154540
208970
266240
195311
146414
233935
201254
252986
216092
250158
235338
234823
264464
145502
168414
273132
154569
146613
243818
253722
266038
193228
209739
217879
143598
172661
182901
148916
204070
196539
188240
228241
180107
264503
222036
250202
197809
206243
233423
209718
178708
158768
169875
225654
192687
195438
153824
182469
261825
144928
165696
166253
213327
226385
254957
215021
155434
243992
215594
142947
247152
265501
256566
167369
225964
185069
219945
170025
167638
271369
233591
186461
168386
226150
141183
235176
180721
253449
236855
184994
256640
191224
201110
183931
273041
202233
152568
231565
193589
147947
233338
187994
144018
180620
184835
218891
161817
207526
219809
221919
198660
269525
200144
182769
249309
257804
238464
145978
171207
246638
205694
194304
192592
148802
249812
161322
203651
175216
161233
206759
188338
252214
208973
189963
152269
245243
254018
214052
253586
215273
272705
233790
217055
152175
219826
157709
250133
162473
208686
254731
219032
205891
162888
150821
139192
148626
272624
160348
226036
264302
207987
162068
148471
189388
267252
240988
176844
169680
261720
209720
158453
259089
152066
258841
194892
201087
174261
160294
176089
198384
250106
251346
152855
226618
241462
152494
142463
274253
218303
248272
196164
185560
158985
221759
224620
256833
187269
235939
249296
175185
169344
168358
165147
256852
242247
239744
262695
215888
242432
159713
256313
215523
195018
203908
266677
154817
151897
177366
251034
221096
187756
170865
232463
149644
222096
198143
202353
160257
203312
152082
159957
141240
268103
182475
229332
268745
241766
265607
266594
152907
157057
271026
225412
198623
205311
170390
159823
270883
163303
240372
141519
155080
139828
181666
184270
179226
154654
190566
248154
200488
149777
215270
171920
143138
171079
171268
241712
225352
217286
155742
231129
159025
202767
232245
139279
154717
186132
159838
155962
217123
166560
266444
178169
166813
270638
268524
221193
228041
165071
255165
221150
261598
166082
259103
170774
218669
141558
173586
238731
218720
246930
152348
259063
204285
169897
246075
180445
141068
246419
142652
254971
220556
270915
255358
247075
262010
170861
247664
225856
193820
262353
149104
263697
267069
226796
195950
173741
233420
247757
197994
225433
165683
232063
271793
185227
235967
167499
170372
234564
236263
231081
270386
249629
177101
260724
189563
169819
264903
155671
162882
224354
175853
165175
141473
190591
227401
189300
193307
201804
268473
225824
241630
220076
172711
254049
233119
260976
146479
162907
228865
174478
228437
147549
163487
225749
179702
189203
263215
147009
219711
248542
158154
163231
210398
255458
209415
212758
151743
219319
234120
210789
173129
246769
206304
267016
160858
187362
265026
213688
229961
168216
204543
232514
248625
142617
232309
223713
245221
146063
227095
242170
218867
222298
269313
188122
254959
196408
166489
224349
201901
188422
182617
176734
151190
152778
228444
191474
241718
240106
144285
139976
258963
223137
241643
241030
167697
172238
159913
182632
147268
214284
195536
224218
210577
171146
144773
215611
147679
146146
260143
167096
157246
222041
148525
237014
250532
266298
273114
260997
172889
148644
149746
253364
272287
221715
201684
237893
241825
242661
162326
160923
150235
255639
181779
232185
214706
257822
245272
207750
251482
176085
159069
218694
258750
232817
213768
155293
177542
196168
237435
158586
227390
194568
248864
236370
174125
156913
217406
215596
224832
144188
147310
160529
167700
268782
210075
145625
258576
146088
198251
221541
165441
153955
239938
183927
225521
218021
179926
165591
263298
215982
258905
219223
145928
209169
244207
270685
228995
200067
202197
178572
156530
255368
181339
248090
156518
264670
268830
138886
256241
225894
151526
171431
245197
252158
171980
171006
236222
199141
222578
151204
242553
168938
225198
218814
142628
169031
259894
212940
199250
232981
230459
199303
215067
261305
191707
150188
253925
231912
196289
205759
220671
141682
168919
155377
247220
159309
208020
195884
188533
219327
198514
205439
197405
234312
166354
200554
189596
239926
248287
141482
263528
156567
208451
154163
152924
244295
200742
149391
225266
169211
214304
256991
202667
165056
159422
251234
258485
156948
192076
227568
165422
175607
249969
214833
239071
178361
244682
149361
142155
229522
192593
174670
268911
186508
254987
239887
148391
145761
271156
220217
173381
260901
265367
204197
234608
151290
187993
174008
156128
144536
171055
189965
239822
175112
208026
161392
141542
166346
224672
237619
232216
173534
241287
149933
250778
164746
201220
164656
239404
147076
216504
247388
177772
180513
171812
191136
214639
144899
221145
220979
208144
222302
204743
175503
158246
186784
220721
178875
271564
220958
226632
255243
145390
247503
187446
237684
265050
141353
199160
236889
245049
170897
206884
171235
182430
265973
262830
209300
271668
266865
180733
154273
176168
184568
138818
191738
145133
158931
231245
155424
174550
167085
207264
265120
194009
229757
154370
251936
250309
182579
252183
172998
204841
164157
249020
157351
271034
177238
195627
268506
233489
273566
170924
139781
196738
208791
158134
164922
231047
202212
145747
218348
165130
257260
172321
149770
197916
141912
215926
266650
196102
244090
208067
209780
189087
229616
158911
254589
149386
253697
235765
139955
270879
260805
232984
213734
167673
148325
208066
218870
187161
256073
192200
207091
225492
223107
151439
210821
211090
211394
267806
167804
211964
153100
183260
214384
160996
230626
204653
182752
178746
238663
191300
197254
242552
263705
203728
235850
174980
256732
198606
196277
215012
227356
178686
217322
271109
228242
215297
217096
197195
217683
249212
228678
255674
161796
221721
162930
181647
208910
266044
190864
185162
199966
223436
252226
148726
197211
227407
191243
221668
205737
248794
268409
240179
228308
230977
219605
226073
197023
263365
179005
260053
224875
259360
169003
147500
146422
174993
269083
244253
239007
178704
189369
174597
236713
256508
180203
254584
154077
185740
263079
260918
268752
198100
257463
237190
252204
265309
190921
176701
183710
205293
212018
260754
217236
260822
241641
247395
241660
219202
247500
230420
258453
233668
252863
179900
181436
203483
233006
174762
219791
201232
154807
164164
208692
228803
139691
184165
191473
168707
257181
151349
179838
168191
139333
199455
227070
189293
239455
163894
233199
163431
160779
161584
193358
262554
181474
171799
216986
169351
262238
264624
199195
257842
183517
151770
173394
180882
200576
183664
193721
266740
146848
185833
251677
210360
189529
158068
256976
229355
223569
174508
147756
212473
236898
174810
266934
260453
199267
271013
274234
220071
168016
189955
229180
171504
169124
272805
245721
179392
172523
197938
166384
140388
149419
140656
241809
151051
178946
168837
231372
237906
211197
151898
182571
204886
250245
216631
257131
242642
259301
210673
224261
236170
235208
197441
246700
148954
200407
145181
257626
161935
219523
208592
229278
243434
266123
273692
189350
245558
171264
181710
239395
248607
261558
166536
170024
152539
233457
227703
197085
180257
265753
176750
225494
177586
145764
260243
208005
168820
168035
221548
267563
229841
219271
178170
213351
139259
212708
154994
214279
238965
211483
177845
205239
155613
177945
176777
205114
215186
205278
150003
268091
245509
156648
213740
215132
211500
235938
151765
249981
169837
179516
197404
201472
244177
138312
174466
221859
192193
189776
198232
267246
159603
218996
227952
178307
230413
190109
270865
207099
169442
217864
220227
218101
260339
265776
161598
213748
139283
243333
205129
211976
184891
213168
244825
271693
193793
264437
172967
159667
256968
149398
210320
191993
207113
234857
252839
149110
142127
199512
165012
172726
142707
138232
164686
206518
234546
222811
262445
254687
238747
140767
219933
147315
218744
209349
168021
254199
192897
266648
266217
200677
242886
225700
245589
181675
229259
181302
229264
216953
261603
205575
189741
245719
167064
187440
249581
229792
181602
225006
184136
244687
183440
156533
189865
225440
146286
172265
189368
168501
140649
195047
161859
245251
258472
154147
210499
142241
208366
244241
201160
151149
272095
140298
239802
270476
182656
248719
218429
250437
229599
231758
158891
155670
270234
168486
208628
251581
222698
212611
147596
213020
160890
245705
247758
240337
258119
179064
196202
246755
231171
176906
170875
175765
169233
218896
166780
228671
148260
195615
148290
185987
231723
243770
254869
244095
261572
241686
181245
165640
169011
245106
152997
273619
175458
144803
228372
208595
217721
231786
235157
253677
251198
194495
172733
218173
234982
194688
256047
145981
191163
229752
171856
173810
237162
162588
183094
266664
166128
209527
269982
170536
241216
178239
270547
172474
180397
241922
243394
198993
263700
241266
215589
241957
249145
216719
187453
212885
246747
198204
209390
176429
238230
259987
265507
195778
194558
190565
233534
171762
145122
166639
172582
154745
252164
269794
204814
254279
247212
151894
152309
173713
202339
128155
222410
143744
216725
195799
182316
244598
246766
220937
147778
166966
190215
239529
223194
271004
151940
163454
181054
191138
259338
170309
145340
149823
200594
194455
159491
232507
235627
245117
146323
161493
260527
182501
220280
232281
223834
199508
166688
244153
173696
261259
205698
182244
192269
187471
262428
194480
229980
204890
263189
145851
203301
255833
254544
222754
183084
158520
208840
147053
177856
175493
145087
255475
246543
204565
262796
177768
241064
157848
251020
259759
221122
176437
142277
154319
226600
225115
239057
205395
225178
184169
241255
150815
172275
259710
150769
219644
154925
211249
215706
270659
241592
215178
186127
246814
248072
244269
249260
245172
184196
259184
246762
181511
204739
168233
160186
259525
211945
222384
150322
270173
149936
198270
252116
226935
195246
150139
239987
260730
190219
156438
203009
171632
262676
248964
186328
189701
142264
175789
260362
261316
171258
246327
183807
202747
172944
196031
223365
163456
219262
271684
241467
243384
244625
194776
191505
273813
216116
253239
256319
232066
229265
207747
214559
218936
152400
232388
268281
272428
160709
182384
200221
234696
253517
268723
236162
204407
249418
224422
209779
208515
219386
246553
213872
267097
146481
241903
216280
216175
210191
202836
224003
160394
192186
242309
154368
229935
158515
197011
217057
195400
140129
138953
254996
212511
211171
192072
218151
175198
166224
185940
155500
234542
239005
208584
184097
160834
271662
191488
205965
177216
206710
193770
268312
184815
235268
249185
160020
151197
219410
214339
191467
201258
170708
186578
156242
206410
141507
225886
254542
183873
149313
244377
160190
169493
245091
264266
254440
206269
240072
179780
155464
185674
197451
158767
188420
186836
225538
264177
210746
231709
260554
184791
169518
183464
208298
254132
232567
209666
250424
271630
152753
201975
214539
213271
242199
160269
190956
169422
195006
264593
262138
214585
192444
265993
204113
223061
147217
194119
269559
193768
241254
167076
199167
190411
165889
257089
170768
176294
257112
164162
171959
159202
271989
257757
167136
229848
207667
167635
226609
251680
243114
175726
209774
238183
224529
145161
251549
147800
231270
178095
226087
261373
173557
247894
197721
273514
143356
271603
139050
222915
244447
168511
267702
233833
240370
236052
239803
165229
264344
163497
266907
261460
272439
233911
247332
151728
269570
155114
206089
251904
160531
189313
254565
151556
157312
211101
263711
264577
168943
229847
219784
151734
203533
154039
250070
253460
217265
155861
142717
183323
247943
145777
264032
150754
183350
184515
214228
215191
243526
167678
195023
253366
198830
142599
156106
152332
171483
226418
241118
259698
258667
255421
270932
245331
225382
138466
192754
197537
150364
183908
203865
236723
155594
146452
230184
271490
220869
254968
209705
248646
261112
213137
255727
204319
198153
158679
237011
147103
261306
146732
239177
171606
165811
179338
230195
140925
178094
264865
194684
191298
211588
207185
172118
199216
180543
219942
269417
178498
255241
272209
196894
199939
267450
241585
176870
144789
158995
153494
232775
202848
190867
169389
219272
163610
254785
253619
171148
230524
248756
225921
251401
161819
243530
191126
245925
147651
207411
142113
143039
154805
248123
158340
250793
154114
199150
256469
157516
195972
207444
259509
263196
241179
160995
270863
157814
147900
270595
267168
150713
171851
212746
250907
158497
246090
163542
181143
252794
252949
239804
248560
220848
183107
180004
171549
162571
258286
220407
172309
231458
270870
208103
173127
205748
249356
195795
191868
263671
222471
185075
191276
152042
208504
179698
235653
190523
209359
242605
227378
166973
140055
181434
168845
182996
243632
187372
142448
269728
255721
220528
203074
219827
258155
230995
150559
256663
184311
263660
249139
236407
226570
252723
178013
180034
267115
166443
270343
235386
264892
215844
143531
202743
190981
177926
244502
138331
242967
141362
247427
185502
178920
230850
139851
165035
169557
234383
198354
142086
219862
206931
139646
180878
223640
267960
224330
188376
160942
211094
241570
273231
182723
178494
225216
238907
242622
271961
228929
207650
175706
196992
263064
195403
196978
230795
273616
164243
192896
268080
270158
171944
254031
179953
194561
138921
211286
226071
254486
158518
144959
269837
164132
195652
214290
152598
224416
153673
252697
230633
182658
161530
147368
236500
183554
188486
215805
158915
232081
205174
261692
220899
234309
228878
206174
196195
210427
181649
161158
177171
238173
248290
253154
262331
228580
166223
221716
175041
165380
252052
239553
159136
257277
176194
257646
274284
148754
153920
230342
176103
177040
206462
211541
175377
179110
165660
234669
180877
198282
227843
224964
252568
251658
200189
158703
222502
218794
198021
239273
220438
274138
255816
225051
163384
180185
263945
264124
265171
202772
246843
219414
163167
177054
243961
185905
166504
208544
208772
207236
157332
255020
193734
230671
241529
272263
268793
169932
222877
154046
254063
245964
204687
260882
159908
148681
183073
271604
256403
188065
205300
263843
158276
263501
228575
188565
192380
155634
193535
157550
270204
262245
156685
224870
204647
243444
189936
268220
265690
190865
231783
164052
238950
162070
236055
187558
173632
190348
202072
206915
264751
212657
237949
232471
266873
201961
221960
246435
189400
141206
201799
181078
260358
155579
248283
139683
165673
234150
170557
225243
172154
145569
151496
145449
153851
256561
210978
164438
229233
193677
188172
159539
197042
152001
223830
151434
244036
239815
155117
221810
226934
228283
184858
227977
158513
243033
148214
172796
190224
198356
267847
142682
180946
269942
270327
188291
155601
159550
257065
194475
201139
206079
264546
247132
236545
159599
262930
258173
155120
148841
220257
199632
153860
254686
232902
206526
163014
142620
270107
163434
234659
266813
199585
223321
266011
258789
200134
237580
148441
149702
205393
219710
204427
238141
149868
213876
172958
143136
265307
201072
245625
255389
190637
267720
187184
187778
169498
216181
142107
138334
235451
206858
246085
264652
150594
248388
223034
255785
176037
249421
246487
243282
245494
243022
267269
272579
246259
184174
268845
212521
212655
154513
217048
199451
138286
255411
221620
197460
163738
227807
215115
244418
241715
180963
233750
264057
148534
274141
152124
236184
244473
168306
183724
147057
216064
211450
225402
265053
200390
185099
269101
238260
209600
196608
256869
170909
242793
174850
195844
175483
195421
221796
154351
176992
237761
226492
198111
157671
143037
210699
190297
184187
253802
239581
185930
249557
222948
272845
196667
141484
244302
201784
197548
149635
179994
259317
202629
145211
179266
259047
186983
270020
152362
258772
243427
211668
230434
165456
173410
232565
146329
266909
218723
153754
168878
145774
253922
162927
264100
232513
269523
269770
230435
141383
140954
235382
196055
197745
189991
224791
221694
237998
159258
220606
221572
201978
239727
237539
220127
138358
158105
174422
152363
270417
183889
199542
261977
153808
157407
183916
159085
184566
155000
181211
249692
240825
253859
205117
199767
163725
215808
176174
194878
249884
183271
217447
203975
236555
192530
157525
261709
232871
234879
201814
169935
188998
209148
192235
196011
195133
230678
193415
254257
163907
151544
221834
213691
192478
187655
255982
203556
146129
247033
161998
187217
163614
265941
146382
263015
170670
205564
210953
236744
244091
161156
240449
178916
187570
197822
192210
157621
250789
150045
263568
176440
226170
150295
267542
187095
238127
209543
249252
265325
165487
142634
196121
241810
140932
268118
259119
140551
138255
233321
202740
174118
196071
195965
232639
270907
255540
249357
213041
241144
265343
145710
202164
179001
240682
271438
267085
180971
268170
212393
213790
206429
168749
177977
257660
225357
218999
266967
155032
198243
267550
225785
254419
232021
252494
141700
260457
145830
143564
196533
239303
229076
242651
225309
246237
186873
216658
145629
168743
232303
192454
178225
164590
233953
241843
190166
227698
246361
175475
189012
158356
198781
172497
168787
253097
158184
215247
249913
230812
241415
243888
250709
160638
221624
185295
253842
148316
238094
179777
267823
266718
157973
142539
249303
261191
167637
255798
219452
248627
211683
168948
204883
246538
191560
264964
161651
200562
201124
147880
265063
242497
200204
138631
162220
189779
220355
236791
193848
201663
202078
217590
168694
163988
229149
233429
160962
138774
194811
209191
196693
261911
270281
148370
250326
148972
168095
200385
177953
154673
154740
162560
237310
188443
148593
146149
158377
145108
201966
143422
255488
179858
191804
249017
165613
223467
210190
201581
214900
215385
143796
230205
194741
144496
206481
242997
138468
257249
222432
169405
236751
205719
147910
255560
177142
148097
244721
264400
242991
170213
171915
169803
250113
165091
258523
230840
189183
202169
150128
191541
247470
146249
184780
231523
212610
179071
193835
177774
167672
268339
239786
255537
201304
269451
214511
142813
242174
146446
254750
189099
220107
270182
229116
213371
226491
209996
271963
240617
141938
191581
154369
203204
201493
207074
194349
139040
197089
208843
138800
143426
205866
231366
171406
251124
173589
218458
213626
167466
251360
269175
235345
250518
168558
142083
166007
178918
244600
189752
145888
143908
158101
254806
220317
142638
200683
273024
251630
141433
271575
182108
163665
238915
207704
262222
267646
269609
237865
240095
196998
195114
259212
248450
168227
180563
215612
216979
198237
182542
165843
199488
203321
229443
265521
205493
203760
244442
219825
192719
153192
151003
274249
146403
170014
223062
260282
228622
202009
261580
172722
233518
229312
244435
175388
249305
192605
179113
146780
174773
142462
234421
190966
150508
265984
172066
273726
173062
224514
211912
269008
166065
228770
217508
208751
234915
257192
208054
248367
265151
214252
147715
218628
265320
274255
169307
168858
198228
260018
253173
231862
209032
246114
195534
201409
271811
223340
263613
183923
182925
264161
166957
161239
252846
193982
273702
240841
152183
214488
190216
269205
230797
172221
178535
251002
157682
219652
223152
243659
272064
166102
262704
273722
186881
253687
202614
175671
229641
194150
258373
245025
216954
238182
224771
250848
216587
161002
169258
255663
265054
261242
200294
238753
230152
236754
139633
201179
196349
182854
223871
199543
171616
251128
244413
161006
257189
223764
182531
147113
241104
164412
148686
197999
177646
151491
239241
249464
243193
212410
203985
259010
248180
248006
146109
194180
247270
206906
156052
234205
169158
175267
232808
204017
176118
223645
208425
180308
223817
172627
224812
223689
196174
244328
273756
156513
151746
188316
146384
247025
235416
256815
187828
197177
230283
141171
213003
172511
192884
205111
163850
214344
257692
157264
179835
245813
147246
242973
152261
199472
231899
251617
223674
246153
170713
253648
206332
153001
212913
160170
221371
175258
154858
261534
271831
159816
260601
260801
206126
241348
185430
217331
259451
243064
272672
219901
223008
271511
196492
248364
195044
162778
153248
166185
161335
183326
164841
216254
249597
148853
227529
199577
192832
180865
185950
236173
244871
168576
245351
162113
172636
162091
196854
194007
166413
220386
235267
270109
209008
197504
162453
239832
235763
223341
154294
173413
151372
252847
228597
153454
199012
225752
147861
142421
189010
175004
141093
246175
149659
181261
165996
157702
252084
216412
162315
257667
215498
273290
194946
205019
144869
253568
272342
235502
230837
246025
167335
207884
176191
139769
138517
186826
266024
194126
193556
141878
195889
176177
160663
248720
220427
255934
143804
230847
173190
197900
267330
206595
258332
250341
229773
185681
230534
253748
184541
216305
202113
225503
211676
244010
207751
161783
145051
144211
249902
242238
155764
200030
163881
257530
170535
240222
210493
184933
199079
272831
156201
140580
176363
177464
198838
233679
216827
144851
160165
176702
179536
271104
212813
179647
180080
269063
141665
235876
222958
234259
203138
163176
231738
141456
237771
190974
256784
197035
261890
222753
145818
225399
262164
240384
192694
171708
208511
265497
268461
158784
197582
193278
229739
191814
204798
141051
265589
151049
210514
178221
264196
207415
164766
166125
192007
181487
255134
235792
205217
201926
194140
214068
154995
192565
166285
244758
246368
195543
230898
194244
272882
180200
228827
165041
270515
170549
236196
197894
172822
242923
214953
208411
146198
259214
269249
229820
189307
150386
226372
182164
259272
184508
157895
246380
227885
252833
220602
187761
150830
258261
203232
184345
185283
207642
199020
220965
213585
149937
236164
148603
187736
213932
180182
262356
139778
219389
224658
162554
233206
142131
271617
184045
270006
154091
246688
231235
165179
224187
230863
226640
241876
225073
171101
241434
155760
141518
212105
244951
232280
155854
151838
154381
229979
213463
184337
188466
243008
172610
256098
250211
193315
217111
250626
192749
203067
253784
266474
269292
145903
198622
211468
190238
159651
261673
223523
188623
171257
230874
153443
228841
138628
232484
237660
177308
147094
154008
202846
249805
174551
209760
256331
229652
226505
237500
218486
154212
183383
265417
214784
235842
189148
198479
205988
249213
166318
139815
214127
175921
263286
217077
161385
173138
269787
142321
195770
151650
193918
180508
198236
225872
211914
160114
273832
164729
203416
248205
199489
167014
180909
264099
157481
227496
194508
153488
229158
163752
242138
221885
264861
236397
190425
176038
142341
202959
199284
177834
148001
224090
175081
219618
243748
156437
157457
197991
139983
228192
184532
146562
182620
207226
199184
199672
170109
193023
175323
199771
230145
148636
158274
265830
153258
159671
164251
230376
193224
188161
166611
164009
216640
204732
138175
245560
270527
224810
165761
268183
190750
192588
168518
219398
191309
264481
189207
270656
143486
148318
167447
226367
267022
223413
194550
258657
237616
208868
242604
211697
147689
150101
263577
165742
254747
239618
268077
168121
253045
263267
175790
193379
229401
216468
180258
237809
245797
192996
166815
258716
193857
180060
193546
170756
193469
145607
143388
227945
221490
156154
186799
197209
143197
208376
220830
255018
156722
237895
232624
163818
240307
180073
229826
181238
144888
269314
251527
138566
142990
193831
242071
219932
197286
208102
162770
196514
146113
177380
259370
241896
270874
159513
256027
272188
188458
223161
271886
140828
169581
271906
166730
191841
138855
240379
248869
224601
160557
256024
229597
203378
204239
223028
268648
162055
173793
231543
143503
234829
148407
192073
269886
244237
214070
206046
172815
232710
152502
198170
151895
261550
223882
144407
269054
248420
133236
229147
172063
227719
232080
251025
235067
251991
248673
245345
196729
220105
161434
199689
268841
161546
228141
271199
223780
227233
268840
197584
185258
155238
211030
241528
219590
273226
153442
235543
210963
261746
197009
147512
157413
203782
263291
225623
198214
158506
187197
273154
269470
194647
245055
217017
262822
257960
235145
191400
175953
155625
141244
220064
162524
141445
265824
174726
158876
248883
160656
254901
239323
218599
229943
227812
234511
215948
177225
154606
235894
232000
207121
172071
168200
239321
173955
206765
225602
183075
239444
154363
246934
181155
207619
183900
227245
250157
232990
250334
248018
248939
186044
227774
215520
231114
219332
255332
234864
270519
197056
193574
250698
172829
215905
183962
181260
248094
197045
220598
158177
265077
241244
274118
257628
272324
262517
173375
181126
191702
235853
188418
138434
162786
221324
199516
267660
273896
191743
149479
138882
185569
196706
222544
217325
213435
162780
163222
219002
232405
232018
151487
170033
268228
169914
271979
260475
188944
203165
230992
151350
268592
254016
210592
200222
234380
265067
237305
139476
138950
251125
162156
170461
202976
150043
201553
245128
237241
251854
139906
202757
235807
218781
172847
186107
183481
193389
175694
257465
238584
254148
170226
221576
212321
174363
157386
208656
207696
210723
237798
238854
216842
169907
178142
147054
273393
153130
196390
154397
233887
248194
247598
146122
184934
272722
145820
269080
253050
259554
249403
223248
149630
233235
260267
145232
194408
249735
154489
241600
257833
253712
201785
210923
214013
268029
264930
148901
260139
219071
149764
252428
181136
193757
195309
167838
258585
205240
223091
208147
170858
225449
255297
233502
138235
181629
224249
261173
205176
204168
234842
263643
215250
138851
271457
227442
177877
216413
175205
215300
256106
219888
242363
273214
241218
153930
199968
215353
261639
252742
251697
187214
271158
252570
169245
246519
196868
208243
252237
165804
175609
210221
179161
202871
173728
140603
169417
251948
240399
270582
155474
250627
156534
219659
208615
247019
255185
244355
193397
258267
232049
227346
249889
218713
204759
145112
208302
155393
169310
154465
148984
249462
237024
249415
267376
164568
177382
144167
147746
146790
205878
247738
257139
203599
151635
220615
222321
268963
180324
191198
160407
149445
199071
143731
175266
229441
250899
184414
243481
237251
224938
267003
169250
201482
240524
163253
216743
254625
227215
272614
247072
206383
227308
152789
167912
139840
194588
170525
217532
240709
158028
169623
138211
273811
160891
218001
247801
239655
244431
167769
241844
196606
148077
166727
183810
249097
215977
205486
169171
236644
184280
164762
164722
139985
265923
171689
148819
160179
144115
236237
247200
157782
244202
217836
205192
222927
249346
241852
145609
214848
138473
200211
149376
224814
268664
236507
185886
249295
189008
162788
194533
189209
254301
166066
269891
233638
138565
265027
167176
238265
233824
147686
215580
160021
228071
269658
165371
217618
234512
173339
242428
207919
201379
247948
148333
213007
207135
159752
255759
144031
233899
219681
201736
252482
228650
256538
215278
165464
240982
170058
189935
148917
161773
145195
262606
225913
265886
164608
151402
270492
225736
269615
258380
204664
144894
267784
205837
171078
268581
185228
226338
221900
252814
196552
254989
201371
165490
164911
206874
242999
147592
221000
243172
138119
173439
150652
195834
271344
248185
239211
182039
179451
257623
144907
258493
241716
258522
262575
251384
212415
155298
259676
231779
272130
251178
144349
255672
139905
203108
224265
148527
271794
261941
200572
218518
263783
167270
148493
210215
181252
160449
233889
216389
213587
180150
189169
188528
249074
189823
163808
251738
142842
139832
236399
264936
197598
172969
222317
211438
249974
162499
262075
192512
142126
264970
226971
190310
218460
227728
192913
266278
183076
213929
164323
259453
265317
205805
234480
189210
220222
245083
219195
210046
232336
238303
272123
165587
153272
174968
191014
201364
217857
177831
243154
260989
153721
225882
175955
161985
246176
187928
214258
257233
208034
144420
245131
161127
145185
202229
147293
217689
157033
263163
205086
209689
186149
164607
250299
159643
226889
237992
150711
256896
154617
244690
138562
165217
201023
200981
271482
207673
139245
181481
230747
261622
207637
240471
143287
259156
256093
269885
230689
157476
152557
205342
198720
168171
243954
253126
266450
238349
262341
141598
214040
261920
242125
259629
172825
146310
226779
247039
179387
147823
160657
160444
228700
227354
216950
152000
270070
204364
181007
226970
184590
147811
257785
199363
252269
244728
267882
162100
274385
143432
195893
187012
197615
172569
196851
209455
196804
224494
204218
228318
139756
171548
245624
212581
159754
234523
197155
192846
193436
160805
271451
207011
270448
209641
250300
262251
239435
154395
263562
216673
183510
202153
255492
258205
183391
142705
186384
218086
250046
192438
235216
185168
209681
198957
154802
273461
259405
161958
145412
258475
164837
139743
205451
253010
201032
182851
198667
230041
176850
138965
237410
257775
195378
262984
173836
145538
168666
193002
269330
201435
160783
169229
238485
208669
216580
198506
174296
216063
252605
157404
255974
242754
237186
258916
232221
192708
141485
151938
158477
185853
231053
161409
163015
208566
183630
164593
201592
184202
218366
203262
146600
263131
245497
172445
141747
202702
220305
182837
248513
224026
230168
236486
196233
200383
270676
149198
246083
195310
271565
184183
199955
215937
225895
141778
225189
177180
147285
214363
227032
178656
160754
255702
268974
182687
238933
272634
143121
274372
239574
217848
217187
139414
170290
191015
253786
247343
159564
234241
244526
203220
196100
247003
213565
234311
254817
208060
269544
217953
241689
238758
267925
164478
216261
166963
163356
203895
153524
180449
170576
183296
175749
180411
217523
168581
235167
247616
223406
203547
152846
242833
221915
177679
202735
155228
263376
149297
241195
146493
184354
264397
242753
227934
228452
143608
266656
268587
196800
221279
222208
216026
144757
260015
254801
157331
233988
148148
145478
226080
196433
264518
201448
202855
140146
223724
270511
240904
148724
140721
224795
155343
218553
179437
148584
180480
239695
214150
142381
259281
254792
174501
139194
140836
230728
144986
151358
165569
218909
253501
257094
233781
214854
217970
160734
176144
237047
184848
160163
141464
177194
202366
202459
165994
226668
195516
274128
142900
175332
200121
273657
191499
222247
184909
212702
188049
217208
261354
228191
151802
197695
265093
235035
194636
272950
160040
192583
161294
177865
261450
182278
157358
223719
244141
205206
167274
198797
185252
263277
259670
173028
183092
201774
197521
262161
186165
208282
260418
262957
233897
138715
270542
215485
210614
138756
222071
224217
198389
260656
229711
154590
157326
208863
171559
204836
212079
202155
269688
243472
271542
163451
222676
226440
234276
166645
244770
233760
164927
239481
195427
205420
204944
186117
225598
200962
200937
184382
138560
249778
218143
263123
141891
231739
271380
185917
213131
171476
239876
264002
189543
195452
179955
164259
227878
262754
156098
168754
145911
203477
207933
167622
187964
185955
152655
174820
149066
193737
199270
222712
214280
148763
161839
189578
271478
243086
142371
191680
205391
242367
154544
155935
178257
208445
165867
232828
164759
146216
140334
184152
245814
219241
272754
169958
269225
150126
248760
219790
239923
240867
197276
250307
236925
226764
223650
209836
223055
225823
203227
188594
257689
173185
153650
268390
163165
175909
199904
230754
190993
147251
172660
253927
190816
161847
139227
257262
221870
230877
216913
238091
198071
199914
220109
164962
174311
237198
141308
152639
175304
249200
220302
210131
188700
202054
252730
181547
195540
183878
271775
266179
145705
254156
203937
149768
219026
240632
157592
167579
157184
192822
198160
234614
169991
186219
196146
245740
184612
161393
184329
198379
205667
164699
273506
141348
152388
230865
142556
252755
190022
146932
200881
169870
174557
156683
158394
267642
212201
191354
147364
138559
228432
270621
154518
251850
246098
207296
234692
177176
256477
230004
236776
271098
242781
214634
245579
249755
165952
240005
184303
264773
263207
139960
187472
247513
226566
201932
149359
149189
159236
223363
238732
192989
242946
158699
262931
187390
207822
189462
230406
221560
163693
236110
151456
167780
218074
245667
165136
205461
271960
185377
270288
204350
162573
189120
205633
245528
147340
243646
218970
196184
271395
192428
237220
261220
252584
203061
177226
207434
142236
175597
187763
235550
161329
203538
180693
150670
194308
150093
185964
229882
242500
211182
200805
192008
209677
264070
174620
160132
171286
219096
148929
147290
195211
250194
247103
213068
274415
252119
165866
262212
260646
184440
146863
264533
216020
139035
171466
190516
205643
247085
170970
203915
154507
205989
181576
150451
147501
154434
248730
243023
203749
197350
207698
235104
153366
157629
260020
235080
146381
176178
180058
216625
145792
257329
210518
182953
209708
237973
225814
255149
194820
203984
243793
212178
179277
174372
212373
176332
254174
157604
258012
152279
167943
208361
232147
176616
248692
185868
268644
192053
140964
155527
156323
253947
273493
270590
219124
237779
178685
252572
165881
217089
172989
209737
208588
144597
206554
250145
243007
140884
206463
187996
148528
254469
230380
166692
250874
260709
245540
243295
245845
259562
151240
207714
160918
184952
240653
212505
232296
271916
192272
167310
142359
207315
255022
199226
263668
261366
262076
182277
194319
257328
203604
270773
172823
133207
209934
240815
184990
252974
147580
211059
222453
147908
221846
176514
230410
241458
256711
138453
185144
170047
266449
139124
151712
246451
195656
150813
238666
259449
178870
218753
191220
146016
163065
179438
149081
142804
263476
148175
248363
263503
223330
219699
179381
268354
250783
216263
237502
153620
166136
215696
143479
159997
166012
208419
264358
204582
160825
245629
264557
196130
235571
217034
196739
201902
173074
259064
160912
189083
143998
215130
175614
189639
164771
141545
139112
201239
174921
219508
272361
192963
161304
175424
254230
246145
253528
257287
217630
258059
202697
259972
178434
146326
161768
237349
192154
250329
259313
140391
256709
149674
222101
223840
237805
178692
213263
196791
169533
189478
262968
212877
200548
149748
163293
149557
151593
231138
204640
154678
168404
263971
271687
159563
193962
255963
245973
166116
187222
184063
196419
184589
242067
140013
179840
178649
163405
172463
247186
141125
182158
268866
238156
208101
233526
158197
190096
265440
254313
170823
187596
250198
214909
164378
272328
183002
244244
145833
161453
185326
224443
212650
170644
262460
224841
169648
202467
256012
245169
147257
167891
225702
266050
213684
182817
162316
139546
193878
153233
216396
165880
201431
212750
172682
199627
213594
272009
230221
262416
250703
156216
155218
230537
265932
271878
209206
159928
252432
176287
252731
145081
268550
217526
272936
225210
204838
208537
139464
236876
187749
262430
216859
193016
198332
214032
172044
261528
166145
274390
241320
250162
142770
267050
210809
202337
191175
168987
171044
184863
218939
240117
221502
155436
196950
171732
184494
228477
166578
239459
149586
152521
210524
258469
269265
243240
249086
250728
272174
233283
162936
189954
199855
167566
168913
218556
155033
179836
206316
207847
201714
242747
178857
144283
215422
188603
263386
265238
203247
246129
227165
209409
239750
229403
200571
183525
230290
270050
172756
212924
271160
242824
238546
145036
167431
205001
206054
178039
138741
205827
162983
180551
213179
156826
149133
251574
216559
173979
193802
150543
237067
196053
205712
259164
185634
269896
265438
173168
216459
196743
222950
258842
223423
211020
198800
236586
224642
235590
269933
254484
219037
138977
210662
251438
237278
246962
173548
200648
263247
153701
138671
140763
150325
222862
211897
203001
263498
162769
188508
191647
212354
211870
253629
176272
250617
182358
228536
156560
270619
261962
150040
214748
247623
225507
253373
154517
263675
181080
216665
274237
158756
266430
249322
205405
211630
154303
220506
224882
267406
161126
261189
204982
146879
166242
232270
178419
188821
252732
269590
203901
199072
157159
164734
263669
248481
205381
175285
256178
200452
189892
204470
147390
220154
261846
181018
148569
142496
254125
154597
191792
189319
156135
185319
157639
212635
197478
191178
230838
184924
260919
264187
138355
176982
211480
233270
269167
211348
273479
153629
142732
170040
199487
262690
188985
231705
161895
249701
248899
164536
272035
204794
224942
140364
143877
227177
223162
257521
209906
231488
211448
247762
267412
170610
273102
205288
246768
234722
257678
225098
175540
150450
232104
215366
223346
254044
220771
163538
233156
198101
173428
207764
145462
247683
170995
146762
254617
231375
257015
253454
141470
143933
192889
140440
241638
255606
141673
260413
229857
216808
174813
257750
185165
147706
232594
233226
255725
160519
254041
257180
174448
228440
268801
193360
140826
187162
152616
199683
183416
230544
183841
264754
192290
203785
159770
233838
235753
161483
138224
179370
187971
266172
223787
205677
167828
267650
201059
168152
266332
156745
256666
167065
213438
193100
178356
204317
264443
228997
171991
141677
185993
255547
183519
157464
231300
247345
204570
237520
264649
144518
217648
239587
272969
233968
171796
147687
273374
157192
259507
247165
231598
267018
205208
256797
175101
184942
158795
208401
263094
220559
188509
180195
273028
205941
160868
219264
234182
272855
150535
144580
208974
159355
250610
155390
262751
163706
218740
237136
201744
143062
213752
235073
190316
146168
273013
260331
191881
197946
181672
251783
238074
203257
160649
186559
209800
243972
204855
221609
261233
208747
152710
245196
254143
238120
218274
162343
212006
188668
209251
209166
210097
209326
156346
184016
257932
159910
180812
191871
214574
227608
213122
210582
216883
268165
168529
222831
145029
250925
209278
260657
256358
246890
184629
177524
242330
265874
252760
246683
214820
141805
271879
198824
181611
138901
249269
142572
190254
221829
226064
208580
205469
244346
144674
204796
210964
262287
215254
169740
158210
223940
268127
237855
159217
158592
182567
255440
265626
222803
201507
143646
274219
260926
267178
162470
221530
263584
266660
210344
172147
168193
181796
179571
211385
219956
224667
257039
256794
191681
158179
167036
196755
202097
207301
196380
230908
139701
194594
177519
237091
148995
191657
140673
230848
233678
227670
231588
246852
160217
211834
187007
188041
146844
140239
177806
208516
229660
261472
255623
161269
237326
178678
209400
200141
270407
213049
220783
220042
221783
153642
151115
270313
249271
177654
270923
226745
231252
168487
238707
228168
224017
259464
179427
219890
239528
254084
182547
267020
231118
139345
158794
173820
163985
214911
191205
257191
160889
190352
232076
147297
138499
186189
200914
191135
257307
204585
198324
148877
216192
181387
230796
158292
226502
195628
144962
149389
252680
250282
205218
143038
150477
232402
179076
234254
183684
228454
225269
253744
169114
207160
198108
152439
261633
263735
227989
234645
185578
148973
227053
243937
149564
273182
251044
195733
204741
265432
188487
258887
149016
181345
144633
165052
268291
155107
167807
200256
197057
183947
266643
141446
142239
247062
268174
176300
229442
202172
164738
266124
254351
210101
143945
133228
197998
210129
225711
209746
226426
205078
215507
166521
242470
245141
149346
183829
187693
145806
191877
257974
189138
230572
166471
178641
238935
246137
254616
232878
224115
187588
198902
160214
175188
261931
250871
174220
157866
271168
155849
168637
269650
203145
269076
263907
256422
225474
213717
169107
220740
156057
260441
155672
244645
229343
242838
196064
185129
216994
249850
253705
142253
235663
223047
257452
166122
210312
207235
209398
146877
180274
220640
204972
159891
175383
138428
264291
197280
138803
208422
229024
142328
148637
195360
248965
152762
141146
254208
170974
214834
241224
157423
255792
236468
188153
143091
180294
155595
164411
273748
170682
150707
208734
177170
150339
168771
202764
182957
219254
258925
193367
142853
179088
262889
242828
185542
211279
264234
267597
229557
238825
189077
163983
221758
219593
140638
182315
248082
256138
168074
148481
210384
180617
196604
269334
196701
162406
251534
141302
266615
155420
212459
270248
217677
247082
238354
170509
215746
229342
155868
270536
177152
235163
206883
148908
195244
169128
185807
146009
182511
166547
263874
147319
170834
263930
260863
140554
226314
214551
266770
260317
245716
247407
163484
197369
161242
170501
156348
216567
196010
207725
231043
211150
170597
268534
256957
260952
214439
267869
176809
269278
165697
199706
213800
145898
250565
148225
232062
261382
175336
212579
254540
213938
196892
232801
274323
261455
186507
259415
147541
175289
194531
166023
241278
270753
180278
199269
259919
183555
182063
258193
202608
185986
159800
200029
214433
260644
272143
261402
262365
171177
248444
188553
204636
231508
217248
262477
183821
155947
254998
179384
211578
172350
256578
271613
243221
197386
211616
268245
265970
167434
264829
194196
171464
210414
154200
250167
196630
223434
222457
225369
161148
213573
172446
246371
228072
159931
233422
220243
254118
217166
138907
164369
209246
236570
207809
252781
241311
221511
165856
155363
227593
220610
186948
244272
177006
166533
204729
225757
157369
210350
198500
175518
206173
224865
207828
180697
198020
199466
238722
270318
148709
158411
251297
182739
267592
251371
171094
169526
159569
189816
249841
138302
262613
238626
234792
208545
220663
222718
237436
163703
226293
229295
263468
245423
191266
214227
181694
199756
184727
205611
187290
186906
204998
261430
265767
243160
258847
193845
183826
251473
203407
146619
202263
249117
167781
191883
175193
214260
186166
182420
235987
138935
266743
202544
229425
154502
144361
239536
200087
267830
224088
182197
271507
214579
205464
141851
162210
270101
146192
195749
231830
247076
204324
260597
190371
186822
218318
238598
138812
214584
219578
205182
215664
264463
178273
152267
238135
161857
211607
227847
246373
186627
248380
269266
184191
173031
273632
190257
144332
198892
251003
220519
149783
149244
272736
160129
237076
239371
254523
210222
146818
200949
213733
139239
250256
182543
153656
142471
153209
205127
236572
154516
150425
191271
239591
173434
196599
244621
273945
168059
219306
157894
238586
217568
232732
232932
241767
161137
152890
183087
205388
235630
272394
153458
234918
261031
254184
227848
155131
160927
163351
175719
226049
140030
144581
260524
218331
177095
158056
187218
165382
257340
206975
224311
234042
190184
179659
231729
219041
150858
160544
250538
243531
266078
161466
159222
220603
186914
182427
214469
170511
196497
228792
203866
170677
260585
247912
253407
144351
177009
154913
249613
157173
265252
175990
199036
225847
204178
188986
159709
256461
206187
193153
211221
201853
210567
243903
272383
166543
230475
174872
185418
166934
208890
172048
238451
229516
194981
208641
193775
169928
140534
165466
160476
193291
207070
217657
268117
190035
244128
196369
169900
186457
182846
240489
178932
140646
246664
146793
196203
253875
233826
158418
160819
188775
264607
203156
225065
193056
176183
264914
215569
235593
179177
246358
263779
168441
184538
191045
161704
160207
243178
149532
161670
241174
229579
188489
159192
225844
167812
265582
234221
160311
254468
164665
242915
199902
158378
186350
241966
138852
263475
219224
217473
160593
170991
191588
155041
270159
205917
200318
263402
245650
144460
147901
271015
234640
192057
178781
223690
257947
181935
142733
233536
225727
173095
196813
246785
179089
269507
185546
162846
147117
184585
199294
204286
149473
145885
256376
192641
172437
269835
240213
197393
140584
145337
240761
209567
246351
260668
194462
233600
206688
231187
244673
196075
254898
227821
173044
269623
256004
174814
190602
172959
163422
248913
260159
187594
172783
168815
160598
232159
261671
151854
213311
177379
190376
159084
201020
267833
158046
145622
196302
200534
273899
253027
248591
185913
173103
225317
215402
149472
230745
229823
155926
234113
234628
169029
199400
261409
213308
167312
233746
273851
216900
218055
238294
181691
244811
189753
202928
161731
169283
225104
159757
192127
231880
217960
233249
200459
177912
168630
192836
142305
273069
202639
200000
227685
139122
242319
187397
165913
270529
230873
249542
251967
264623
254331
254774
150836
162360
160713
206078
206483
229644
227795
230996
165139
141299
257255
224069
178151
162968
156272
211284
226716
221259
200205
232658
237733
161305
185414
199528
154727
163455
170434
194372
150651
238569
206578
204970
158483
189027
266130
272697
202298
225461
200912
239775
229626
151506
210529
199128
262277
273736
191460
186798
232259
146489
247701
140971
253212
139397
192925
196197
159156
211187
223377
171292
233482
251263
244776
159454
159186
246425
274251
255754
242979
266556
232332
168870
214281
167146
181999
158455
154171
270928
267648
215357
150258
249761
212622
240465
180452
173738
235918
167371
155160
142116
147518
149217
152364
143378
158971
150437
269471
148120
195645
140829
156369
251052
232427
243838
161196
268404
222846
158214
199333
157572
271162
145759
251782
188995
180422
236685
272626
218144
225738
210777
264158
256680
268347
177018
177516
264560
228177
166818
231205
265424
228750
213349
165942
265689
193337
241664
226146
175082
207016
198461
193827
229193
168439
143129
241427
236662
220543
200010
228480
153468
226086
202852
271907
262618
242548
242764
268391
171404
153846
206466
156545
140048
199808
161539
172378
185172
171210
174964
169073
188043
227924
200848
142798
216235
239994
203083
182679
154470
254851
247492
206202
157172
163816
194983
227718
156715
153915
210916
236382
205945
251577
218057
166715
182458
198385
178954
233496
237148
188374
157564
257630
215539
239895
245963
187830
253920
204254
258436
141685
159971
174688
203755
237201
214302
173561
209584
213267
225467
233697
260196
242402
189226
170055
168127
197917
263820
201754
206118
183208
194650
261976
167834
224519
162314
159434
244873
138995
207112
223165
216877
265109
195331
207062
210831
154809
177827
165619
267148
184691
236429
164680
232148
180672
253444
222004
149706
175591
243027
264348
244070
232136
226306
167482
217734
260436
242908
251238
255670
167308
256914
169558
172452
190728
151126
207081
214741
139806
145396
242307
148563
221663
239218
254306
214538
228391
146747
148017
213481
254290
171336
191775
197542
160546
214838
160332
228842
195013
183037
259734
254086
156127
189933
171836
261581
268831
261791
183637
160992
189695
236439
180375
208186
217384
237943
175602
155360
169268
190200
157461
272455
157092
147556
184006
263125
149833
168413
239264
167826
240154
231200
257135
189188
208318
171323
163339
155078
207883
187872
150884
182008
193853
189314
227101
231164
255407
206449
271085
170446
164176
193699
168805
259616
215912
231642
225244
168534
222588
247021
166830
262649
178843
189123
262328
155256
139214
164892
191217
212211
257076
245493
268872
266733
264796
272958
141394
157994
233778
169629
163847
236445
252505
267438
251015
210575
239849
200883
222814
252143
243031
176795
272962
263033
171041
197058
191858
224839
191654
164545
235732
201078
150721
248487
230141
219396
244777
242392
226949
273207
235811
149511
214477
166577
210943
165694
218924
240339
220106
146998
149290
174853
241675
222895
234901
155927
214883
267157
168309
263443
157005
227344
142618
149686
209394
265888
177998
250234
196364
190144
180588
214042
181425
162891
207240
239885
259165
260627
195934
142153
261932
140854
213970
266536
187627
165347
250892
195988
253218
201628
203963
170480
203665
244077
196724
188573
176857
150265
212766
244312
223563
223025
154803
214157
253960
274178
251538
142497
207810
141506
193628
190275
232520
207719
186331
195071
252265
220093
162134
183686
264469
215990
205858
243420
263316
260579
234598
217659
151078
156094
180707
267913
227543
264628
215559
261069
170300
208794
212685
259568
233661
210612
224248
142943
254699
142914
237693
146737
203643
146741
159218
247305
241801
270142
232616
266040
173067
259821
216755
238058
214322
193419
175236
259149
251873
204851
171164
254900
250033
208889
219078
164724
150855
179732
197063
182489
175410
271374
201501
179485
237997
208939
220248
154902
160072
175057
181265
149948
244768
174150
142324
263366
188326
175523
221603
170281
222843
166546
230395
265373
190729
207621
171486
242624
187096
174599
273277
218568
179979
167905
207433
174894
238591
191194
194735
219743
210607
168118
273599
206891
250864
141005
233690
167169
223712
197422
237314
238314
165313
182912
266583
172625
215906
194802
164029
238620
242457
254531
213397
215038
257900
247749
220714
186817
270620
189135
200150
196628
162950
232341
183741
224691
189460
168058
266874
248585
268022
148814
232253
262087
196642
237456
191701
154866
201349
186715
223543
158386
252343
246418
180754
147160
152985
185680
264092
248002
143477
152329
208420
269931
179202
202624
174393
224184
181774
185131
256627
177696
223485
218064
240175
250802
163362
209453
147924
256494
185760
174179
218201
149741
273659
190732
184201
174639
208929
246408
225343
207311
260254
141889
262196
157512
141696
180346
217338
151645
175810
243566
157690
271190
232171
267383
212026
241215
181945
265600
240797
198718
178277
148801
155695
267467
138417
186870
221120
232022
220996
222519
199139
160189
231166
162963
265060
187902
264531
145240
231340
269295
233128
165395
229618
176139
167507
252151
199549
263184
262740
142181
198453
185254
174703
184473
225252
221894
250535
155761
167480
160095
260128
209578
240578
220357
258896
261223
247172
193662
138928
243816
257320
270469
176205
221055
170466
237501
152901
227469
261249
175163
213644
166565
248873
237583
244971
238175
235262
267723
165471
241619
204283
172964
165370
178164
180340
199670
224312
138956
264848
262291
175889
185725
210816
246846
205755
229633
267208
184013
251065
197857
178199
167070
215641
141247
202075
164344
253290
262693
153325
149126
218236
261949
271409
190025
270574
243049
249726
145113
251500
189572
233352
186720
230074
225890
245137
262876
145414
200266
225821
211491
262176
178522
236406
138575
160047
165005
193110
171660
236656
150116
197639
185806
147963
213704
163188
253147
240909
159832
157308
211106
174217
179621
157939
251381
197886
180268
209108
244735
162355
222319
214805
230472
215160
226705
202670
191791
167613
138394
230521
147911
258077
212147
244988
144707
200844
175343
145009
151157
203573
272189
184278
253614
243572
159350
225472
192574
179463
264035
267750
232139
177223
259771
248945
224228
244221
170255
140973
197975
197932
195329
237170
189888
148765
224234
181076
268608
156705
144703
171527
41272
174695
201467
236193
257052
268740
185467
186543
238174
212639
259969
215150
260568
196242
189929
247938
138260
230078
163902
206652
240550
186964
237938
178431
266853
167552
166959
185300
181203
210645
159790
182648
187238
194412
139085
181905
156938
181544
144348
224150
269550
161673
163071
258808
155967
245655
221880
170199
222029
225922
249567
163377
245915
227726
270073
246726
243875
167822
163311
164867
173150
174470
227298
139011
213601
256289
177864
175321
169397
150469
140023
174689
222871
149186
248398
145373
210986
162450
151351
199504
170402
168352
182920
229030
262438
255102
151889
184836
219370
192782
161376
268207
138806
214056
218376
167624
204736
157911
250052
234902
155406
204505
212091
225510
153242
191480
272221
143595
140127
258100
202969
182960
220100
157152
181340
202726
256707
274202
220924
242524
233779
265816
183907
150593
140232
194869
203663
245114
140624
228614
264616
188356
270633
223211
233698
167814
242366
150282
155150
215584
167816
269418
259246
159825
190230
169335
216764
171479
145653
150634
256363
225207
265214
164977
139999
224413
229894
153066
273503
268192
202565
211502
260959
211984
187824
171810
232530
182135
148054
224389
226485
223103
210775
156957
163258
240237
222732
273330
155411
164635
252323
265368
258180
236270
258504
187245
199801
161779
261075
175322
204475
254933
138383
178568
252243
255870
215748
256412
236368
153739
226473
205369
220781
214803
176476
246421
147493
226052
158916
242484
166251
235612
211999
211389
157614
217225
160560
206591
211789
210060
262776
178088
274262
251161
227488
241543
218190
215686
147948
195905
238398
262685
246886
168503
251276
231625
191286
219903
229269
197971
138087
201573
192584
225495
216384
155047
179145
181320
171838
264561
171599
262252
265742
261847
171403
222551
238671
154561
182534
179819
252616
258389
166437
229303
170221
178836
240147
242571
229591
239509
207409
217598
186814
240951
181871
234417
268998
245521
168389
232307
230724
203566
246752
251688
149005
168126
173348
243653
195125
273292
216285
162071
185287
171576
193566
239343
144918
211814
218774
190841
250226
270748
203418
170148
200795
193507
236647
216493
148251
159650
164100
217792
165929
180344
184207
239543
264678
236353
193530
146827
191327
249989
264432
208659
268667
211915
140215
238051
271824
176457
160454
234307
183242
205132
150852
233426
142901
222697
149467
241186
224823
180178
184705
143278
162899
243929
214441
198560
165690
155167
171330
160731
191074
142228
231998
186449
170859
262993
234958
257393
188120
175232
207120
208196
219607
184613
163052
194061
179602
243067
178256
203103
259874
207835
195669
143505
253093
208494
170921
217601
198897
179222
164023
250714
140823
254068
253095
263531
241015
273650
162686
272761
168933
151092
176172
236394
223559
180713
244699
223845
166816
273424
166070
140563
218128
201129
147339
216804
196218
174029
264186
241721
147790
225753
269455
167589
256324
153954
269480
189396
220166
247635
229594
198290
168424
218601
197847
229187
178796
142689
255771
235921
182984
210726
241995
176249
269561
184724
196400
226108
240195
194365
157067
190719
233431
241324
223071
186967
176957
147264
230514
225778
203897
150479
244127
219631
172623
240533
233962
224203
256539
271948
219477
158599
267214
142545
224098
246242
215783
196515
146298
205107
239166
201312
212199
256855
264909
177611
256683
261170
186386
141337
225027
254840
192509
228690
243618
266272
238897
158300
168452
193022
227175
252861
151081
150913
178166
263774
175276
182820
169675
219274
163553
168866
257613
231418
218828
212586
267119
150201
248541
164228
142989
183862
167073
261981
225462
246898
166429
183596
158744
234663
237099
233998
244396
267224
174351
200605
220373
204408
248768
221144
211288
254303
255553
212157
212673
194362
248310
179192
166781
149994
175502
206621
179386
157885
222981
140496
182217
182377
265031
183441
180457
141756
210057
166657
250431
268836
183897
217690
183598
266047
243573
187106
211806
164812
274313
161464
198528
245926
200671
263241
161175
252036
176970
173431
259490
182845
273654
245390
193963
155623
188882
157490
201597
208214
247930
244185
242171
181214
143541
242091
162175
216287
268214
271320
181860
233822
260783
213552
256051
225599
217860
263664
245134
242618
164290
220708
152792
156598
206811
266995
141872
254560
206341
176532
161036
224763
250720
237922
185815
267265
224420
224811
256961
259722
145674
189647
154598
208736
199690
249198
221017
209202
176042
149257
266140
166477
181733
193882
247536
251702
268619
204024
265612
151748
141449
255070
238805
224024
145702
239446
223549
155915
161932
143105
245530
266545
198079
229410
172667
146199
246074
165688
249910
208690
139399
169878
138454
161095
166448
189632
164158
258214
209630
240135
146783
146260
233616
201618
162509
215615
172897
247390
170786
209361
211651
242862
174859
206612
246795
198168
272014
271329
159819
228036
260688
217548
188263
183069
262527
149733
213750
212874
216569
243314
228507
193084
196097
230918
168140
174396
179729
152281
149253
143222
146256
196457
149939
213989
247113
259152
255726
260996
183358
230159
192751
186848
192800
183592
171126
223453
267373
259045
155985
159976
172649
149918
147846
213617
228606
244319
226207
210198
212352
242350
162380
146076
138153
200116
260541
266763
139148
230548
264259
263370
253099
252132
154996
226619
237658
272006
250401
180730
216826
231394
171888
144604
194144
210310
140970
195020
139702
254999
156232
149920
164855
151846
220636
150971
155912
139797
170048
240689
219110
266334
158329
264745
167205
262263
189220
217421
226819
199836
181661
262936
255112
261415
265281
239139
170175
172736
191692
155440
226678
199118
140133
210229
163976
146035
227783
266490
239098
263411
199425
201185
192582
252140
262698
272853
190448
259280
209281
271899
257824
240871
178942
270561
251036
140814
259283
144002
184172
242009
219067
194215
193640
144960
141272
152604
222737
242931
240467
152686
161658
199000
208931
205209
221271
198693
147176
161791
210497
213427
154067
149112
150685
214739
171116
189231
160592
225709
196843
258987
189160
246143
201963
183008
239320
168400
143498
168705
245333
263177
146557
233335
217613
172513
259804
203486
213411
208981
238701
213672
216042
272605
263559
142942
267802
141278
267493
203953
226639
182815
227265
168370
237223
269373
247895
185351
180275
139636
253694
179851
197992
213467
218789
154413
254773
150676
154855
237120
259394
145877
214984
250182
220773
230480
272313
250659
142069
145637
264031
154141
167177
228608
203142
171211
261984
183663
182622
166466
158904
161063
263063
240791
224712
148848
246252
207486
215648
244280
223740
245504
163928
190567
207849
223389
203184
187780
244741
143906
229263
211629
160058
260163
154593
223730
210019
165825
192676
215283
216292
146806
274067
236717
270902
217649
189260
243073
217446
218901
171698
258938
251820
217262
247945
163944
263188
165265
186598
266876
207092
194815
267945
250467
147163
186576
250609
168092
155992
143124
218500
181533
210982
265441
172209
259635
176333
178558
211339
202706
245226
161585
152244
257290
177576
214602
139126
269716
190660
178778
224883
232118
269860
151642
269435
198306
244789
169394
203707
159612
146549
267266
206837
206756
184787
268985
225446
192665
162631
249405
145408
166209
216173
145542
173935
152917
140001
230982
190633
213194
272520
237664
194354
200399
145627
147663
267724
260323
204722
155759
265927
191013
159985
217184
152414
207991
241813
226836
203812
256195
219830
154284
206996
245194
247277
260810
184901
159746
222937
226801
150699
252397
245207
227649
231330
174520
209055
189278
244389
200649
190513
251561
266451
201434
170741
152755
211096
141287
186931
212656
212730
219599
152754
213159
200215
164460
189408
168744
241688
148796
170594
163234
207554
238181
203734
226877
179676
139269
158589
160629
232881
250004
196520
260232
205453
174846
146052
227616
182864
183305
247639
174359
183428
240944
198088
164115
223496
235319
161601
170219
172450
180326
227350
227910
216144
219053
165752
238921
179796
218264
193112
186971
243126
230016
173437
193439
225970
212737
156192
220590
187346
204134
255930
264856
274050
268086
231296
218000
248900
272930
183361
173531
263274
146287
239376
263198
268814
224582
205059
254854
199999
222086
175168
218512
247710
138859
140455
193070
262497
146586
248409
185074
152576
157904
233771
219139
262769
266948
169319
223522
199062
182748
143889
169712
248227
196235
254600
171589
171864
202386
210806
230593
156261
162239
138723
181950
200382
269602
144268
148293
155727
258331
214821
262041
152794
262319
142376
217071
143534
178331
236959
147646
192764
152492
205255
271324
250170
214108
218689
150050
233341
188057
191393
212130
145672
221747
215526
147448
251428
212003
260982
153261
260154
269361
142476
195170
224302
170624
183202
258146
261149
147165
183970
220630
251966
253889
145135
193512
269664
162790
201728
180323
144906
190933
182546
179691
230323
249595
178804
171299
239464
140615
215033
167248
266938
267560
207300
184638
253163
151504
166129
189611
171575
272929
262516
222797
171772
144370
235192
258020
226615
205751
265293
183000
153392
221558
236490
274279
200389
245462
176018
172553
247617
183714
228186
206176
145633
196090
190140
192185
138872
186966
227611
180194
193701
265476
168798
202709
142918
245829
158269
175466
242303
228319
183680
168631
162208
149497
138283
174454
215260
216988
254567
249070
236089
151167
184520
265080
264023
202591
185784
139765
180647
147308
193261
159965
238395
274117
233986
210045
176983
240236
180145
152219
140877
212780
231238
195446
171561
234760
166643
141752
164636
266573
245947
237041
269164
202714
142410
175301
151184
146822
141896
159863
227867
222892
206221
189927
241391
164166
273301
146693
143948
231999
259751
255728
240609
144185
176241
156055
152546
175106
224694
258600
213313
272799
235370
244614
178677
164399
252032
206912
174413
179251
259726
229321
158144
155379
200681
226683
143333
226564
226840
260728
216183
145988
242982
200972
154731
183823
150885
204673
235899
248379
146894
183232
143645
260033
194975
202238
206245
165064
222598
261489
213501
175157
256685
239998
232917
178724
146374
170447
138871
271417
214968
207104
215810
162808
190105
222172
233465
236189
174137
176652
154139
153238
169471
233841
163915
168045
263049
259376
233083
171303
180724
247994
228811
255000
188260
175499
151463
200434
208084
230134
257424
254680
149387
187357
172376
147974
202445
246961
194008
153830
259200
165801
165142
216036
223460
262932
257398
162962
179310
190173
161752
148104
197442
234443
248675
184258
223291
249547
223037
220377
258083
253839
142614
210114
243452
264797
150259
248107
162174
194063
210685
175251
138580
192905
149581
254461
186175
228180
141770
144368
250679
140974
235036
188833
199838
252200
155771
167153
245211
252983
154484
208799
185508
204343
169770
232802
172074
145155
273681
174445
182972
189348
157789
157634
249963
266965
165970
179996
185510
155494
147059
238697
196320
152291
242004
255538
270477
240511
163320
246712
195268
210551
265990
140297
156271
271468
182910
249777
235305
151671
246011
209472
182574
158442
272148
221084
261416
248729
200750
167088
149739
258927
220649
154879
236806
229055
244125
247473
245672
225074
142876
187886
256167
270728
161825
199278
144178
210055
198381
210656
193267
240789
183879
269476
245130
197872
148429
199564
274055
179854
149482
193149
166314
184971
270331
233711
162404
153158
254158
192118
221673
144685
273489
152245
174069
198038
182119
148540
246264
178167
160811
262435
207393
189405
147657
272346
193390
146992
232949
234322
225430
241472
152695
251097
141411
167741
226851
140880
140617
167476
256867
144086
227309
216355
266256
263898
253981
264824
242141
202111
244697
139979
176255
145450
237218
215295
204018
222454
243425
203228
223151
247299
244168
140802
271773
157585
140731
261096
169674
271682
186813
219085
191611
181193
161190
192100
173800
203217
227961
194779
253343
163336
220417
155135
262259
143659
151658
262996
196676
200151
260421
189032
235657
246357
272497
236481
152392
247848
231541
209423
248600
138692
181025
228896
143554
139439
187444
205385
145930
204365
198012
185719
192288
176021
203913
160900
194385
263022
268306
152469
261526
259340
247196
165525
160608
266266
203981
205122
255337
230214
211673
198658
209713
258305
266065
208959
168153
153368
260553
269939
202190
219506
141648
192383
174408
198357
156981
178995
149503
210557
141074
248887
256904
195097
188673
148188
167593
250297
217938
217242
162199
161953
212382
195600
211981
207513
159771
208188
195723
266708
194294
231151
269862
181509
203215
201721
203896
165584
147891
188605
217699
201803
187495
250595
156880
259634
240347
147979
172864
149166
233127
199426
248978
175565
138371
143672
209511
249792
267770
176508
251474
243570
253253
140659
147038
255995
149209
147287
161603
180525
169421
161431
156246
175888
243680
196862
206247
218733
255258
188592
152922
225670
221328
152089
138367
237195
198677
149888
213570
208721
205319
250950
254857
177421
260484
214017
163704
140273
200613
184166
240268
187249
236841
174803
163554
233084
272513
245417
142417
243589
179119
248197
234691
160864
243802
189380
174186
154923
182707
196716
188103
173257
225902
251226
190363
169185
144627
255543
271569
172803
199556
183516
164616
261419
211410
258578
267492
168646
235860
242532
185796
219736
246282
188583
244517
159585
268430
185662
149017
178672
271833
203932
234268
234273
188463
198962
217979
179166
241213
149601
173904
151927
180417
140038
171202
175224
216275
265408
273049
180699
182290
211693
197346
217638
177041
151787
244932
194036
262191
206484
210554
164403
232461
240242
236421
206507
168980
249919
212009
250934
141297
222047
141849
142109
151219
144762
166483
272253
167495
193683
143176
187400
218779
197435
234043
262887
229122
175255
223057
166935
227379
227540
188621
200589
245945
264939
190783
232055
253451
221289
207130
151346
241741
166920
138099
265377
177373
160968
158534
177928
151798
167591
208505
211060
243575
231905
138393
193537
258518
192500
182839
242769
183726
217976
206260
268282
178413
147594
220994
157872
256636
263624
251754
257852
265971
247068
271539
141455
196917
237486
199484
145265
232082
141718
187361
194577
211093
188025
205282
249248
169028
171058
262058
151666
207629
225378
191314
174412
242166
188129
138261
179100
220225
170202
211464
222117
223135
200992
225075
181499
253664
177653
198978
139371
266365
167071
260929
163779
192221
190241
169874
268300
192147
224206
157502
159809
166505
160596
235609
218619
273927
272102
166093
156326
161479
249019
221402
147886
156015
159473
226243
157978
165592
143303
181246
180584
260759
249232
266531
239765
158286
200598
202202
220896
229350
178673
198947
190024
270177
140085
207468
216466
209363
176291
212071
201026
258949
273738
265831
180001
228722
214122
176031
261853
216527
266814
162039
196519
187230
158821
140488
186195
186344
159378
166132
205726
251843
139735
184285
140369
171912
201595
262107
202770
185925
205547
141191
169791
150527
235247
215971
239161
230785
145318
196811
167572
194638
243600
153287
249143
186313
144754
167660
191469
182159
188780
251492
258274
214024
216404
238976
231242
251828
199759
200855
229059
227220
208044
249627
215834
173597
194352
183595
266477
208685
202827
221779
245327
180305
253087
194287
163030
184442
231852
199078
206460
157968
140558
218822
195729
159459
169912
190511
146652
227072
259030
154251
245932
139726
190628
148700
165520
181306
172371
148543
148837
153022
187625
144865
267165
205477
220579
145424
268294
244992
161732
170675
197383
242765
201510
141023
146400
239954
219516
236712
154842
197712
200593
271848
191516
141850
229311
258521
251092
170174
155069
274147
174650
263150
210675
203712
266383
143437
210071
201550
196991
182655
215745
153994
164060
212850
151725
216314
145882
228813
237802
163194
159065
240483
148646
168062
205536
237448
149622
173536
234652
168792
230924
194575
266768
247783
183004
195003
139097
238483
257470
163003
152170
180232
257484
151737
258564
226454
236897
175724
214841
230611
159577
142646
186727
160326
201871
256672
140323
194374
264049
175814
255499
233757
180591
168243
154773
273502
237569
244812
261594
142427
208870
210423
219819
176872
215428
222510
235365
166270
239151
226031
221409
148855
206735
149792
255525
199866
169717
224981
176905
189843
239610
198039
179589
261282
264058
168007
234310
214764
236755
197909
173090
212966
179075
244227
178265
139922
166425
165905
189794
155020
216041
253083
183709
166552
191929
200356
166773
168375
160417
211703
170359
158306
222633
271072
243317
221639
194200
269571
180825
241856
209805
146639
212458
270355
183221
145967
268529
213067
273034
147288
236139
158928
159559
166899
257886
215620
164477
163063
228850
251139
239672
158764
271942
220964
203205
215037
183950
206833
219003
168164
267938
167853
159457
264300
236960
159315
167707
182550
192239
211832
231507
256611
167512
226607
177144
174945
263239
271641
229988
207014
153865
153610
183590
272683
260522
261175
247353
212807
192536
168617
198860
206498
162309
179867
272196
238238
182852
210441
194190
141824
172984
154055
202391
240599
154282
249404
205433
148221
213293
187856
250073
180738
222666
264352
157154
263604
212753
170391
266930
227550
190953
211854
180698
258663
138469
158132
162730
194770
234305
208096
229145
188697
189171
192394
207874
253065
193499
231212
238532
266511
195826
174829
250668
143177
187374
152045
182396
185356
151234
213398
270446
180441
257447
269851
138304
189257
236127
152199
207405
167437
146224
177030
198709
248684
216961
225023
199330
192384
242296
268928
206723
168434
203451
157983
215141
139936
181122
187435
248393
187762
259239
196304
161209
159284
262225
191772
267277
226904
196093
211714
176828
225938
197821
246603
176016
188997
202914
214330
178216
226859
221786
238608
227098
191201
144313
215286
163037
206306
173290
252874
203041
196298
152111
259847
170283
252717
191222
273184
174766
190972
219278
173105
226273
253082
195372
237010
139876
238054
256548
274069
220433
183306
139051
150069
265036
156301
244347
144853
171066
266529
272336
232349
180616
157026
198724
232900
163402
261089
228624
199065
146910
211766
235999
199440
249513
152667
218029
272576
171424
216320
149207
192615
145096
147145
244339
228275
223701
168493
159732
212381
186571
206153
248528
172359
263847
218850
198882
180483
161871
245295
169966
224772
239801
248105
264883
157302
170111
174579
190992
154601
231727
192643
223924
201657
265064
219815
255742
242701
146383
209372
252668
205975
258386
220916
266859
239107
210080
144618
186474
236534
264200
205765
189167
140126
164248
244399
146642
219059
261296
208543
227830
213216
181771
258130
229794
226398
236668
178026
245585
144542
244896
246967
151176
181688
140989
166670
273937
138760
211699
203847
254288
205581
146263
193971
145793
221464
164587
196504
218835
218193
243624
245559
252687
207787
228264
218902
179523
181784
172712
154682
212679
265467
218362
160857
238221
230568
238234
245011
231698
185524
248408
200754
246026
260948
190854
160986
268380
200400
242540
207966
161811
246951
273789
212275
248948
150727
218947
258096
272740
246288
191476
181177
157694
224837
128336
242759
168999
264175
214792
220701
224805
164717
179728
265489
148115
236678
248665
181954
248142
246106
197219
261500
205740
151926
170139
231548
206130
220442
253439
155072
196189
237643
156501
146587
269736
197224
200278
159336
203551
195007
180424
245245
249052
242317
233343
233643
255651
249671
209575
230285
198159
215006
236462
214742
257019
236219
265291
149132
144237
178487
261204
149915
195161
244885
202360
219013
196623
166322
173464
142464
248473
208170
217477
234732
223717
238445
154998
218007
235982
156939
190017
210882
179218
271726
243550
153044
260576
171423
253774
158478
162650
153926
270402
151572
152875
209921
236743
195473
156313
202114
182414
156968
223488
245995
239046
141811
265672
171496
244716
184597
273627
245048
229680
261659
239919
205447
234261
251827
172685
218731
260440
165491
218697
268762
214564
190103
256133
144078
225379
189678
183144
234372
198016
167711
138117
269321
239204
202203
252547
227936
210120
151383
156449
198796
238761
185145
215813
160694
141043
144871
248016
161043
265865
191882
254716
176468
270464
167314
161039
220793
155006
194528
234404
211254
195121
205882
144778
164572
201672
266642
165014
221973
210065
161969
165713
270645
249868
178972
150209
164504
243675
235836
139284
233964
142400
271945
191717
148869
164923
255234
247976
206614
187126
236181
142748
255595
177643
159360
242635
253634
224243
154443
217075
237512
190118
152768
150160
270581
177037
250086
186054
221440
209301
145737
256656
218490
240287
145280
210817
259854
161637
215616
241553
152168
213538
215874
199702
233921
185644
215438
195993
158603
267865
185878
238041
238568
232874
181739
162690
213935
220254
167366
269153
197780
154976
250122
196505
238955
176030
203329
192450
165638
159296
219205
243733
211650
196869
147334
248505
149849
171325
177543
245899
272856
185329
239626
254678
187573
196698
238455
254021
186579
159168
267910
185630
273601
155929
236156
190213
219094
182602
245567
139723
188236
155212
266464
210711
268094
159530
147313
162728
230932
241840
247307
177682
236640
147137
209291
189648
163968
162752
169962
182189
208166
207697
249012
226144
147727
187512
169519
237096
244891
235829
234956
267892
271577
237485
189873
180757
179314
241639
182009
230461
202698
251792
181085
257675
151101
272786
240453
229456
251460
182167
220453
213362
238934
214462
187506
187868
142467
215058
209852
212912
224516
216706
211177
185324
190952
152105
174132
222746
220939
248803
257863
231988
149695
247957
177398
232792
209725
163348
153890
138112
185544
239216
139507
148234
255175
186752
218880
248813
161328
195692
221315
169203
162007
192529
248151
212914
205873
154799
223264
171507
145038
223029
171157
267584
251720
189500
202322
172546
207830
186496
141442
248255
186134
171751
221191
227981
215666
251550
266391
205509
254165
251012
164274
274167
191899
258011
204763
153346
152072
216207
251129
193817
216679
187247
225833
157546
164773
189105
174923
149670
225766
160985
227792
245107
258997
227767
251240
160402
143050
274254
270784
260387
230467
149148
230677
215933
247007
197954
207498
209712
231316
141746
229340
258704
241008
252005
219345
143068
198198
214099
192618
250048
231113
181423
256387
145120
193339
219604
170070
194228
164688
216046
211321
142318
221200
158992
189828
247440
214270
239025
256097
262851
256743
142078
248863
272294
183180
152421
187366
201222
168660
167877
232982
181938
187528
179793
196318
258823
141413
240066
253607
201535
261110
147919
207109
259586
257760
196306
164643
265205
257080
244571
267416
199668
171785
141698
144690
263790
153872
175368
258202
188756
206279
165084
192332
190384
236346
250095
155412
223454
265483
217691
217918
183643
152337
203019
232001
201586
192359
240980
245715
139201
213188
148821
228486
252170
206308
242445
239901
153293
260202
249912
259817
245435
153917
226845
203007
258408
240731
195738
258617
246154
160251
171149
181393
150675
234895
229675
196806
273609
176173
224021
259460
206051
229223
206073
160563
214852
191953
237722
184675
267873
247560
213302
264901
254704
274325
177204
233385
167218
170361
163691
182952
164589
199956
162035
177383
272453
172420
224765
254489
187452
162255
206764
250819
157496
200622
209293
142944
264193
241234
270583
165894
145789
196176
266516
203203
232459
140320
198931
198904
188883
210967
261850
229915
156834
203316
217606
140145
190866
198062
196498
169646
228817
181091
148618
243557
202521
167768
156718
239495
270551
219494
152899
272994
156489
141204
148526
187825
202811
246554
224565
175064
191691
139448
199097
153588
143227
261658
191245
273106
149213
239278
265884
205158
241752
264933
255067
225500
192015
208816
253361
182023
233200
229965
263071
249412
239360
258249
272086
174134
230864
159377
262840
220027
165874
256429
205961
222342
140317
189361
263582
176121
166364
258605
157288
145587
186868
232193
187300
248829
207292
213987
162139
180642
191795
144187
204891
173997
245277
201732
251351
150058
229526
222662
263043
219392
235009
212755
262185
163067
192171
262681
149716
152678
171892
268992
255384
269905
189813
268848
234235
207000
190198
252287
241138
223533
144927
258502
228383
261743
154679
268333
154396
192121
258342
160024
216385
219344
267887
138239
243994
197471
138426
240648
211205
167163
257182
185180
255493
270095
191518
177084
171425
196634
199991
152976
196801
223398
138121
174188
182389
270423
168300
162815
196154
165582
263280
208222
245016
269283
155626
195468
171535
241200
190674
250539
194233
176007
246781
228151
209159
226655
251393
227290
159060
247402
153816
269945
158006
226636
268502
229209
188353
226236
257772
146692
237071
216367
171013
266370
140057
195608
164529
227603
152964
196832
148975
237763
203796
248638
186939
264117
179909
172935
189275
273030
181690
222258
248490
177866
226644
170336
216390
199790
226682
243265
185181
192446
264842
254626
171339
147143
237941
238301
190552
207004
157072
199917
271643
158690
262474
244071
156676
156071
173591
207151
230950
246066
168392
271972
199469
188396
181596
168857
156172
140680
242501
257695
196122
229093
215527
261595
213727
191421
252512
174924
195598
157573
179423
242839
244542
260703
260321
174716
222564
257546
267817
271178
227105
192729
192713
196493
185024
242385
167225
138533
239818
151777
249395
189679
230720
209529
202917
199180
216782
164513
203748
151224
234942
152711
220304
223914
272559
245476
200330
157080
223706
248792
256420
223244
177117
195144
174449
197581
173261
204950
159410
209545
204072
251732
209960
227824
155054
268557
246142
162262
249694
154229
226001
267055
160278
189357
232726
231322
198164
271052
190223
240025
248291
186055
270643
257573
222365
176371
210651
259284
179086
182003
251724
146255
165022
196891
152393
192899
210871
227338
194202
221872
221971
256325
138916
259170
260749
219244
232908
219822
164865
256474
179237
150028
211130
156315
168479
182792
235380
244545
254852
247406
242039
236634
147799
142103
203614
274257
160076
259159
210178
260131
147912
187459
253780
234045
220995
138660
171536
224213
201574
211791
179831
149380
150867
204361
203949
176540
168009
177534
208382
177190
213690
181617
247213
240071
139111
190577
232728
177339
170460
156538
234050
245940
209247
226451
223208
230603
220262
186084
169227
260378
138317
165936
217014
160413
141595
161818
263096
199031
200641
172462
266540
182051
202057
184500
180756
216449
227640
170907
269859
225223
230574
171068
156707
196092
146283
146313
151278
235185
152770
152017
186962
229291
200069
232883
145074
208790
223853
197580
261420
253671
248966
264130
191926
268071
195962
225479
233784
198991
218503
248615
148417
174684
204983
172602
203579
195726
154017
245224
215726
224630
140138
226272
235464
160960
204959
266844
159609
192904
209974
187820
169326
226286
192302
241914
228707
217767
240537
233669
147304
239384
234102
265287
200500
212518
154755
172925
147292
258448
186903
224363
270706
236945
251505
271269
165793
187618
173278
193927
174491
245969
204994
160212
224937
185757
229293
239302
143117
204660
269263
261502
150659
254027
205668
258183
190557
221260
141773
203136
185633
198209
201395
188541
146024
235970
170450
259731
229348
156505
148673
266341
165546
233521
158188
159397
186138
178575
144669
210550
216402
198054
171418
230194
258579
245749
160414
246120
246809
179095
226183
267368
163878
150400
164987
215251
170901
216373
242102
204267
164638
211877
169426
214492
171778
179034
245170
273065
179642
266319
152272
243534
222670
152276
162281
198147
176117
190662
157657
229324
215137
216769
261638
203252
153204
251499
235325
185856
196156
207472
225768
266416
272213
242763
204537
240830
252021
180928
218247
185349
203848
232360
151071
272547
149743
239686
186448
180503
184703
176504
164597
238929
174440
142765
251359
232977
154472
219921
236549
218308
228888
237385
161128
271050
198772
202220
272498
259042
149519
141535
223622
252923
220568
252968
205046
208774
157713
149195
171704
191278
190239
139256
232747
225651
230771
186160
213010
198685
226912
191534
160507
184461
139753
145703
169070
141151
143880
143843
229900
258275
197672
206426
202929
148633
222043
150664
229306
243657
246619
181932
158541
156302
214132
170778
173932
186862
159290
216797
243825
152356
159413
221298
176354
197349
177304
189079
221238
224809
191355
245208
203473
225828
198771
239939
257669
213977
243200
225460
213984
218479
178401
170186
145253
254548
251525
254283
265748
152969
203550
159622
236571
199570
234070
229007
264731
157473
273151
193284
171705
148362
144347
183312
200492
190821
180407
238424
139879
183578
172662
138281
253200
187970
174788
206592
202477
191686
229179
151239
172161
247381
193319
205701
160714
228808
207479
220865
188072
163819
204107
147336
208131
236420
183047
174164
146871
159678
156374
190172
158390
265029
252600
148976
263548
213606
172537
254867
142141
237264
205246
228047
254723
164728
161010
138130
195481
212791
163024
230156
139258
189406
241197
175504
183387
225332
263420
244162
218407
159193
139308
218356
160689
146776
266501
208398
213027
182364
193154
245866
159887
198856
232214
144119
244498
207956
148669
257768
221925
209250
273098
243207
212438
186338
268508
272179
262871
235808
189349
196673
237465
188552
181994
139971
146468
224465
168122
149172
211824
244541
157036
182089
270242
146662
272565
143809
165574
243584
244660
190847
233872
159837
143858
231537
236569
206179
200059
212008
162449
162053
237273
263873
213258
171036
166757
170367
254067
159685
251153
233324
209749
154846
249448
252254
233060
272523
247544
253877
223121
229513
238559
203070
217580
219767
193105
165145
264551
138994
263213
210911
216443
176716
186526
248816
231025
141232
199358
269810
268050
201525
246992
210977
165255
141420
272163
168403
215869
167077
197264
179241
161705
190433
177726
156343
158267
208227
201386
147752
271284
260402
234782
207319
176653
220650
259058
221467
154084
247013
218522
172149
145451
217142
145202
206509
248973
218094
210653
149561
193697
213191
257937
181004
270973
185057
240829
181689
239487
232426
222806
150008
260171
196319
231059
211088
258446
212499
235532
246102
184348
181673
266987
233647
162903
238079
247190
210970
243639
151125
245279
141907
192277
172060
269326
169309
154546
179194
175063
210633
225380
184519
223541
171558
161884
191956
146015
256530
169825
255624
191808
207299
271852
177628
194121
152865
217536
214232
171696
224879
164296
226631
239945
217763
246100
216654
184592
212880
197657
147981
138972
146892
165209
183990
164632
264756
237228
257164
240861
240181
249804
160903
199950
272550
247867
244022
251213
219432
164800
176596
205156
198455
153295
220857
230830
161894
189730
192157
167747
154087
230220
249311
267490
227216
273578
185746
159504
186590
183463
273175
247474
227050
257279
205835
206478
252634
153557
257508
192521
176997
205009
262646
150708
158509
272438
161050
209460
250798
142658
145137
227124
263372
140292
249392
268308
191633
262710
203660
269521
148993
244194
148728
204595
192829
171671
186223
149762
201885
195273
233855
218384
186416
239554
205535
158093
151118
194874
253895
230120
149270
216393
199598
182215
244023
190888
168194
152684
205661
242481
160327
217443
256108
205551
257111
204384
202925
186696
165529
234952
164553
205495
210374
267703
138471
243541
246660
157053
231805
188952
204404
250546
228625
201827
256883
241895
231259
187487
211484
264155
163510
256423
159617
254883
208092
176680
196598
167785
142825
270714
198525
208030
222481
191310
207188
189593
187307
165254
153359
218786
166207
143225
247189
238267
217045
204154
215838
172034
151594
261933
173250
213897
253353
249180
198944
231715
237951
152981
256369
199233
166126
219746
212748
162655
165418
225548
145316
192481
205212
206198
182570
241299
204446
185708
211181
157820
150667
154040
273739
193120
193977
175827
261261
234110
216561
168917
170791
209971
140962
142848
241461
173942
149528
249733
237990
141919
145468
155610
168930
234644
202216
238571
159017
220788
143845
176386
183262
160907
172143
154987
179649
148066
175702
259725
175859
141776
202843
254120
211717
165333
257166
175335
260356
261213
207305
223985
266098
162205
181769
181288
245809
208287
138657
228676
252907
231425
247681
229845
140788
245846
217620
210903
203572
157743
218577
250290
207837
204975
254738
159460
273794
163962
211799
161066
187637
156461
221231
234711
243924
207748
270146
145355
174140
255299
215311
245597
243829
192732
141651
262485
228564
233664
249543
252908
156036
273266
148756
187378
264047
154835
231384
257567
266494
192841
177007
172942
153136
179714
229500
220952
251361
139134
165537
156465
233818
206094
206732
268975
230314
224613
235936
220576
269293
148026
251040
264717
150240
270167
187493
231859
218413
180677
262644
258936
264162
163967
259826
238321
182625
188728
152872
146124
170612
140123
259833
169039
245041
239396
221086
226045
185224
191464
248890
153331
264108
170399
251696
268751
182518
154375
208274
272694
202348
199055
238622
174997
233876
188190
195788
245384
253788
234071
173571
238746
182781
232976
234750
140376
227361
195564
194722
219612
183401
215240
260943
147399
215165
220488
241346
172723
148680
267543
269756
187481
163965
199395
172749
264176
193749
152491
144065
209716
263340
146533
243278
248217
247633
148651
231996
239517
159822
167952
180049
210922
260658
258317
185967
175227
176460
195640
253794
163804
264048
162544
158840
260564
217801
163419
254245
179081
255083
234611
231062
220562
249859
226649
144165
140154
163465
258691
246739
245824
190876
248303
189308
207785
221665
246822
268299
234174
230267
249067
229109
190640
250612
147931
247401
206769
190599
215825
162739
246258
186667
251019
242576
197882
210197
163774
213577
200473
178939
198307
242943
200395
207777
180251
230957
194443
177110
214818
253234
163586
166174
249758
153172
199870
204937
236390
168317
273081
153030
258876
274396
270321
138461
224164
149648
202334
202645
222696
178613
190598
203740
191043
218488
152180
237704
140997
153651
230733
246127
222848
143500
160933
151816
151958
222772
159686
190227
274044
165517
147958
174471
184384
193009
250218
149374
221681
249954
256110
265996
259573
237794
163593
168203
196556
198595
273819
148576
205980
253378
167977
241249
245517
224131
201696
162567
143474
141548
191479
167813
194752
257720
246952
247400
232293
258669
196009
138870
165527
260791
166124
244918
174385
191897
214209
176246
162679
255060
254824
213821
177453
184502
254177
197554
254447
178090
251114
178252
212842
270622
195693
247909
165631
208517
272701
147227
260280
170087
254249
145229
148778
250408
248454
171411
225319
202783
213539
162276
250421
169868
176719
261483
232470
178580
147465
161851
166359
248793
176114
259083
238326
174052
207284
181625
250458
249078
274033
173277
257414
199859
232588
230419
187261
173050
171966
235367
229983
159197
211109
202096
176409
255374
212911
144067
217158
229048
210429
177888
143885
242313
210738
239950
205204
233956
196878
268895
232194
212603
146330
244343
214498
167334
222129
194284
250372
228096
246624
181538
190675
254379
166141
222489
160979
225865
252399
169650
258892
257828
229070
268412
158346
234389
165342
181014
240772
248190
258741
242494
226079
225837
149278
149466
271197
157676
146021
144081
185551
249862
246314
234763
238654
266107
222379
226255
252663
256161
158849
168965
265454
207247
214569
203992
250399
138761
221646
274154
176026
157147
249535
158803
217697
214307
224254
245853
228829
269308
202993
227336
218243
152978
272732
244048
249467
266187
166729
233685
178365
268652
254226
241799
263425
199784
152653
195886
144824
256408
167551
170308
172565
174306
164406
139759
252950
197039
147577
192201
181530
201492
247755
236519
272907
245505
162636
176587
256287
258488
215623
253091
198271
171859
151468
192424
270374
149791
197649
200403
243376
217411
181229
194073
271302
200455
254171
216835
213560
181304
252873
184077
183512
218333
224535
186691
246118
261115
211598
145961
192524
204527
167374
173119
145684
216518
158932
194447
210228
184828
227738
171269
218526
221263
178272
216152
228144
200005
251275
243228
251927
223027
184875
230397
267409
192848
239624
236233
256028
187917
199306
249494
209325
259557
218298
236879
143699
145147
199527
230333
224813
273668
260103
161219
157799
237114
166269
222548
184286
236721
187431
185135
251258
229539
149183
143198
264350
237117
224739
180295
266771
218519
179211
210781
272245
268733
243326
182456
164273
198289
241016
196882
262388
188085
246198
201326
240931
248855
271612
229226
272033
180992
210270
159214
162359
212799
203158
213043
179347
209296
236349
183624
218002
173435
212007
147755
148172
162092
253397
186842
246550
153257
169856
250572
225270
187250
267239
239563
232597
171302
144640
156400
212704
204933
140479
202294
269725
230826
219787
265790
273445
187124
203347
186495
158838
176536
182296
187280
178392
179425
155460
213192
138324
196348
241283
148892
182495
230695
149723
175464
243180
272883
247861
161311
184130
193277
202658
189296
212742
249167
147474
141106
235588
251105
158261
261091
238984
266411
231797
247712
270042
248373
177883
252470
267922
167920
270861
266090
231721
160306
185117
223618
167703
192661
234937
163638
177328
209757
241582
141062
177729
240655
175052
255035
225813
274176
140033
217872
236556
240946
230615
155908
157511
152165
212399
223126
256988
205624
208290
165727
226940
203082
162979
244254
178728
218969
160069
274046
234012
223749
186974
201943
234014
178977
188347
175426
138612
186476
188832
202860
170631
211792
263054
229625
257037
271095
269262
249601
157311
142237
165060
187546
241482
270317
149018
251840
210327
152883
209476
170419
243828
214825
264359
206880
185480
211050
199080
267339
166442
170956
200496
208949
238426
186636
188519
165443
159780
251310
149218
221940
240690
232625
219453
180553
162978
147742
218269
212284
215606
226319
239620
227406
166716
167561
256762
233152
245574
150340
156006
255237
186901
172826
173265
167513
213288
223038
146836
204632
150231
254010
226807
180212
270999
179312
188446
172992
251673
179168
206292
180488
178403
220697
264280
186442
254271
258048
190015
226515
183245
174787
255821
217877
266322
204686
250588
210023
145834
246139
262431
204065
158835
148590
228428
251180
185352
232468
199158
187289
232879
187276
146730
207640
233514
181241
177369
265577
238392
147632
149980
206036
261067
205710
242663
215194
258517
236456
241117
241576
259128
156515
216037
211885
210265
259335
222946
229066
194585
209149
188798
145458
204466
201334
152905
233400
162075
232125
151682
168522
271450
220835
215475
230491
267322
157208
142837
257300
183914
193088
219027
171629
153812
218077
149575
212923
221606
152206
195677
138757
165760
140849
204483
202501
153116
165271
183065
142538
202038
222916
183274
176006
173838
274048
186026
272041
217344
259425
255156
175915
149691
189738
184725
269000
212100
262778
215197
157305
229728
142407
240118
252152
157334
203657
207972
164753
158094
145631
216646
139890
267293
138465
268240
140719
187654
216487
227971
256630
237366
253795
258203
196377
241148
222082
265596
237689
258004
167790
185205
171093
262261
197313
166915
204416
252463
251489
139222
177899
177259
257733
248705
194782
207951
209422
197834
200017
146225
171376
177207
163974
231132
272677
211817
156293
271545
156340
212312
206658
177869
230319
250466
172917
230337
240999
146976
172585
202067
171664
204164
162312
212358
250673
207198
215190
270945
144648
249316
166972
231666
220112
193095
239639
244695
163166
194482
246527
230911
144525
154193
162729
237594
173665
268514
255387
193441
227256
190011
267090
201102
178864
182525
212736
265271
147722
240397
251062
198719
183694
252081
227962
233190
154749
225686
194039
151817
239991
151783
272848
193340
197597
150131
214093
194498
173187
213150
224378
179304
192012
138180
244419
177108
173202
253369
140843
179558
225520
175127
199769
170259
254160
230241
174782
171999
197131
197680
197327
172202
160199
240065
260478
207327
172101
249087
147555
260966
210648
157221
253763
266189
164711
165721
225111
252166
253004
203977
274345
246185
172004
224241
230781
247527
178296
215815
182174
185499
240000
222591
184175
226365
188965
149638
202476
220363
178889
256316
214086
235793
140252
218132
208443
158220
138647
258479
145805
264450
239749
256861
270181
173539
232767
234423
255182
243528
240846
235737
141012
141942
189091
179554
270028
199398
271851
202030
176562
162236
143576
252614
255146
174507
199357
220117
266261
272162
175020
216935
260776
265312
267535
155457
141010
198802
236325
177411
183593
243963
243621
203616
226989
218216
208118
151069
208822
150750
195408
155011
183623
271165
177959
220583
266192
253405
230644
236345
233543
241494
272727
270876
251136
200837
153246
156897
194623
166661
226096
215081
257124
257251
191250
176199
142967
235321
176350
142154
209440
176594
255397
229114
151806
159718
199175
227168
266257
165854
187591
188158
206793
259016
212664
144846
262725
184088
182025
212566
240487
202504
206928
195256
217635
208362
260000
186824
247898
251060
271057
215832
266126
263135
156542
162678
161591
274006
222499
271106
157359
186368
160711
273364
254638
236642
152784
225191
198266
208177
166398
237226
264723
172893
219581
255596
191196
155541
231463
236926
226234
232162
245315
213241
139398
207256
182891
262110
154609
188753
169731
181773
268309
255293
215608
257584
179148
246716
151549
150530
141832
200919
163591
201880
151401
181287
154230
221058
227709
139091
253662
269118
244547
170440
240085
157862
265768
155141
177486
219478
213204
261124
210640
148349
242184
143939
151218
141894
139687
270332
259621
219552
158207
142165
220526
187494
270108
147255
273496
251945
188956
149624
207500
217334
219531
266032
195100
159508
260742
192103
209182
240324
145769
168544
206371
247265
224432
199946
253860
150299
173211
254344
217365
147942
151248
234646
223811
155850
239944
225898
240197
225568
261875
217407
257985
185223
238071
236804
227692
260930
196975
265547
187133
274127
193780
265411
251461
149370
260643
232764
187812
183143
224540
170200
190585
173164
224853
159739
146813
173073
240442
224305
263899
253224
220938
209374
193833
239117
271235
245080
230617
258799
262764
238197
213375
158537
260914
150845
195568
170579
239080
239884
189883
242157
222505
157767
179446
246588
260851
163217
238310
239882
208881
181099
229090
256293
234805
269456
201751
177700
142413
141292
223144
252606
153215
214234
186851
269738
246317
140952
163480
219499
222392
252361
251824
141368
185753
225765
218401
200323
261048
157804
260771
213521
138245
182777
154651
227760
183594
177974
246580
252110
223416
249257
235266
245146
273239
164834
271194
194570
160497
187455
195858
164271
196338
229602
158019
205072
155346
174611
185425
264006
250842
265376
232939
157143
244152
149577
175486
199429
157146
213815
179959
212795
240093
188168
208055
222852
263958
191087
158042
222195
190047
234183
256839
184260
272617
185445
190134
273775
172267
145921
156236
146115
261325
236169
242705
141550
148232
227614
238236
182948
241523
182714
253532
205316
270571
159594
213085
187376
162744
258165
271500
185959
190564
178317
163906
216811
163214
165826
183662
250822
138228
138111
232774
252064
148741
151582
263682
259663
244585
177327
246313
208122
184467
159600
237344
149173
179074
144806
180835
224697
221739
259913
271767
161133
218368
233952
180923
154409
262375
202473
172414
237388
218904
176229
166311
273251
148021
208484
187046
200411
145517
232527
232111
233950
244927
151347
245546
185927
158868
225506
258599
214970
167462
218421
167379
189178
166697
217667
251165
241109
138414
192723
139353
203085
270717
245614
264931
251544
177935
249080
257229
225007
229314
207587
248179
234436
139485
192514
261713
142097
175080
150083
268188
169783
272144
258545
167936
174708
229208
215261
242193
192222
226142
180984
238052
226583
158167
236202
234903
254071
176066
168993
231574
193541
143262
221732
217895
185263
141155
209274
152772
246919
150720
249003
205889
234485
210960
141516
207351
259675
256067
243168
259006
269996
217910
147544
155068
161057
213812
215767
176635
241512
171723
258056
247111
235206
267405
185422
245297
189113
261263
194266
262662
243340
249158
156252
198542
248667
261509
221469
177244
179927
213861
190467
261045
258827
261754
267455
140968
246289
244578
187089
206053
267358
194922
162669
261016
236867
171383
245971
254293
215833
259197
235471
259085
215795
214627
221652
204046
236582
209679
149086
230387
249313
272236
164136
239445
138522
240661
269815
261312
233732
180824
167913
152906
242464
238185
211479
190999
261651
164776
191335
225528
221526
210063
233890
205043
186206
200099
261531
168089
193156
213583
223647
198678
180528
150303
176201
261083
145085
259024
151421
202369
149680
175249
140685
247414
186685
228064
214121
232368
184443
214804
190335
162515
249528
269855
179886
187136
147952
252375
248988
233246
204710
171342
167311
253317
212371
156478
193242
236840
219462
229339
224788
217455
263221
214856
193119
183667
217363
251524
207421
254176
175617
168172
219630
238200
169327
186096
240333
252027
208162
152771
181595
172795
221021
248677
157186
193428
225125
148757
221451
238846
165387
198761
148058
155750
162330
245344
231178
152823
165875
207664
163912
149214
155136
252545
266076
263416
176232
175977
177284
266231
220001
201947
255898
222724
150018
242684
192637
151484
228496
143785
159393
208520
267001
271957
261738
253612
217255
270603
266503
260894
245665
178449
142581
172059
259213
155687
265820
164103
166073
221902
144417
239847
203197
200812
187001
192540
256208
144663
212502
161868
250500
245370
273883
265659
167688
182230
240804
210666
264381
183666
139737
209311
163992
274158
216348
252620
191830
150505
157377
202000
140069
156061
224829
166589
144760
165635
247888
153364
246760
194926
159464
254033
254781
176724
267951
205054
175742
151514
159205
171618
176451
139686
150639
143382
139850
225015
224483
168409
142493
244047
237386
180293
273904
218017
146084
181747
239402
164858
180884
161983
141863
238836
188526
181300
172501
197568
255705
175467
219128
216940
176366
272096
264506
216013
168367
172677
272432
144903
256467
256617
186865
151073
187652
270899
191369
270567
271208
144127
151431
269836
224508
173911
272411
230917
240763
165827
192535
239494
246625
269291
148950
269203
168735
169461
216693
198981
242489
140330
149036
180434
161482
210957
274142
220627
141743
227932
168855
255443
225052
265241
172281
250183
151387
168996
138938
250900
267258
172383
155975
192079
151499
182888
148889
183764
157623
178309
213249
170163
270722
247100
151013
240698
195248
146963
178793
233702
144116
235063
201187
209350
267221
180454
155465
218797
253420
184926
258634
139006
258989
178250
214269
235209
158565
166572
254333
155602
141758
269873
269519
176186
250098
274382
150366
169823
178867
159071
138301
222562
158572
164549
152190
267341
201103
146571
169462
197875
196101
263448
211066
222466
158941
257971
266387
209111
169489
214265
171097
204432
242511
143790
196636
234319
173055
215945
220673
148497
258068
169864
188610
227503
149632
186668
200359
246224
191608
261197
235130
166149
240300
242978
152215
159836
144683
157796
138276
179486
247711
223268
232972
238346
200297
208424
199232
225043
202214
169903
180645
200386
207778
181734
180578
199651
148319
202631
183039
207026
164381
151988
230331
215760
241423
197132
213775
205713
224778
148118
171071
199629
192047
146399
184310
264815
256601
238358
144180
180286
170629
228215
194825
177391
187621
209502
214405
271860
244650
195201
179246
253033
259514
184984
220539
150743
179083
215900
201261
183054
167315
205018
185698
230882
259259
173328
217222
211937
191131
215619
208871
146342
264926
186469
265447
196774
143602
158607
181943
193331
263167
154258
140473
161650
157773
145270
235689
247231
198231
246052
250373
140636
179278
184788
165193
229250
223426
140395
237532
204494
270662
163540
216744
198431
250127
255932
211954
179478
234027
239841
263817
271488
263810
219047
149216
213874
160173
166791
204611
221376
241743
139967
166042
161017
242639
145634
216317
209521
154159
154109
192368
184838
197038
170771
236422
199037
271187
221019
194887
182924
156784
268765
168827
162863
178136
207489
148581
244196
158659
148544
152584
261985
145836
203795
260962
258817
167987
186550
268722
177318
178745
141500
265519
268632
235244
167553
171300
180711
192624
156670
263219
251629
193979
274367
179754
160795
217631
264046
228120
176654
163130
269749
226111
219134
146018
157860
159344
155174
170705
208902
219741
203821
139617
153503
156633
182311
190584
153668
146154
176929
144077
252310
258511
171037
166859
262553
184107
191853
140130
237587
238832
203201
231611
220553
240746
258192
172183
177897
203563
165865
209638
261665
242460
249642
271716
190777
163129
208568
198358
187254
257274
241787
239642
194218
272766
173388
157836
222456
193661
151319
241573
184007
221565
237147
166608
193294
263251
162487
158651
139559
248059
158129
173525
144068
271090
189718
202219
219218
263871
235307
147869
211514
259186
266367
205750
140579
235824
145498
268936
211649
178626
156778
204406
253885
238799
138124
188482
251742
270350
183408
143027
233847
250501
167107
183032
230892
168895
237634
209142
142817
179155
178956
195792
163478
228822
141216
164888
141800
188727
182317
249958
179129
166851
173695
227048
153631
195426
175997
184065
213627
258114
217369
186932
271125
161622
174123
178938
146994
272816
139302
160333
179618
227894
227511
176225
198929
168168
234859
241989
211336
173283
146508
250630
258211
235114
247164
237152
140180
190604
249509
202418
209568
189528
206727
140650
201196
270599
226667
194736
252821
201649
209944
180735
256209
150389
230163
269967
170694
246757
232638
251223
249633
271614
273873
160410
160121
252970
239526
182169
223230
171844
217675
192191
193718
182423
228221
240415
179448
162480
145250
199367
258515
257722
254639
267394
179608
255478
149326
216803
223718
150048
159552
153776
245714
173149
186758
172763
157023
251481
270223
145037
262757
227633
261321
200110
192813
215232
272629
235856
158099
138227
252462
198295
179971
228176
186504
264363
261757
164831
221411
208818
224379
198423
193270
146142
145503
220676
192862
228278
167235
217233
139193
221207
194320
153225
266834
260197
267779
193241
250236
179690
214654
144517
178495
165214
254811
167990
242735
199810
255199
262082
198597
139612
226883
184514
268930
152078
211329
204771
254713
173837
166879
254360
254962
218629
228637
206664
198617
187093
182439
138262
216441
225278
227300
169573
225036
227145
149334
197730
244267
272176
196907
210639
173047
152888
232650
226310
262538
192113
158301
202088
215528
172094
217074
250455
266303
264010
167399
167129
229655
141024
176588
267250
167548
205861
179422
254949
210478
237827
138196
268606
139997
160334
169833
174537
226430
189448
254286
232800
246849
182463
195315
273524
155362
138690
162400
268788
164579
218604
199441
232615
259786
183182
187208
146138
222125
200054
188716
173284
175248
176441
146206
253750
240029
208754
262476
187586
256547
231854
229871
183985
160025
271628
192459
259707
221602
225004
162445
148545
192701
259838
256638
267778
222076
147330
240739
258051
215313
205279
181799
177701
177614
261357
154756
167837
264490
271654
163533
273790
252206
176122
223466
252340
201308
207775
237800
258609
212408
210663
178653
151497
150090
182289
204084
247297
256263
207817
154852
260032
142912
200246
220295
182239
257209
165195
175401
150060
232145
229650
154632
225340
183300
205022
179845
150644
178370
193122
182931
138645
225245
223080
229998
168259
194292
156452
256526
240496
167743
248153
232480
273382
218595
264034
248814
176801
250438
178260
200396
203299
155575
169556
258094
233939
265785
271388
184908
166563
245308
163143
271442
259008
222093
227454
237095
199949
256521
239085
251995
241607
192218
202376
177013
190679
256218
175178
156411
198028
256990
223745
232993
173182
164730
149530
216704
180061
268399
140665
257787
234204
241401
209967
249917
169281
214367
183168
219152
175386
189022
271649
161109
163896
268712
168886
159639
156986
192256
160373
146795
240921
191771
190770
246994
259125
215975
154700
143359
158182
200903
247695
247645
255132
244890
185745
142240
199551
153381
172146
217878
219005
233852
167761
217819
273894
251162
193087
258988
185039
271054
233507
213564
172566
197502
218344
153940
180180
179257
160766
154534
212470
242262
232285
180845
194962
235522
255528
268140
208249
241611
242223
204624
194248
251600
224590
248631
225010
269478
208076
251651
242955
195590
241353
185699
238645
174145
247824
264973
174060
250382
144949
259273
222503
237556
189681
242803
171481
187056
164881
212455
191938
185575
164904
174881
257313
271018
247364
211790
258310
151763
228742
211335
207271
188162
229430
183364
140073
199861
235551
206211
270512
255447
138148
259595
182908
160161
190120
169085
160888
182195
188320
250829
202597
248706
251082
236248
192499
200209
165036
245917
213060
189953
214369
216681
233470
258008
239030
160977
151362
166537
269574
151294
225493
264361
217942
199384
269974
208725
165977
165778
249849
152404
171633
146714
254748
246146
269814
245105
241581
239163
173855
140274
206044
203513
208112
212190
268697
146606
251640
220153
168250
162990
144632
228304
270670
200207
266542
216656
211025
197621
180511
225733
146743
180282
175293
187849
157387
170498
173336
258921
165374
194862
190255
201536
187961
247760
156697
162138
244634
144654
251463
267850
193774
180204
196007
203943
236191
253313
150692
163978
171962
198075
170378
162849
252582
208167
212658
210127
139944
215674
191747
149637
165185
267674
246048
256596
251578
232538
178353
172180
229643
273176
245447
186700
138623
223892
157219
240273
176772
168592
232024
188838
272060
174267
249610
174777
167937
175884
248635
180789
264485
191447
271426
200923
150551
171231
227852
271976
148352
223524
195850
167119
146179
206489
231664
203968
231003
173843
232783
194760
199957
236798
232333
173382
272871
248563
193028
245054
223499
223424
151545
210348
248503
199513
211662
272374
223301
174010
200001
240341
219116
269436
151011
165087
209926
156911
265822
216675
165100
176492
156769
167473
211238
215100
274403
144040
140723
178155
189186
224559
211300
202144
204993
273917
207068
198051
183419
263631
255036
182031
233236
177759
232416
217379
166049
199444
262912
220609
216841
152779
196696
233618
214328
146869
162464
239016
227613
161280
147860
227159
182859
272168
214752
233077
216774
178141
205534
143666
168022
173147
146530
248318
200178
238013
245274
252016
252311
185726
190851
219051
265431
210408
270029
222278
246427
255673
208968
212365
249120
190723
263305
180793
180389
234862
141603
208976
171979
268032
164321
261553
218165
266661
175822
233076
191052
166452
169767
214922
234170
239663
265991
198126
214747
266035
208826
211243
161564
272269
266461
176953
245825
254013
183122
252725
245988
232502
271784
184970
156238
199562
229444
231093
152765
203306
207630
185053
225283
189499
238447
231137
205220
198150
258407
242776
161805
246796
198952
217144
178224
200517
227035
222651
223184
171087
242561
163791
267796
226472
224210
213395
206619
154862
221190
181450
198299
244864
235069
220258
169497
170296
262255
224434
151199
151869
208093
266251
261552
152800
271234
259808
155461
161288
145749
273795
202397
197391
210700
201702
151108
258337
175912
169582
223224
222356
217006
210317
257344
168888
191069
219910
156420
152470
204378
200490
263644
182755
250530
248004
188371
217926
177879
267936
165174
255069
264951
142080
182047
232516
201106
211609
151057
238990
157631
250271
217617
228825
258190
272251
273665
176329
167942
216462
253990
138738
190587
261492
152896
138237
191042
202092
210624
191869
208571
222938
166326
210683
191275
157744
153552
232197
168928
224624
154038
240594
152558
146667
268418
161256
239611
211131
201150
267957
232272
258260
223237
254242
231658
266467
203522
229813
148870
199183
194406
169260
253599
138732
200940
220973
241730
217909
192900
259421
150328
221135
229318
232608
228426
253871
221950
138879
172563
159467
182608
173436
238519
229944
181539
237546
186097
196779
141823
194211
245677
239614
196440
216705
149318
228203
154031
269920
214025
258866
258013
250223
156102
184545
265083
153572
156367
242377
218760
271498
140290
219789
208936
208473
202235
268946
213806
190734
230750
154692
148830
259939
165392
265262
246202
202834
185860
271149
161775
138489
140222
218239
151320
164384
197387
253151
203954
193990
183025
181636
246055
256220
271279
188417
143872
169760
173408
201280
174181
217000
264222
236137
143196
273420
175059
144203
221331
182615
266106
188502
191054
193204
271164
263935
251327
240908
240958
257553
210244
214678
245099
205466
165489
177594
250092
248412
163435
184064
226057
207865
158358
257216
227223
221032
144437
242111
203331
259556
140916
224315
264757
153858
225498
155286
250485
172355
176407
232768
251011
257612
272954
183133
205193
258215
138540
170153
169110
192558
273895
184767
184998
257687
164201
152712
259988
151855
179323
142340
232428
191490
253500
190892
271825
245808
245093
209427
177750
209802
233183
141792
140383
260029
185257
267187
218424
152006
194060
160347
168147
185321
216509
163834
200986
161465
154699
182796
221327
178640
187196
179669
226731
181851
216195
268193
243100
267811
155667
209753
164863
194571
205753
222443
214936
237418
253262
160619
192112
214326
227224
154641
181351
237401
202227
165511
188201
247008
209254
155342
143828
171528
150541
156767
255659
144281
168703
196948
238744
258354
205658
252657
162684
151046
224219
153105
169197
171369
260639
232486
240647
202979
205485
183201
193801
211134
214090
274062
231840
273656
182460
139089
157903
238693
148558
254203
217269
263614
211314
143797
166059
156333
264889
189818
231872
176537
239182
228998
212227
188750
216243
184375
145307
142254
217556
222569
226202
178171
159818
264231
198310
207100
148085
174936
158299
154585
191667
223684
264522
171205
257440
261856
264513
212787
267599
223218
219804
182554
234973
252010
214134
177022
160184
265201
274078
235971
204907
150395
155943
270564
195673
146406
251872
268021
205583
145601
271843
148667
270916
181750
232842
210428
193458
145670
232831
226936
197583
271554
145115
213550
194029
236448
256918
155919
211565
220232
262253
170489
234848
166897
257125
184150
155780
194780
145516
201854
143299
217059
256618
170837
217306
174866
207448
196549
171509
235513
217961
223939
168570
249853
179607
174048
191273
270021
260910
139834
163649
167278
193864
199177
222361
233367
181848
228065
240474
174316
142242
154277
259610
244334
243863
202086
256048
197191
211003
228040
273062
244588
201629
222561
164154
222798
239598
229014
252101
238876
242165
154431
141033
248699
216361
211921
196900
173592
218567
161307
273453
274228
221101
266918
194155
269653
270176
214061
213858
259719
261667
233531
206047
162201
235783
164870
226911
194547
183117
274269
164651
154794
189745
190990
146240
149831
171595
182941
271738
149483
253252
183734
221769
264448
240089
200630
201678
140497
244001
184793
258009
196205
239073
251627
192139
139177
269495
254965
246950
191083
257817
164471
187206
252580
248953
162184
274349
208665
267541
271189
157712
193426
258029
260009
199332
233299
250464
259389
141552
213893
140866
248518
196117
188444
236817
249343
254845
269634
235381
165061
149989
218613
207503
250061
271337
178657
224062
164125
220956
270745
185525
210596
215296
180957
197200
202206
251555
256427
180573
193901
183974
192378
204567
254864
170365
203844
157505
272177
148923
212472
245289
147016
172425
160672
201726
211634
241082
256265
210193
261376
154211
221970
255369
239995
201954
238837
260503
233117
239809
148296
168029
238834
270910
235197
192255
240402
235676
207825
218226
232286
192576
251201
270291
139900
144841
152944
205679
259971
185311
162734
174904
185863
227040
156357
154683
150394
224993
216077
180250
142349
189807
151883
263694
188322
160106
248802
230610
155350
240509
154322
235616
138251
181687
176488
252619
227086
155503
147655
243003
209161
256828
199660
186222
185037
228210
263132
215996
144643
237031
191483
170954
232602
246590
274218
258041
169697
271200
206609
270114
271175
250289
224830
156841
261372
190991
194021
149899
187268
239546
177367
187321
159027
163201
228931
232941
199498
217820
151337
243366
195856
218417
166050
138902
220431
167649
272264
265876
244486
192175
254610
179928
229204
234474
219931
224640
146359
198714
155170
232938
197688
252059
184512
211611
196954
253825
192203
239318
236380
225164
164195
151617
245422
264960
252493
210495
232885
187073
179705
140116
240577
160247
216801
171193
217502
172504
209656
185969
177349
268230
179540
153283
245924
161824
255617
236917
257174
141317
177426
272832
250224
247134
202924
185012
255377
227359
272650
148354
266943
178337
223824
232805
223229
239196
231143
211642
258348
188077
237061
195862
178842
237744
251802
220538
246836
247784
231802
141791
274404
231049
169593
195512
222610
217470
269840
243656
218704
251893
224424
252539
220300
216329
187865
250860
230806
183461
222684
258590
143946
251204
222196
256273
248443
260788
213231
182985
228661
199935
237057
196261
181146
223116
198626
204422
249904
218137
168738
190515
163342
157590
171275
175757
251189
267565
205558
252313
168105
235911
198605
234707
205120
168976
264483
220646
197836
212707
142595
163627
184321
163891
202406
212339
258167
238684
152760
226287
269984
214930
182041
227686
258341
221090
210334
271902
161264
154350
234626
231479
216093
168915
257493
142662
260931
244647
230244
235625
242904
168621
159861
146070
186762
143154
235373
195034
199802
193702
245921
224351
175511
166808
245843
142663
268283
229853
264804
190044
151655
200288
152738
199378
237125
185045
141426
151918
146637
207060
246188
257132
151937
174293
256864
185466
263427
149461
244516
148185
170488
189742
190942
183742
198738
186718
196416
181639
215946
222526
241596
169492
175180
182234
246997
245408
159220
232290
241978
205094
212251
221918
183220
196249
145899
236392
235700
228632
249362
253271
235703
141197
267933
271404
228287
150494
167585
141398
245167
184672
208827
207485
171774
173878
270172
182392
264000
163908
199070
236684
225669
150970
201456
163720
234776
162663
205516
201412
166951
196332
236470
141123
269340
142622
168353
155145
213741
235596
235558
270688
252796
140799
240522
138895
195419
259827
235735
151481
253062
188606
249394
138171
201561
229912
237437
239359
169736
146090
242840
244455
157828
150778
264543
204940
226743
250125
243943
204316
156030
179217
166225
250503
213155
207636
158587
143216
220456
138524
272881
189318
264840
256716
217454
207426
203944
194367
191000
231462
250327
244734
156190
249806
174694
148200
226867
231545
196703
173376
186930
198937
203503
211944
255354
182178
167400
185225
214177
157374
260266
199407
177713
260825
167832
206567
204930
237399
149718
204716
185348
238407
142721
273428
252565
170397
203806
213117
218026
271689
217308
220369
182527
265532
145767
144329
248302
141908
247870
141490
241538
208308
226391
210323
157961
154032
139534
163152
219739
192371
213975
243492
226533
158581
230430
237772
182431
232705
180638
147671
161227
189129
219384
198829
261826
222914
227156
217974
192979
235628
257224
271864
228216
258766
247257
218804
159918
230130
226066
233850
191277
202248
241288
204694
167745
202796
246136
242072
252914
191796
144958
166622
240569
156148
217382
227895
262855
145984
272824
169058
159611
168085
143837
139468
169946
259055
192083
210186
222890
186796
233603
218893
254685
190549
206942
173364
252334
226038
196073
240938
271651
205944
171775
223379
258795
192534
166459
255050
142629
202945
139087
216983
159747
248124
236483
143768
212665
239414
157576
273050
192888
198899
204882
173308
188957
228954
240338
193612
213400
254166
244489
269502
220463
245619
198497
138552
201350
217911
250624
161278
258558
260150
145993
159690
181989
138943
153717
228449
165916
225037
200282
242427
139627
159734
151698
263441
264136
246171
209389
217874
170431
201551
254665
138909
143955
270365
244819
202655
248334
231689
222884
211623
184189
255171
228195
222869
198230
201564
249039
179471
220986
186756
147338
139827
145508
260027
214033
139697
272986
170605
164588
148229
239397
190122
209100
141840
141934
169066
273465
210779
179654
193525
189485
178892
196718
232739
183781
230714
235589
242638
217873
248925
247539
172476
210794
270206
266519
149969
184122
262650
203935
178223
155886
227144
192636
177702
255155
184181
222629
197077
240764
172487
159077
195279
232077
194477
249839
168155
159766
161623
238489
158918
233202
189551
172894
216680
250087
225370
184987
143558
187683
255818
147125
186281
162520
176387
166798
140782
227170
238293
244063
188145
223183
178173
236682
222352
216622
228003
167224
180998
171141
244247
164882
268638
270726
145238
188626
146939
250210
257361
225901
219510
265751
250138
177497
219409
143449
165945
261629
201181
157754
209608
237760
173287
197196
242687
258565
240873
259677
210217
223220
185548
168500
207290
270925
189283
163708
152271
229372
148478
271275
216701
173305
154416
208581
274410
176305
272352
263295
198314
248682
211530
187776
267837
255977
219363
220190
158770
167033
197498
202788
261811
179756
204235
254474
192657
217295
195619
164910
231473
224618
202474
230328
165115
184956
162492
260857
163294
185318
195409
271639
214404
264786
148803
218986
156183
231127
140149
243493
226039
155026
213405
262503
199981
236218
259167
177862
206847
146375
186616
216798
168417
203390
148472
244958
145052
258566
250384
155105
187500
192915
145998
175351
252958
181508
140211
190507
138269
245036
215121
199687
249553
158893
158415
238034
178849
226850
175841
153434
168144
250944
151512
145048
145384
254515
222232
230701
228326
163681
249283
196883
170353
171506
254054
249566
221244
195839
177792
140447
192319
242987
187489
234195
205592
202074
197647
140621
211383
157597
177600
211374
267413
206288
199888
219269
181026
265251
177195
201009
223004
260492
195779
246507
140124
251533
180372
184481
182616
270397
241812
152958
206424
175943
264180
163566
205785
172713
180085
237327
244089
228049
236101
212387
219863
257278
262421
173135
259519
243375
251030
175796
186610
143047
187924
155445
150793
176695
209219
252729
176542
143306
139244
152222
190214
222045
173395
244281
229346
172051
225706
228518
145519
167015
219729
235218
149808
143772
161753
202134
232887
244610
167346
226942
237245
257315
188562
211373
141117
189311
205626
194530
168699
221117
245255
226585
271981
223129
243502
143690
232203
200027
210855
214612
149269
224744
147472
199840
157293
168037
212500
187976
152432
253395
262672
156942
200899
211743
177619
194799
198072
138655
157920
228284
142982
224148
257980
158630
246116
257431
209362
212405
180240
153519
176732
183808
149024
176606
184143
229337
150615
183302
271769
177352
246731
144179
243365
211866
217696
226914
235006
262174
180892
198359
212811
153352
150169
181184
253701
183964
270179
262038
245888
189127
187458
191989
188685
155049
180287
138318
205058
270191
221723
157201
201221
212615
203496
180773
236540
268917
228379
233404
266399
239521
250794
148772
257230
154808
160000
187265
235254
160959
172417
162366
155633
139255
158666
201324
252864
258328
249532
200716
257222
177148
201703
234606
139913
177155
223468
210635
160679
178968
225533
239671
270771
252652
196057
178228
165163
224858
262692
169605
234363
200410
199809
213013
167165
194143
264812
233716
268181
209703
155146
142877
154644
245481
225831
242933
221052
250804
270357
156134
219547
166976
184056
182680
224364
161497
268628
206225
182793
227505
209722
167378
206774
147239
236459
153074
153672
144954
173965
220811
170401
174661
238331
154674
213810
269739
231232
202675
264061
238949
170648
145047
153348
216602
265098
236274
146902
235103
178387
243057
179830
227950
246587
230896
237662
139437
207639
159856
144430
210211
223975
160601
147675
176323
148632
237982
231599
196165
249178
223101
238150
222009
267102
193559
210674
238246
177563
161281
247611
254640
228856
205663
138834
260876
143367
208217
222149
194002
186376
195812
183951
208452
178127
232888
173870
156404
263678
149802
250615
197620
176123
199213
160688
261078
218603
221126
142094
160556
228949
205328
244332
236082
229518
218432
163644
177691
265194
189903
273126
269009
187204
227524
144330
162597
219111
194871
205973
173606
242414
175830
208653
164347
169778
150746
185434
165602
194503
217215
185157
188761
157780
232690
168299
236967
174818
225061
168449
164755
178414
244381
212506
270015
200344
150848
264592
260002
258124
182151
186320
185364
226179
175991
207625
161415
178343
203058
272526
150256
227840
274304
192757
258308
221367
240069
233342
171521
213862
244149
190466
222425
145937
143758
267801
209216
190472
173990
189273
173343
189621
224567
244117
157088
162594
160516
227938
269890
240438
250107
155159
146728
171169
194410
158549
272640
153571
226152
240630
251135
253826
251670
171734
266659
252295
233601
239119
181892
265676
214702
177665
191274
252597
261375
155045
184255
169224
245837
200901
178046
208895
217948
234149
152915
258449
267254
268288
173642
205360
223238
150694
152031
177466
204511
178145
237646
167857
174877
166807
264349
185442
184555
262000
142735
257288
164148
203583
165444
187312
199872
230808
176222
183504
138226
243548
155489
141496
179430
167976
259249
209950
139186
230050
206679
195154
262471
163273
242029
257682
265494
241161
208224
170569
251729
253632
155263
272414
166422
154550
155913
268873
220889
215061
235948
221771
206467
246995
259208
206849
203088
222584
157956
207819
160824
195274
244018
225423
236878
226353
145123
239227
248851
145154
201063
182764
266112
196260
189973
203185
206816
149559
231919
200617
176233
225134
227983
213149
195731
168656
238500
198651
145311
242284
185133
223197
258201
215412
187341
144335
264403
184226
171655
152160
273755
248911
164272
199830
251418
159742
154967
228495
202525
218341
182243
264924
183215
264102
214667
219802
215714
255550
226387
215415
193454
199937
238541
160346
218426
212696
193345
183129
153482
257231
199087
152520
210813
196977
154997
201504
211283
257881
221483
237260
219831
145350
222747
261342
216326
228109
239291
213525
237461
144486
264209
214541
139604
197526
147281
248457
160381
228237
267968
187020
214957
176362
259130
221616
264997
245153
230235
262451
141913
238872
197294
217827
248159
224687
253137
227976
165918
261290
256135
251755
259763
145266
198649
146461
153490
215515
161505
258178
207913
167409
160691
239506
271728
168093
224987
188921
256654
266976
268359
181628
237244
190932
145537
221174
148133
216874
194535
267010
163016
206402
220389
211372
232858
178650
244160
163904
264444
249517
160105
257748
181972
271000
183495
254911
223455
201265
245161
262683
225394
142257
206413
174356
260883
213445
188285
152125
160279
181638
168052
223621
150531
238606
198567
157363
262922
146391
216057
217770
182149
207934
272412
167827
215558
159727
254711
153989
234844
264016
235795
268623
160506
171814
268901
274330
142734
273961
208135
253574
272743
229816
236598
151014
177904
177697
234225
237368
200436
244378
147898
249481
173644
248471
184344
197325
178801
210966
260374
221768
235611
147007
234621
199323
161519
229168
193569
177039
198195
158501
246077
163124
177407
155642
239017
255419
247836
214959
207365
263739
171860
184393
178835
217159
183148
144709
175253
249951
212453
243794
273793
141930
194230
171197
177292
237229
262385
185251
242612
202678
228404
261992
259501
172747
214410
169866
201197
238086
143674
221401
188768
265725
225197
255832
151537
218038
157635
165346
228246
199312
241972
158258
169067
250482
210368
171378
145136
158098
145313
193998
156627
259191
140161
221170
192542
149192
178878
199263
151516
253071
260693
155289
268541
150874
176519
214296
267328
269099
195373
229211
181041
139496
251584
220594
225912
139015
175863
198472
198546
274131
180314
249050
149959
240010
149962
159589
253899
153803
232773
181111
146077
179112
167455
179809
245075
153367
154999
213006
256146
195573
209119
236425
264154
213851
219582
140956
238136
168312
206924
219917
142644
168814
254812
202343
197222
165079
241442
170969
237295
171977
221024
244293
226750
192553
172292
158435
169311
229822
193399
141304
210288
198520
159503
233972
217816
162693
148008
188203
166180
159977
267196
231633
195966
238467
241568
188514
234835
210815
164505
174709
214935
142416
194268
204583
176047
270053
256355
189466
265192
241059
219481
223910
267977
254231
161730
228627
187377
238937
263035
263579
231821
197733
272063
172977
159606
270306
187115
200081
186892
266796
177150
163045
265756
247821
138459
259753
171386
160022
128137
256109
242766
190306
250449
152624
229830
258955
204911
259829
259383
207815
144651
202814
169178
183135
142703
142979
145651
237187
181958
266981
264391
218431
188428
226844
195938
224264
261623
223708
155969
232761
155982
170738
176831
216510
195975
272861
238733
241790
199413
143239
253023
206100
239997
256337
234141
179588
184737
184250
208394
245762
244255
187101
173783
216407
246040
157268
157456
259447
195885
168427
190115
204075
227332
242326
236869
263460
268074
143997
267031
175876
141059
223185
164495
140461
186200
153882
248640
244294
216321
141705
263186
150375
184243
213879
210745
260230
191258
211571
233886
257755
215892
169635
244306
143092
245635
243269
152585
238689
267247
150791
251231
236492
263021
142973
232536
219823
233311
264277
149489
271308
151989
215492
202100
216753
224303
197164
210364
161940
194124
144387
227702
242609
263285
143726
268255
230933
209771
245030
207975
179696
247245
143784
257187
163098
232436
266823
155118
215256
189673
271469
230343
181089
223175
180640
158763
223578
246608
195565
189310
250924
158713
172407
210667
159012
257735
270363
271045
142931
192037
152266
149049
196000
216807
206604
155056
210559
190636
258526
195262
217822
235934
243890
223861
156820
187295
177010
271290
236543
173485
231787
163445
174912
151083
165364
224114
209756
144624
153515
169362
171578
156517
259075
237885
255731
150447
200177
144062
269578
212969
164736
223300
166564
228043
166328
204238
142343
143296
163312
255151
173600
179587
251672
269518
249540
236201
209465
207918
244994
226223
200507
173072
257028
264121
158175
265817
224476
184419
178132
162177
171289
175616
221504
178816
246699
206083
205675
225121
234536
225536
159401
194753
187613
213300
166239
203332
271127
214027
178675
270351
151498
242374
192068
255403
230167
160133
213409
251199
145207
270439
151871
143056
144094
264478
185035
263107
228346
220934
176417
202242
227163
244439
193464
218860
213233
185170
151534
203251
160578
232769
163257
264646
148040
199383
217337
173241
168245
196347
210171
224173
269088
182799
209837
222962
163280
240576
231305
259117
220500
187392
156281
155598
215697
193680
271527
152182
140214
251944
271618
140745
247050
214899
234013
271780
209993
205971
157522
145045
246717
177907
252779
163930
228773
259741
194856
272403
159465
225478
244422
163041
195766
145467
148061
261439
242773
207651
196852
238801
146545
182805
141742
152331
241204
185888
151755
207456
204581
170951
261053
150909
224592
196032
198708
253666
245074
143107
215500
215069
169699
155628
245376
154501
217785
182712
204523
180018
189834
214552
184085
168415
174271
245073
143026
176730
163729
271010
251217
208705
145840
231287
155276
183163
152806
210597
196677
141434
186800
265872
224894
189833
217002
267688
177384
237150
168079
170976
168680
143956
194249
259062
163608
154009
144151
165425
230208
156065
183660
222358
225248
252699
154975
144314
156138
230228
159705
266882
242132
243449
171322
217898
231174
247734
195848
215724
149634
270493
247972
237374
165088
243048
139839
252988
161489
251220
252245
157314
173301
190473
148400
191389
265885
264688
222197
245698
156355
191056
261975
237670
209006
155544
153856
170023
181542
215226
193077
207069
204532
188336
244592
232113
243360
151849
140976
264081
143019
263430
193409
139445
185523
191721
228399
165269
243089
139980
175430
145275
265969
240781
197348
210709
175745
157047
222346
219162
246217
262714
187988
207978
140808
245839
236051
210608
168833
267967
168349
163272
237398
260345
248088
185989
200491
175346
234945
256275
252429
196550
186612
140265
168336
178710
185849
273103
264405
175945
256001
151080
264226
213259
163838
252303
241416
150168
138649
235977
182082
209686
208457
208832
191782
246460
261966
216674
143881
266588
260483
257479
158920
209949
204148
184689
168350
186919
221161
226985
241414
168384
173774
163091
181331
227206
239209
208408
239877
251190
257223
183958
141733
244659
265159
234744
226016
241241
176153
236175
169500
173710
239615
188723
193069
176717
190906
273734
144653
191662
217311
195742
216264
213602
142106
169169
260737
253282
267238
213075
130585
202187
141209
198713
159042
213843
189831
196190
151241
248254
146547
145013
205584
226428
188024
243516
195713
195295
205651
146862
150144
257077
177789
271277
180807
253513
219411
203939
210189
177042
207051
196131
237429
153181
268112
210132
155829
167662
256228
143069
219415
272055
179146
224438
258492
182461
204536
262864
206389
183952
171074
177604
184279
224201
177583
254059
267161
269785
239400
229997
238153
261795
237687
152669
236727
268364
226067
165840
168393
188211
165612
272371
139424
266523
240977
223656
212498
194657
241239
214479
223326
188784
185952
267094
272220
148279
140759
152858
139324
225735
149448
215737
221062
188903
158691
191317
270956
167797
214179
251181
139119
153496
138161
251547
230704
205767
229148
165090
151721
269374
144842
267866
177994
154047
257142
182643
139813
271186
217607
258318
163144
243783
205471
270494
230539
245166
172460
176751
139452
260670
161605
217416
178751
146227
186135
175678
272211
197160
161698
142803
169446
182594
168094
186227
269965
273749
208861
256308
181366
241436
186289
252034
241847
139453
222497
167083
198903
273721
259033
266291
199921
141929
191371
266890
202686
251964
234080
147265
180227
245902
226892
192589
238060
232393
222048
266780
234463
175226
146401
170811
185302
273481
255376
186271
258509
169820
237258
200296
178830
149157
214824
240461
242502
235146
263290
189033
217573
220291
142516
193049
162593
178740
233418
181705
216655
254425
148498
181657
141745
184125
198584
253268
274326
224957
267476
175654
165405
175107
264247
188593
250961
231264
140379
197111
197586
174001
227707
154079
216861
155197
245150
262008
157661
268512
200343
148580
268773
224967
174696
211613
196257
139020
161608
216356
173484
221412
257564
220549
273694
171647
206687
213836
196327
182395
163338
165279
256541
228937
161594
241150
272005
197012
188968
195921
140329
205281
166766
248972
239522
175353
221444
166833
210160
184663
243146
246149
265018
207166
258351
180546
240856
266508
152289
151521
259709
222768
215326
213201
141254
262410
154525
167717
191979
217939
157419
231949
251284
174098
180151
211307
160298
270789
201083
266079
143217
167873
219221
250483
230637
204533
243247
180414
228906
256479
224220
177162
237967
242579
176432
206749
269524
244256
234242
172344
150452
237207
219261
259207
156760
159490
264240
143481
180775
272235
257246
232232
270699
173391
157953
185159
271070
139912
150068
228499
224693
255096
169867
238631
240996
233261
247162
202457
252147
168682
272282
209385
245890
185710
256235
193187
206017
266406
173276
179301
244936
150211
165643
263452
266988
252219
164500
139641
148654
247806
181883
185570
265551
250966
259174
191450
186998
225860
258635
233913
210701
185511
268672
248775
259095
162331
198361
248213
196379
226573
217281
188657
174089
265590
162169
224446
177447
201481
212174
185096
209728
198276
235180
269180
158850
162005
204927
233954
153567
251182
265184
169040
172703
262536
179413
255317
175349
267431
179815
251530
217361
248065
250453
173036
186119
274054
206365
191855
207384
264838
217743
202430
200672
145683
255835
246804
273553
234972
145558
184058
189922
236496
187769
171042
197421
267121
213693
174263
263169
164343
182856
244807
192885
157467
246547
199491
194237
219048
182480
166476
216930
252339
238328
144929
207391
220864
253300
166571
185277
227673
184357
219343
221686
238473
147745
219786
154708
138116
210296
266264
185232
265388
209043
171176
256343
177008
248642
272472
259640
181715
184591
138217
237999
173943
237038
244978
255329
243538
248009
138403
141670
139626
231971
205194
203187
147326
247452
177123
255288
160242
247541
204453
153999
236854
151458
243280
214999
192184
142533
168420
175713
223052
176032
177833
263720
144117
184750
168716
216816
164127
188152
223399
216694
179876
220327
205191
185727
207102
267919
159875
168709
214277
225185
188647
146880
212882
229600
155685
222745
218286
199599
220530
250002
188636
241125
210415
233862
270759
248145
179863
182641
149726
157034
166100
258404
235138
187698
146664
158787
237526
171099
261421
221079
265000
215301
190248
246366
255074
153849
160600
238999
227383
172858
202585
188678
161458
151004
224991
209803
165852
170216
269789
167350
225926
261438
214800
161422
198711
187200
156442
163867
248127
212682
258149
253511
229447
260334
269764
144166
259316
153914
255100
182590
139746
232033
272348
174461
227544
220441
154029
227494
228415
240111
186617
140544
240885
172235
256720
143835
213621
248737
250731
180341
247284
205649
239442
172515
271001
242892
231938
147354
158283
196003
254651
193656
128344
144920
240785
199873
140527
199214
159172
173468
256247
189733
155329
220767
199273
241060
250660
223772
189117
145015
208329
192309
272183
246955
233553
268311
211711
153178
178432
177967
197407
213392
164371
252142
163163
214427
205242
226475
268600
250392
168088
177823
222286
152259
231994
140482
263509
148004
243738
151148
168560
183520
159420
144678
150856
270174
150480
243942
154422
158474
199750
162229
197138
155260
182259
138188
143862
231772
247511
187836
209193
243383
216256
146103
242043
194112
262459
225464
220293
191917
261551
178639
224941
196574
219282
260490
252020
269484
154349
261117
235903
249387
215570
208048
167916
166910
196985
139663
164079
189837
166889
193744
258623
199058
153228
269638
168208
193306
164748
245571
165604
184034
147731
223977
161241
261295
172374
254319
154757
261023
186648
252187
184359
186907
209811
216422
211445
142368
172926
148464
147037
196915
273429
221067
226195
157706
202323
251155
174886
272070
272448
266212
252757
241933
168763
187514
157240
197082
219237
239733
174799
201640
190324
208368
174892
163139
236035
144966
187787
172278
233154
189041
212684
143974
260058
172806
266506
175259
140564
249521
193649
196124
230054
199616
273842
147998
221044
184287
193462
174335
249992
266427
154845
169054
260425
269032
259233
198502
167904
184032
194013
241210
242539
170964
220211
141326
173832
184110
210680
168408
141283
217967
199434
150501
182250
148032
161964
172000
273156
206535
163692
219161
168096
146819
171118
242276
230254
254405
154493
238113
173514
154498
204869
265015
219088
153675
206999
248276
225473
158432
264235
263833
221485
177632
228418
246429
178603
260816
260124
241194
256120
255170
208180
264508
259247
190581
147833
156507
237488
168196
241949
270454
260539
243387
164974
174065
145151
210679
182988
200248
166908
242105
147818
221612
228848
222956
242589
188726
216375
250578
227017
263832
139026
243795
156893
186790
153598
191887
191626
264109
215147
260142
256880
193385
152445
168614
193012
155214
251545
160185
218466
186444
272904
222059
149444
175774
225078
176259
265744
218622
252153
268616
203607
255172
188540
210507
269209
173761
262345
223017
254895
174504
195927
147849
187808
170404
241406
192490
165352
199287
183339
140917
219062
269752
231359
187262
246722
242086
157348
175510
192496
244133
216677
177395
265179
218174
264131
210234
155809
235544
234607
195383
168988
257311
146736
194382
270381
163421
187451
163624
243388
204872
169098
207470
219982
155446
157313
241226
153020
269922
236449
178213
211860
249289
151801
182153
164322
272612
171092
175117
172297
268153
221405
194718
194800
236552
203465
269473
240821
223514
165305
221698
214202
184451
143111
164427
216426
167840
195270
186858
147784
220141
180190
219023
208935
226710
167760
166293
200674
262304
230540
247201
242744
237363
251624
143201
141613
141821
237086
174909
242320
180168
266881
186878
239300
237703
169532
147395
172455
176034
254237
149852
160624
158748
232446
254519
266848
172311
152441
207946
210932
202411
256806
138530
187953
267918
182735
158400
245477
229248
189394
247224
256180
213936
215241
204655
224140
203484
164405
217211
266647
216702
216196
178905
222520
156552
202099
232186
143970
215680
192396
249495
226871
245967
159954
207538
162617
138433
218217
201098
139990
209048
173418
234923
258438
214724
173818
209912
248757
248007
189951
209263
243850
145546
183287
263510
164957
164815
214198
181190
164171
172331
273888
233689
205646
187893
199282
250222
211111
237868
168587
170416
159979
166256
144565
221513
245556
173448
219796
242430
241061
220178
246735
208954
227210
187156
203700
224294
197643
272728
172117
192471
194540
148927
213574
209421
170485
248092
156356
220747
253305
219277
264044
247564
181569
225682
249674
248076
166259
191165
158165
260854
185739
219526
143292
154790
246311
172987
234737
223020
237259
220565
166352
270140
140491
177568
265378
147238
270882
172358
231426
184511
245862
140712
169719
213310
192635
187373
253844
207047
141661
272600
200100
214629
212261
155027
144810
193392
195352
223629
187409
231563
210652
214082
195184
253256
233232
205221
162458
197203
266377
204126
249251
229714
173193
171363
175229
182385
148499
172556
199561
139959
256878
230396
205683
185142
233177
187973
260696
192245
238208
186708
223463
153291
237222
185607
199445
194744
140832
202018
167229
166090
179557
234997
197665
258725
142098
231587
158657
187687
263037
221645
207243
190314
219208
193081
246161
161226
240252
187601
190148
158451
182397
143644
216538
250753
196905
232074
197686
161635
152241
234967
150732
186869
160989
205452
199051
266720
247883
187895
195521
225730
207936
213899
268087
236993
215362
269242
268679
197428
153170
237173
226554
232043
157517
269603
158084
259652
173051
191652
223820
204108
235107
196896
264853
213142
192786
227179
207692
161176
214770
257455
190474
221403
248961
212368
218799
178063
165805
197108
183410
214216
206779
265114
217549
185233
228731
158583
203584
188712
257776
265670
251569
183193
203229
197026
146954
256565
249009
247845
259137
253622
247992
194415
155918
175610
229098
177565
150097
167074
230247
245029
240477
180547
204117
231901
151455
218650
265873
268114
177660
175165
229999
217250
212194
209155
201621
143281
216740
181053
166746
266476
195706
165887
188740
218089
160500
181889
243166
250971
202812
173463
184005
207122
203213
235257
228789
217863
190312
146031
241398
153171
270041
175622
251102
269010
150517
176254
158837
166143
217094
199339
231874
204405
265739
201526
179988
139307
197629
175337
150228
245623
157394
244445
194067
220895
256608
273954
270681
242015
208159
194516
228830
204000
229404
238888
210774
230037
141416
184961
237106
164225
239039
162981
213772
141565
188781
246774
234740
146054
217052
206537
172620
239898
195881
243765
213470
187770
219684
253724
168817
161967
211777
227155
213056
172426
196204
173524
172743
197856
253776
160846
162985
256302
253376
144516
222060
147702
199531
151790
247081
247320
139467
194442
223084
238263
154888
231156
145723
165820
170237
211847
183705
253757
270094
170145
263508
224361
203590
232085
158241
232593
234741
167457
182253
229483
251307
230522
219379
264982
183021
228430
214354
140268
228553
175836
234756
201341
238986
178118
167941
144593
226736
148114
196341
272244
214713
217805
183639
152634
241946
268640
211126
243727
191937
162758
230786
209429
268256
265731
164109
206038
258353
151563
266281
206647
221119
260433
163462
268599
263253
176503
174880
218399
159097
232880
225174
249478
143761
183493
221239
159080
236613
271650
143180
215158
142500
191994
150498
183906
231516
223727
219121
151503
221493
170804
192324
253322
254300
148024
213993
211028
216941
236603
164230
166725
186396
190793
168450
262635
258942
194777
211220
269275
271615
156436
150378
179678
148505
159166
206256
260106
233802
167787
257927
188148
254338
159640
184657
234906
249736
172601
148160
147322
264539
241620
211740
138974
261475
207721
181560
264768
186633
149737
199560
256292
172509
235840
146787
164516
190193
166519
158200
207977
228469
199130
211376
202557
160126
226948
218717
142458
209002
244052
151427
221031
233599
233118
256212
269375
201048
176582
144548
242996
243135
233717
205124
272465
158683
218288
218131
188778
252661
261202
212627
230260
257657
167279
229173
176917
149797
154566
228061
207726
147603
236495
191032
217643
237591
143271
223068
146854
152126
251830
139207
245439
138556
160678
165202
159738
157991
188941
255420
152296
227716
161625
181563
166332
140271
187916
210020
164984
202673
208876
243334
246206
264346
245235
172253
249621
212235
150990
226290
202637
173729
231638
147108
228341
242100
253441
271677
237581
206508
252645
261447
264244
209049
248120
183957
141318
267391
175219
210081
177603
138771
258463
244515
194188
215529
265573
147572
223503
213699
253190
151990
233541
166922
198484
264073
217742
142863
236518
246546
171855
195058
147560
251855
168613
218103
183294
229331
263900
173332
263880
271761
168737
271163
178397
254980
186643
188984
140088
224824
248962
268874
187461
191088
187663
243455
247173
273282
175551
214267
173650
182247
145034
154982
258346
272216
140713
169495
194772
242033
181878
190597
244963
176612
199148
148579
227387
260821
152395
201765
263491
202362
175479
182595
228862
151589
184424
170253
149314
189998
185441
222282
175060
241105
238227
172730
190601
198121
176096
210771
182357
254982
240429
258233
254591
155529
158382
149307
254866
200463
153756
141906
270805
148367
227882
240503
141018
205186
188574
239089
152484
192275
153929
189545
269299
229374
216573
248653
199775
222530
260653
255740
268222
185030
183348
140530
140070
152102
160941
161354
234061
216943
210339
147120
157659
153383
178327
148931
189956
230375
145817
178788
162003
179827
228717
194754
243874
222293
260279
244510
256472
145204
249886
223435
149552
249570
260839
224671
215208
175342
209174
171902
175831
180669
161274
248430
189688
266549
204508
264318
257016
196924
257460
209367
206748
193964
219619
206792
237656
243346
229120
192094
246469
264891
209241
241597
252840
265964
260964
229558
146482
255455
222040
209483
168678
218481
215040
169796
186065
160422
182532
154184
159078
273690
215413
264691
219436
157867
242525
221171
146624
209471
231501
230242
180157
228310
205771
145295
170589
269021
246461
241328
217092
176009
257057
267049
173424
224392
256652
239045
186927
180615
171634
172575
166310
205205
139014
190493
268073
184510
223670
251701
194484
253553
150278
200660
245159
246552
197907
235041
222115
195174
220497
225408
182619
153126
220384
205912
169004
255922
220378
257161
238800
214967
219561
143205
194920
265757
164747
157400
236410
224859
264165
179296
167368
202382
178114
221114
269158
224985
262928
193806
155966
273712
162918
181519
167035
171134
152822
210579
176969
203929
249152
155657
267302
204091
183754
250407
176472
154882
151800
210987
273190
207981
162234
180309
269112
255943
175668
154392
199985
204284
209146
235661
259276
273713
179509
250386
181969
260268
209982
274319
230392
222625
248015
212582
219095
231454
178120
260622
212612
244027
202453
155179
170565
203884
194573
197748
174789
169167
267645
239097
160387
243885
184362
174992
265219
183611
211898
259806
243705
152825
198256
240227
267613
215861
168563
217185
240836
153226
266457
179615
238430
173225
199944
178294
182943
201003
244167
234286
139573
182660
218474
198969
141948
249088
262125
178334
244051
185353
263164
218508
259461
175485
248721
248536
249429
197262
173964
216432
245241
249358
203839
161212
221614
256368
252497
212535
231956
211504
204616
174710
186363
180053
148237
145236
240606
270389
187216
183814
262513
209785
180317
138646
161531
181967
269823
244747
225694
258738
221154
142428
163873
155794
178984
262902
178108
215076
178799
243997
231447
242490
138883
248202
244340
144615
182698
208049
260386
148324
218964
180392
171397
175529
147022
241291
262949
248366
256043
167040
255093
194203
172939
162115
141280
158203
182373
202958
206699
161234
247389
191489
174143
163415
179351
266505
259800
164080
202011
148390
269830
243823
202061
200374
172872
170927
263876
230578
219558
211071
174957
263237
140111
184198
257563
262766
177278
211426
187844
253854
241659
218768
190206
250788
217186
260036
151286
238565
231157
222960
194866
154655
171935
201316
178554
197480
195994
184178
186654
176548
243914
251369
174870
148384
255365
151217
236453
166974
227335
259144
242068
168198
185393
143991
207530
208305
178214
196141
262585
218257
245343
261292
194301
254509
224560
248991
154045
165111
195455
165348
252424
244264
160919
268882
152847
233312
193355
164883
205859
198057
150032
206921
145886
148485
224316
266821
250808
155009
149955
146721
243623
147766
240611
226900
173298
162232
177855
227597
260797
181712
181590
257832
232959
243422
206062
190526
157396
163854
211592
179739
207909
178135
213528
169329
259917
267278
212638
148759
160964
187450
191913
165143
147131
249815
232176
200761
231931
192728
268109
247728
179097
178184
234812
218657
206324
252938
230674
243636
169703
167860
205951
225224
164169
156693
168559
231540
191736
251143
213666
235917
142551
201285
255128
243728
185140
233412
140348
250213
267188
208040
255046
155351
221615
210947
168307
250215
227123
181584
208193
145260
155883
158981
204515
212836
162756
149672
231209
240788
196186
192466
260494
241253
232510
212110
214197
185654
263861
244755
192097
261855
170524
190738
261744
264789
235388
205137
157569
229673
241763
172372
166794
175521
155847
176149
220033
265128
207648
175613
221441
268819
197587
149315
170210
146723
168829
242581
214684
257625
188165
234431
224930
229232
166940
204837
183949
188622
274195
167135
159131
228790
178651
190157
188343
273491
173657
168323
192278
188366
180162
150523
272589
156199
238991
221601
172138
213739
253529
243976
138673
217516
159446
174493
235868
265457
160850
271094
154908
181554
249717
146220
213280
262587
138204
166402
235177
231570
141953
273451
261979
178631
167910
216071
205932
199431
250525
168395
166365
173422
228060
174213
251402
210968
252240
262002
242478
178283
199559
158505
196038
224180
177724
151649
224318
162671
142372
271414
213890
198000
259920
204539
183552
207380
152122
144904
268994
161289
146951
161615
266745
197704
239022
235672
189121
270295
163815
201710
213170
246656
158223
224077
211884
241687
154645
187982
240943
173703
265997
163319
254102
197162
189042
229137
258255
216577
238099
253495
273129
164156
138525
153815
149089
273716
220328
158308
248502
193148
203772
183802
199325
249653
193197
200864
180976
196283
173374
242882
163208
217394
174959
271644
206803
244991
186846
179045
237434
142570
182288
153500
217797
139238
196491
171619
217162
243666
193948
145040
179958
261704
169135
195554
246583
235395
258166
205317
197798
261765
240188
153492
234249
242757
190045
232966
191705
247014
204078
208700
228280
208286
156950
148661
270750
264331
204862
160062
210251
165308
158750
253437
140850
197319
144243
206415
228697
231504
174721
201521
193494
211853
270770
196880
160086
263047
201985
240381
190652
158155
227906
229286
143747
188710
233050
144708
240447
160988
147875
162354
191361
183792
146338
228904
153398
267063
186618
172776
187905
240335
251585
188290
234994
143538
255122
192177
172700
202545
205336
225069
166575
149620
161022
216415
220034
192457
230953
183455
258920
139174
220666
183356
252837
199912
160829
265851
207804
150099
189184
142366
259717
138686
218543
264579
246539
261837
239076
240985
158721
138144
209280
219609
144483
215885
139268
270831
180222
257624
174139
224828
162710
266791
194833
186086
225137
183484
205296
263844
205953
251075
182148
210588
274308
270677
228648
184484
156590
169621
224002
238108
169420
211505
182381
268301
146458
262758
180068
241834
208436
202440
263838
174677
251763
242974
184827
195660
262337
229630
259716
231958
162294
261927
256714
273958
234246
215925
169021
196931
141683
218730
267606
250394
165388
228843
222002
220023
224520
240728
268666
254391
149952
198942
154945
251420
242271
203980
237496
197304
243969
193285
232819
190151
184408
190028
262113
229542
253764
174899
196084
209781
175549
206636
270342
183822
196432
184897
189569
179048
205774
207959
203267
183018
206778
179483
156582
206366
215803
226412
257944
245301
197489
191602
252601
182770
152636
261625
184642
242496
204786
262063
250998
194072
213966
259896
160704
149824
229902
169730
243201
200327
268749
244061
246705
248748
191620
243182
228142
201159
264133
212183
232327
191143
177242
140255
252527
270580
138200
273618
235670
139062
168908
213387
147834
211728
178054
248940
192873
196590
174071
250616
235147
202845
203031
156205
242378
169989
165835
159691
184490
200591
236287
170207
236225
194749
170465
266136
216007
243273
180233
254412
154221
223480
255708
193320
160494
200028
145525
209302
262687
253943
264684
158841
252802
155237
182776
168090
233220
272947
231438
242603
160100
190449
265102
256443
226581
172961
253191
153112
172393
178895
268790
171550
206729
190632
226902
223339
189799
187837
167740
155900
212974
187922
169360
189575
190706
192755
197121
205099
162857
219129
265444
207169
193135
193522
153521
233167
205370
149438
198609
145018
142484
149077
272807
237752
185447
244658
155990
237097
165975
165419
263155
180264
259435
146006
241617
168357
151397
171588
227537
224408
199309
268593
161989
219497
205930
182415
227247
256118
205606
173268
269413
169055
228694
253567
141021
267134
161659
219665
194075
144395
148069
240168
151669
176901
238691
231002
205570
232239
175875
153753
199289
227732
139171
213529
266026
173813
142499
177990
248660
237521
172896
200743
187043
185895
161661
141016
274097
192967
227388
264746
198787
140757
210836
175577
249266
198745
159016
168398
235678
169328
228974
158033
140803
181087
145695
229583
230144
241129
155550
139630
209430
205163
150965
155521
250797
163986
261510
202222
201327
179292
247176
204220
265760
206948
171624
151302
170304
203346
180014
139962
237638
232973
206133
255981
203615
189666
194968
176192
271397
213713
221476
170420
233143
267518
157294
203443
196593
178240
224371
162929
224718
142805
248968
165391
265859
252798
198577
257777
199844
160522
191404
272858
225550
238482
148933
221384
147591
179092
184777
270396
207944
176353
239217
155381
187259
226884
166760
268935
210226
177785
141658
141160
226123
140106
250184
210995
217672
168110
191655
271734
213029
242667
241769
149187
165067
148043
228461
204366
244915
229678
231315
141340
164245
151678
226700
185461
168902
254695
197306
259915
201274
146159
146362
148641
225154
260439
176589
255619
213410
206807
239184
195878
249098
211145
169499
160667
211235
217294
166479
175202
260423
152967
199099
199908
163250
205780
212621
260698
163601
172628
214114
145377
221482
243257
220992
222713
262899
241147
246095
235359
161690
251149
210783
185582
175007
228871
172314
220672
188662
221425
256718
264791
153497
151106
202136
178684
256693
184849
177231
230049
138477
213625
188181
231478
149050
213781
256169
223059
153887
143083
231534
212557
266954
163109
192267
214737
207582
259225
148930
202622
169814
250146
216491
165068
164286
243683
145210
169960
255336
164338
229433
208524
213477
272998
229360
204542
220921
193912
258587
216147
139162
261056
240400
216397
204961
174569
168850
259958
201931
207878
212668
193814
242854
163393
139019
170338
218959
228493
230852
274042
239292
160752
196018
160425
206832
264486
194771
215749
255463
139711
249349
165806
256744
203021
261386
245186
152228
180387
232019
244233
171538
228943
219778
171758
270032
230106
174699
214896
262391
267153
255627
215910
238180
248402
180841
176500
177987
176456
266469
273300
173076
165839
221108
212866
171508
171753
153464
265647
196906
173869
257487
181236
192297
182797
208990
231308
201149
149606
214034
264685
205517
160411
266206
260258
149310
235932
152412
143453
184529
153212
213614
203177
181886
193210
179402
232170
235690
256583
206379
149258
237143
170767
168244
165570
265458
235930
196631
174294
164440
151892
184543
141274
146347
265914
274019
232474
215631
160177
170890
191215
250232
253976
211570
182154
184607
228772
255301
253704
238992
231903
224464
171911
272823
247519
220436
203087
195882
213870
255881
239014
243614
173669
198650
181872
138936
162996
145291
265283
213692
153146
243810
206169
206397
233963
182060
214200
269200
273167
273674
188499
188132
212013
217110
218639
245633
264961
198117
197519
185433
215330
145393
197457
150266
214928
143399
264669
269795
269042
252790
248030
152552
162483
197646
222374
271144
196065
220999
240322
214744
240019
149747
173208
271858
217402
255039
143548
144104
249107
183638
258761
211938
226690
153682
242052
168114
147724
252289
205654
184483
138653
202320
195556
155116
144084
213030
248605
266723
165735
177091
205155
154650
140629
252828
244198
257208
177440
249634
223039
223615
163753
167738
144647
186204
265466
269130
155981
174519
224326
250805
203689
202185
196221
261527
151764
161463
186374
259721
215961
264737
185297
270577
222778
266964
176754
193732
264809
206878
187826
220950
274035
244576
258093
190799
148631
240991
162107
230053
143529
230971
239738
167405
177981
178973
175580
273375
175682
197738
214558
262500
205449
155583
219622
192976
188978
195846
199027
172379
272837
176921
147569
207877
261813
183649
158953
149014
157230
246341
206064
165630
246537
238833
151834
180304
250119
239766
270244
209977
260645
172499
178688
233140
161761
166551
269819
183783
192242
158500
243355
209373
250675
233635
203288
234499
183212
174215
166205
188108
268187
173370
198848
200882
156153
173712
193586
212055
160866
224161
261864
239307
201305
235287
223215
199658
165205
199480
138813
223131
261425
227115
188566
169711
203054
178623
196501
267942
206423
220006
274321
205488
254862
208605
259121
219692
146826
155470
263676
200860
177854
179881
150705
258693
188889
190916
190210
159206
156375
171181
272170
213512
233315
175530
212727
223657
176112
155035
244824
164433
153108
221844
139341
226810
221301
244838
144080
165398
189089
168538
226043
272580
139820
212135
170228
209490
209393
182592
212308
163372
167940
172406
210573
165296
210022
164758
223723
199887
272315
151951
193027
262555
251448
231993
237174
178643
223128
207001
197206
267534
140326
161174
195551
223108
244157
176812
169117
166363
246342
268531
260781
170444
250279
233947
187176
142988
197860
274187
141740
139101
267350
232903
250114
233624
168461
159952
201089
162166
212217
146320
185452
205090
217962
167755
244568
147525
222405
201167
158816
228660
245369
153834
209035
185949
217426
252876
183852
150742
225855
198023
224512
187055
185368
238370
251856
247061
141408
207002
206691
157981
144438
141046
206209
234444
140207
268141
146137
274293
140223
198421
200155
208405
147284
226924
226166
196313
156078
215339
196180
170162
193423
182329
212187
145722
144537
233768
139139
263655
259876
182691
237737
195289
160990
215901
214002
163048
239673
157212
226835
194914
180277
264488
256354
149885
140793
222750
270003
234140
192693
198746
208996
234926
263191
159455
234356
166083
193223
213869
216149
235515
225667
142673
156503
184997
246238
233020
257969
272638
204643
169572
168747
267532
151016
185193
139366
143007
191113
206289
194027
258630
217666
144100
211104
175131
237427
197312
152461
183285
208503
162572
200557
195301
197014
173020
270777
253983
145750
205635
170119
200472
184156
248455
140051
194603
248027
200191
171530
242362
259780
205446
247433
258120
153341
189088
142815
217587
138380
194671
269763
228651
234786
235239
207617
235032
171881
189627
262781
259791
240967
145125
170178
272758
181240
236186
158745
224001
269986
186248
166802
184190
206772
174863
212291
238203
245682
273221
154831
238105
165285
262858
186653
191805
237474
148444
248799
238207
242310
202554
251408
257167
205243
257186
232795
251091
270573
177099
186225
272673
190081
263723
177471
206353
260443
179643
146669
168377
249286
154267
212248
182976
151066
195620
234226
240114
142369
143375
232659
178396
154412
273585
266432
270017
250635
244911
158852
220892
138516
241279
162922
180679
209828
214668
225022
270524
163964
218442
210469
201264
166021
195390
151461
189966
256897
207027
224023
257004
175292
203762
139033
180714
229165
206583
209009
140595
237955
248619
246793
259231
237965
209154
237391
207164
141444
151216
215690
200954
257291
204231
177506
190812
216554
223827
215472
148446
217525
150277
270320
156487
256942
205238
219175
241027
144044
195662
170893
209536
224738
149506
204690
220448
217488
202015
145582
256610
141122
150484
261654
218919
192658
151374
151271
208773
191166
145979
259434
204929
230504
256519
202257
222936
141879
222108
225028
206797
257450
236835
239084
140710
195088
225943
195312
255434
160961
233264
274070
135938
256837
168696
228604
235924
226518
203817
236260
173490
257490
157356
188205
230774
213934
197606
212790
226484
233263
236803
138399
251503
176574
214905
171394
187829
192611
189938
166583
257036
219276
165675
147134
154442
221222
230146
243730
176408
223282
250889
249140
244384
195343
140931
157381
156792
145005
161450
260462
200909
169037
249541
177805
182552
165524
209358
223967
166788
184844
216126
143517
204372
169316
262009
216105
249835
171198
154929
223624
186593
224462
204171
191559
174067
209540
273211
272785
250922
255809
166629
242134
172067
224123
144794
197116
213709
233705
250770
218790
249612
167496
244528
154613
238925
251027
195081
268527
233756
164827
203345
209853
157267
170559
178489
239316
272772
191150
207674
247613
142145
247391
257297
174240
167349
178043
174447
247630
201025
240405
229081
148947
165181
163138
181656
181881
218940
206760
243663
231751
251993
233196
258743
195989
168235
201464
253363
152818
177749
193549
238428
266070
191878
177109
267325
196253
143980
191057
203248
150609
151656
256903
208183
246173
266180
217032
181301
186783
256952
149312
263914
194201
210388
203256
169913
210769
178690
177662
227658
184086
153249
204086
226041
259445
242872
240915
260611
141375
214225
186832
246306
144521
187986
224147
158708
168391
141321
229285
166414
149972
188817
172717
227166
209896
236183
256615
165108
271062
210119
178987
177830
141642
185366
139993
211936
182791
143411
185781
183475
228436
242492
245098
178407
208231
233159
216526
159432
222855
196981
244490
256759
208360
186304
245552
154143
172136
145545
250876
144004
269108
187039
149774
271580
161343
180292
146575
173693
217489
234087
271893
197976
159266
168076
238466
199572
194756
210170
153983
253470
176256
218617
254152
139729
235485
258567
254978
235692
189058
193804
179285
204935
167739
217435
272537
161966
273218
230561
168313
144446
249159
220957
250330
175239
139196
206032
144195
221178
238681
174253
250869
243706
236637
262344
223473
177801
239599
207700
187620
189630
228023
185615
146156
171103
166509
197997
247854
248881
236786
164965
164949
178727
265650
251211
251678
196013
267314
227955
269834
148624
260932
205756
235739
204497
268781
182756
245879
212873
138154
269109
266151
201845
177214
247558
194545
151264
257632
246882
232168
257303
196466
270213
184735
203421
193881
166181
169860
185871
249142
167556
203593
157459
239051
226194
184261
149934
174036
172200
254386
139660
233252
253806
160415
177703
210999
248941
195345
159318
268185
147478
195397
223058
159936
188423
175546
157160
271493
256096
203123
196656
163001
139068
267780
266440
152715
254905
182938
231468
239453
246396
160932
255917
161302
140870
256000
169183
213100
164998
225554
215907
151592
160297
186839
153790
199068
202543
159024
143507
249564
207993
202484
269903
212881
143311
205245
209902
187938
200357
224174
174860
161369
203564
148974
138410
141678
173726
192567
269049
250369
190056
195908
151677
214893
196328
259216
266395
223177
158789
146689
167617
254892
154969
175495
235151
194891
161560
178944
270157
264979
181890
231206
218876
193137
263465
160826
234025
182411
176560
158674
209606
191870
224448
216131
214780
177537
261389
215509
271750
172397
262420
263183
223384
239558
268351
159117
176221
196793
204051
203114
147903
167752
230017
245349
246363
226676
143302
183831
144162
218588
222742
154973
274188
169198
164640
150146
263993
229913
207594
196210
178617
271842
158088
207177
200212
262177
153563
162027
157385
253672
216727
183601
264317
249253
180681
221784
157428
244501
217399
213468
250058
231223
154236
142504
236145
274276
267729
203628
272360
175585
239552
231334
259000
241435
208727
259076
236823
266193
215065
248033
221597
167389
182004
159142
263612
218576
257160
164750
190545
140163
223241
257406
260998
225770
160577
237254
140408
196577
193731
232199
247935
217576
155318
222881
246486
255186
249136
202648
213031
167255
258747
146703
170421
254181
165807
221538
148835
159772
248578
183641
204150
146521
188644
174521
172178
251298
214586
139420
268951
225236
271676
243587
211087
207440
164630
237482
225559
206266
255877
228369
222260
168180
233580
159373
263045
240067
272246
211849
201624
218258
221025
162781
215784
218925
175938
228695
178912
272161
144035
187246
254932
215671
230707
199255
230661
148808
251573
181791
212975
242220
265487
160630
168905
271453
201522
203956
147709
161386
169256
216889
206574
270207
231392
167120
256809
273761
198449
225703
180028
229883
204353
241916
210359
181767
222705
146100
206105
206290
258494
185892
213004
218618
216143
242019
266110
171913
264502
213304
191760
178556
167370
267130
229292
181845
196808
206432
174254
228706
245857
263377
233885
230345
224296
193684
258355
175183
231370
231691
191997
149127
208664
212734
261411
186941
143962
216551
144309
190311
140157
151371
147243
208052
271870
263764
220468
237821
192469
222758
164074
236438
179043
140193
146734
223255
157361
141239
187712
142787
199039
196403
161788
145453
169598
210150
245524
165327
143224
173163
184365
156365
156779
162418
178768
238738
245367
201292
164691
197338
273907
250075
218469
187034
209915
210517
180057
162689
249181
254210
177681
207984
215688
197960
223056
159557
203403
237376
140503
218743
226572
146784
151860
267618
245910
192165
169078
234034
145953
235826
156819
248733
221213
273165
270872
229989
199283
209245
249210
241511
260712
203281
221470
210474
235777
155415
200717
164951
271207
251264
178388
242804
180577
194421
263616
233989
225804
256631
165609
145000
174962
254134
164849
212585
250011
151696
178457
232130
257753
270047
270720
176968
198531
163310
246167
223948
177351
155356
143024
260040
166545
138396
223500
240256
261516
183515
190272
220040
247871
233556
205211
218641
248754
139854
195925
261823
146012
207325
208359
206195
189505
229771
209936
187699
261113
250563
160955
225574
233648
179000
272181
140687
239835
190195
255515
177221
139291
224283
219770
173387
141224
153771
274093
215769
212182
175144
267435
138672
181680
213178
230973
224527
235425
180331
229873
260350
233967
236271
226885
222162
197429
192158
197418
221177
241080
164464
265057
182540
250735
247107
190562
257168
219021
254937
192364
261702
175777
152776
253537
171974
225979
156543
249193
159079
140838
208956
228658
144291
207128
166067
192864
232832
242337
216611
156146
253222
182533
168278
250956
240395
201914
219098
226094
223774
226650
195227
211907
146731
196817
178293
157898
239908
230117
232533
231914
225409
270294
182496
252626
231148
160774
181813
246709
165876
157549
208232
232692
221820
248044
272415
192042
181248
218578
243843
258043
219157
237674
141361
196923
212043
186540
160036
202121
222863
162836
209514
248300
257496
241564
237299
237194
160014
165194
268934
151477
209037
183282
194167
159072
180769
262611
201281
247397
235800
194798
176502
253472
141712
213388
167621
255780
251589
169633
263262
168521
163271
170632
192209
270922
149390
212300
218149
243032
183646
240097
158312
195851
274065
197531
175150
232342
184811
166517
260207
256518
225376
225459
251235
198134
162196
191161
180630
164775
178922
162118
147936
143629
228930
243403
253855
198697
151933
228735
240824
179634
219130
267182
264690
244252
262489
181037
187258
152302
207399
185082
232758
255373
253834
237533
270859
220796
176829
163094
142639
223818
259648
232744
243342
143150
231829
253758
266732
255827
189871
162447
188230
254028
184437
227791
189980
236224
174934
249235
208474
211287
143385
184021
232260
223968
189047
235074
203910
187301
179012
157719
161164
212671
241542
167162
206532
208244
157563
203846
256688
273526
222262
255791
211568
258602
151251
193647
233396
246165
257641
226514
233908
212910
196521
265259
150886
240766
260222
240597
158545
155154
143904
182303
223138
152562
170772
259427
192356
248495
213382
212044
230308
210095
199416
190307
246465
231817
273454
256214
265017
180572
248555
142678
197102
256017
153009
192612
152495
139576
182308
142110
144096
255214
268598
256557
263978
243035
173825
157696
265341
193304
267261
193048
223779
184046
159273
188307
211988
239345
222331
139063
237320
266067
192717
205184
161646
182098
218656
169161
155957
259739
138656
255391
273409
230298
169965
203605
221362
148189
194737
152453
238853
273651
219250
158458
216401
211132
183796
148187
217832
183471
201463
216117
147547
156955
185323
236978
203756
247823
264705
245984
257354
177610
201056
174058
189432
155038
171968
271403
182052
268088
192419
264630
196107
221972
155435
141462
271075
226842
237845
229962
227289
215114
266726
192762
232165
171388
217163
193302
220694
249987
157453
189886
158942
228740
263070
259754
170654
140548
242880
201120
176003
219178
165670
218489
202779
238676
180977
166999
254613
210561
161169
196957
250695
272333
189095
182006
171230
187590
207314
226753
247525
163488
215872
216473
229045
155839
200238
155732
155022
208143
235747
147198
206944
214704
163973
240128
153350
174544
262774
155946
252452
161662
145949
222164
158950
259331
176769
230282
263717
189728
235617
156019
178248
207839
184317
216213
197417
147404
163852
211917
223610
138826
164541
210688
213616
143542
225529
212932
210595
174376
241302
273288
199773
257008
163727
195323
181609
231476
163162
248777
158433
198487
273045
165432
265178
219222
215806
174547
159969
249900
270618
220281
195744
160744
248406
229092
266575
192358
158860
211344
155234
251511
226246
152041
178104
239114
236979
191934
150127
274074
244950
152354
183430
266401
217760
148706
151607
166387
149146
148703
258064
188959
244603
273348
169560
158740
199510
265891
204598
156860
159927
148322
267327
268863
256088
193717
254850
194679
168067
184557
192046
219904
164604
166613
232515
178474
140115
212916
220876
174488
261157
182773
243686
252417
240171
207504
187677
177642
247298
218834
142723
216541
139480
155737
239042
182157
142223
254674
249793
209318
184430
233427
146514
224183
143042
217579
185124
198425
222042
191255
167642
194225
174573
166106
246842
215865
262220
258276
261343
155439
218235
143788
197532
157000
140786
237087
140987
258382
191244
264372
176148
252563
172652
266479
203759
161122
252674
253129
181376
261995
156851
140194
247742
155002
254167
172098
224262
172868
228639
240077
264540
191212
145970
192270
144461
268186
151704
147346
174560
188139
239907
204892
244076
254922
160788
263513
217229
151483
260496
184680
174776
182275
235015
248534
177224
253433
185365
144005
240206
228826
169713
145678
222334
173401
273343
217577
165590
237322
169516
260330
171285
180938
235510
181399
190741
271704
271789
222189
229133
237921
261543
165344
161015
271904
239831
255736
166700
167436
253450
235852
201819
194226
272391
164293
172391
221648
187305
267407
239354
208138
224684
170358
165025
154361
217669
198910
161078
224940
230956
253174
227023
144592
261353
201152
246197
193233
226154
247405
247066
175091
251043
165923
156500
196910
215890
146321
247563
264726
167365
206722
153873
213803
268148
272305
245003
221512
185362
191727
206230
153676
233322
262552
206343
149119
238220
189749
150243
222231
152673
207541
236720
244469
233088
235309
174190
265677
188671
210837
205141
209187
197774
140781
182997
151694
189325
236541
138626
263877
140464
240264
142190
222756
258563
160910
202907
179832
177183
266138
166836
158090
203261
181428
245892
139525
251647
212522
228568
200269
222109
223660
257133
197982
271797
169419
223810
142998
173677
181692
233837
147252
236076
156964
142447
270549
216124
153064
263256
152648
215153
191810
231907
147645
216479
179299
231637
145354
152062
204898
199386
147558
208660
260193
183066
157555
223498
205781
209307
157226
256202
236062
211234
178755
225102
225170
191623
256172
191828
206461
197226
177087
239637
143800
237394
227153
204502
229948
192805
236269
165625
139857
149364
273880
199907
207814
140678
268918
203370
213643
241345
253886
183375
259180
145809
150216
240827
219206
155958
243417
273423
271228
232646
221460
239654
270679
180956
189758
213716
200321
240802
198795
241317
262351
189856
140581
273264
194234
209120
159872
242510
169300
158008
196047
231207
159492
254055
189445
146872
161352
156049
138636
255968
272561
240087
164507
252480
238471
262937
192386
263842
237702
170716
245874
203529
181868
215131
261917
224089
173915
252756
269405
156695
164537
199182
191346
228782
168274
228601
151329
238486
185052
153660
227016
209109
218918
181698
191231
194084
179923
199652
205338
178038
159179
171317
213228
212310
206382
267552
211670
162171
256698
204689
262549
206836
230629
230620
177311
149705
248975
222624
237964
182332
188765
250687
156814
239470
268468
164316
232347
196439
192706
264655
182492
170660
261155
197473
183612
187619
245766
242098
242155
203093
140955
261737
272527
221518
221364
165598
154949
213591
224398
236605
222537
162955
189941
160609
238650
165407
215826
184423
191978
247333
247293
220000
245538
154096
196953
152914
169512
271781
178232
229357
237209
273469
191116
174751
228265
158668
260219
251391
191598
258730
240030
236086
182874
258230
230439
252211
262260
235489
264843
211506
241695
226973
257429
248745
197761
209569
262106
191349
217315
207401
190529
244124
231101
183433
257384
141494
222025
206267
178499
262623
160720
162964
149165
160104
157073
143055
253230
268643
216458
155185
167836
170934
188484
215698
242970
178310
235228
210172
213738
244056
204946
161586
208043
230721
224143
257758
176913
147878
206315
233255
175926
262634
217081
251279
180675
139934
225632
228342
214716
148136
220419
248701
222228
250881
226918
159209
210692
269127
253540
266200
235909
144074
173025
194407
156932
165777
146408
237918
217108
246478
189762
227394
142626
185736
206876
247914
265413
141804
240588
247373
239928
145729
148818
212298
167756
266095
248938
204287
258174
190936
243979
151562
208578
150967
187643
256200
222646
189234
199300
270100
246417
159535
170074
177778
158163
232877
143912
199970
196789
271039
212048
255266
139093
200065
179580
249184
262541
194116
141681
174122
138298
258299
204452
267189
249119
248809
148467
180280
142736
242593
196983
170958
243946
183644
242939
181200
139748
184433
223314
180138
242097
141632
235330
167988
193230
178698
207613
146614
269477
221845
192067
184903
232663
142280
222171
273311
178125
218654
272811
248679
184282
223506
161108
148135
178075
257982
196015
254233
258325
256591
168077
228366
211569
179385
257835
243562
236825
166601
142168
271059
208965
259413
206916
188150
158044
266524
207458
264519
258983
222687
267449
157291
264656
175291
264583
241162
255401
195979
182509
224734
156958
181725
156412
186022
236913
198925
233187
197032
205175
274378
239418
195207
185978
181205
232626
253359
191064
192972
241948
147221
262432
245418
175567
140725
272532
171577
150738
198460
147788
214323
159821
195904
240112
197594
253231
185482
262071
219675
181275
180122
200631
163050
255548
228950
148922
245246
177648
210716
178853
260924
263418
217541
229453
146655
274225
143831
182816
248659
209133
224525
164629
235595
175140
242289
246602
263028
152094
199380
249650
266997
158831
168537
231064
149900
185119
167614
154979
267300
228453
166928
169120
209920
265632
190392
168231
153376
221571
181659
182510
255504
246272
141225
144735
180322
151479
165467
179628
260638
177836
211276
196367
149202
176935
189797
223231
252816
197801
239449
234912
194829
238028
233449
197314
235406
171951
154978
266949
224126
170240
186093
184123
199708
225904
172844
204971
273402
217279
259428
196745
179260
238808
266437
235952
229877
184420
230336
186885
196769
191980
271927
174034
206697
164289
262737
148966
141797
160974
249144
200664
172068
246971
138737
153968
260528
155571
206588
162909
262842
196111
216167
165397
175284
238590
151300
246876
272258
205621
144528
228292
252562
265678
167714
145954
228521
161533
155216
200274
181163
197522
208635
150897
143115
182325
271411
197838
235196
258133
272888
173773
182628
195871
242351
149922
151095
156853
262694
154382
203412
166924
249654
237873
181512
240480
238148
232629
263588
271805
159588
143696
171849
144677
158924
211543
162490
172169
257906
270233
265191
187869
142411
154291
138402
264320
171967
138964
176861
253759
143621
187676
224489
254399
239967
191605
238124
273588
221932
174124
139788
143702
162826
163249
220718
203542
161131
254479
150812
221697
172758
167994
213214
168517
138869
141072
158698
199524
165991
173251
153893
145756
270039
168724
150899
161162
214831
221065
222338
169559
238047
256981
151185
213015
197570
200599
217193
179721
237739
269493
157434
221593
260101
233860
232636
148088
195396
155882
192119
218297
254543
220604
157255
168846
269529
246480
274183
152350
224277
164337
157515
194307
221083
200280
175476
191985
174805
262310
257793
207230
149956
220949
266808
189501
157577
202007
213299
196699
226486
172768
174184
194858
214060
145014
207570
174746
253542
219382
164325
162500
165149
155427
187740
153792
202724
240014
190569
175396
239366
158061
225585
175446
181401
256997
189483
192953
170856
144383
254281
225491
232669
219595
202265
199901
141140
171458
195672
182819
250085
231284
203325
262040
219112
223955
189512
209500
242290
218112
258495
204800
156171
234779
193936
198840
235025
256836
142602
149420
156812
149001
150407
229418
146962
208811
226035
255351
240006
197832
148424
207035
205000
232196
205280
189298
174270
192132
231944
156417
163954
242360
191730
211379
239771
203541
151313
229185
252915
153697
192681
152157
244341
192192
195356
233631
239438
142928
263307
207624
200275
261872
183921
255480
147211
161040
189744
261470
139175
178002
231618
255879
158266
240139
269363
243716
225941
180215
204574
169271
231567
177722
241755
182010
169038
148572
192948
193970
180562
156863
211299
144197
219648
214790
163118
232101
252571
214250
270653
267108
152979
213326
147185
255385
226506
263003
143901
158536
141786
256058
258546
204779
150660
248559
151341
224139
223196
190445
207840
184562
146553
233477
226461
209576
174374
199497
239048
249940
262640
258412
188994
218569
201060
154001
235421
257381
155468
168964
230010
261392
207089
206642
164675
198884
219123
248661
167206
273200
160963
181761
169095
207054
240280
155246
229898
158546
274123
185493
257419
261182
221856
185678
172583
155309
146181
148523
141371
179439
176093
231760
211654
168532
206717
177136
141342
162760
163705
262114
160631
213066
256641
139919
221750
171436
230182
260235
161412
241051
217824
219231
265410
199845
164995
156731
179655
233218
179738
227400
170836
257267
252085
216103
208901
146285
265681
246367
145098
177370
241455
269940
199227
220072
254218
142778
243016
212816
259772
242005
259561
167188
209452
195541
206750
255684
237564
159811
164880
149010
179594
155281
226559
186163
246697
268991
164875
205634
143743
216304
179476
255654
139835
265815
269496
260640
267851
249160
271448
251605
238297
231839
224688
165074
164982
155581
254211
166723
192296
172813
174961
256193
254907
265091
236880
241483
186809
251294
138439
193568
227518
155469
265981
233067
161097
238944
254663
233245
206910
184974
204181
250579
226890
141871
200988
260872
205031
233735
228090
157213
234907
248355
168821
169012
154486
147764
253499
243878
213665
208888
197364
234216
208647
205481
271762
143206
255911
180997
214111
194174
197178
183989
270955
152647
222949
180745
217517
165845
216171
146582
270565
202116
211615
192337
162072
226856
168438
173946
143981
177212
245200
157700
243934
180025
151231
249834
209485
203285
227533
189921
143384
269560
139434
218767
236132
199235
146444
268660
268452
216933
149416
230941
218920
216475
208336
213008
174562
163625
196503
257631
254008
252492
266532
221992
225389
266216
164014
145329
264194
253577
165691
173636
232979
142725
217809
185423
139736
157824
199698
231597
263300
162817
196288
149141
235992
213320
218758
141101
151675
264877
252261
242456
229377
171517
161719
262014
166862
157028
251389
178541
163427
155199
187205
193377
185001
221156
159152
231301
164328
139355
209552
173191
251343
144511
272425
229751
189084
257680
211311
174249
255105
202661
222477
140765
256909
175860
140469
174869
208069
193819
246187
172042
245852
183145
216399
227979
155745
171186
198116
218561
170656
271139
143975
164618
150232
139276
251316
146927
153124
174369
148112
191946
235300
253339
263886
219425
204179
170946
178736
152049
184554
143638
175557
149593
267299
205105
162026
221865
208763
273237
197829
149775
180657
156434
221881
168717
167521
140698
252771
172673
208687
264780
155772
222216
209786
264447
200976
271826
262697
185484
173132
228098
213317
175855
271195
256564
159425
151142
209073
252740
237337
244330
197236
175412
174350
157532
265694
201807
150492
240276
178380
270008
221728
156423
221633
156553
260961
139032
197756
199758
207911
209729
147808
252788
178818
225873
204015
201783
230752
262986
173362
229664
194318
161468
249623
166847
143918
274063
259846
228266
224847
189916
236696
210687
174528
193054
158315
175589
174564
166664
185665
256929
216831
254796
219486
197309
254073
246231
270217
208762
189218
154126
173664
148599
230045
191233
250348
265571
266616
260920
183965
215209
225307
254553
200533
207907
142382
202131
191204
221814
241225
252807
212098
160245
256481
263327
212195
268671
192650
172208
245347
170273
206776
185034
142101
203534
182757
195760
191127
208989
143825
222876
144801
164152
151026
204032
173745
260231
254848
220425
144923
203675
160219
185865
263299
236553
196534
209306
272023
197766
223261
208041
159968
223263
176994
153868
174602
208063
268415
173923
211313
148373
253718
240003
240083
231401
247953
264216
138585
163184
221879
239381
168177
226660
257500
154697
252554
139661
177446
156764
145827
150916
232068
225638
148258
206090
154687
152389
239920
156075
168585
217681
182703
183422
205082
272160
243988
174509
183995
163621
218649
247243
263794
168104
199081
262171
237480
259997
226162
254058
200906
169154
181065
189053
156034
139287
247052
239136
217688
265210
140120
160249
149588
246658
220635
247086
187870
270387
223936
171697
169192
166839
150313
157364
221621
145068
147676
240508
257271
143365
226257
191718
241022
164001
150695
183894
268189
149684
231813
215562
247981
215703
232051
255609
211375
186823
175363
205742
178325
207372
149135
263549
268336
247036
196707
266773
160898
205333
189622
138755
139067
155364
245581
201243
193117
222198
149335
146965
142313
221242
158551
215113
261264
199479
151585
173513
202299
267737
176859
175611
210155
188651
222073
266034
181651
224889
205857
226335
194595
159364
245905
215604
195603
212117
148261
200766
143340
204159
262360
151667
206451
163441
193030
222521
224015
215483
202047
253442
252414
172303
188751
188579
233971
142218
183943
186015
158881
272554
245223
194629
154266
146464
143184
168720
139674
170499
240203
144245
162980
235332
180103
203670
226490
180936
142202
259446
152637
158508
212710
163135
173183
255366
184781
172539
258904
238533
199711
270479
202922
201291
175779
207583
215513
187355
168112
228739
145661
262735
200109
244496
172777
197110
153428
234964
148562
243188
266158
252117
215650
138651
269788
142710
156510
217831
155802
149499
162351
219109
272268
241168
229268
204200
172150
247638
156738
158095
198763
202755
254410
241640
262358
191321
154337
198486
233374
211051
248405
253143
252382
204900
166044
173743
226098
219101
144770
167422
266089
157096
173500
212986
244087
171622
226999
158348
214152
238827
193766
235274
267212
236028
198017
233105
157843
225448
204177
185343
200114
237720
160099
154060
184170
216578
199878
266779
144902
234301
159522
182484
269535
164907
179087
241632
182402
229604
272718
216137
187550
270546
170400
187121
171345
234306
194264
233560
159714
154919
145801
212879
249620
139127
227905
192391
188819
204299
158588
247174
255950
145798
184706
186006
253144
210878
269372
220430
160658
231078
145869
248225
222701
212317
202891
142475
212168
263122
175563
238985
180667
268338
202951
260856
153004
233557
155371
251612
214690
254214
196494
265646
258773
159636
206763
248297
163268
186311
269675
229648
259850
153546
154218
153304
183922
232995
260884
253992
250975
202076
188235
183805
222656
161019
143951
197628
150804
190918
226687
184335
160041
158556
176501
247112
189580
221478
141860
215047
153387
273093
189288
206637
202636
153933
152058
154726
205936
184712
214104
163507
213153
233917
156317
167586
192804
261098
145330
234531
169759
212126
261745
198812
199642
144945
242400
259115
244049
170229
194285
200590
160131
257027
168957
240119
171171
255468
251593
140662
215701
221751
250611
206826
181917
210397
181032
153259
174667
191839
255089
172570
166500
264803
272646
212674
190625
166156
195815
212036
241246
208885
174035
235974
195953
201161
164543
142203
174115
233284
128180
190100
224708
150175
152811
222611
265406
203369
248341
170235
268318
221953
211835
268164
166929
262621
162372
225190
148594
221528
204767
269357
172276
250166
150380
215151
193596
197392
228002
218127
255390
266678
199735
139427
237286
273771
259537
187281
189768
269268
162273
197368
209030
250082
265461
178546
195548
194360
236333
221128
235861
167150
190170
142811
236516
264605
201134
199685
167384
140164
220374
191018
223594
162991
273732
163164
173219
269342
223866
227397
222062
218666
163981
170078
146764
274343
259048
254873
183895
194900
145357
180252
158296
184135
207783
241412
214707
257798
217482
152683
179706
268007
139498
245044
154261
147939
202642
247668
255882
165518
186130
208402
207902
222901
180650
172132
201935
162058
153879
273115
220608
162124
176179
253979
216417
147567
237166
175471
145676
142824
190065
199831
150275
262903
181679
159987
165539
209719
150827
223520
213708
212821
195238
138620
243842
188448
208550
145388
143667
250404
263259
193953
162383
240584
148906
163772
252515
204157
151097
237294
257494
260165
273538
251825
215482
164141
241127
150587
166616
166289
197576
219544
213793
263853
235759
233155
272285
145126
174011
214755
179530
148139
198252
273854
254784
253321
152297
209134
206040
214208
225758
173899
141557
251908
155267
269466
169752
240726
269618
153584
263941
175496
218265
226226
260817
145198
273646
144239
169993
234660
248221
151102
153499
266232
272783
138208
259647
189784
271950
189592
271698
257114
222804
145513
267983
212625
140727
210396
186960
215474
167515
138135
273942
227551
186016
153643
168633
237555
252095
234876
151513
147418
263580
251546
178585
232179
158717
264116
158851
188914
216789
162098
256111
252331
251662
164348
140910
216672
167215
164128
179099
214126
194919
215456
181444
166212
232549
261727
153963
203606
228101
145599
233365
234213
258442
142222
271756
267531
202162
246346
213218
138506
173692
181319
247422
216512
187381
251459
233499
159655
163299
145023
245432
253803
202058
227538
214872
162764
154914
227920
220507
218695
218326
217351
185776
170805
202060
141883
234681
245621
217120
193644
193468
206790
236683
172435
168764
156979
244805
165595
196216
171251
184837
196290
188511
170393
269181
217086
162864
251723
231358
251388
255054
235514
191739
143712
235556
165848
198061
231640
271535
245723
213341
204045
143957
240225
165971
272494
183192
203565
144840
141409
233372
242323
235877
257899
269765
150701
178592
193165
163636
261655
145328
189017
261351
180000
205717
233766
184698
217996
160023
245446
235075
157758
185088
149281
174673
267452
218712
155164
164430
265787
258185
247047
272356
234303
185112
176918
149787
203273
213102
162940
142549
165251
202259
253900
248700
145606
204063
217067
210275
184071
181634
240207
186115
261481
182205
240061
165907
247811
210747
180893
274047
212872
159365
145006
169665
249016
265506
182727
272091
199930
226149
250946
216745
243289
185640
186466
186009
149138
224130
226030
270418
212884
210534
193144
268285
150052
205601
243457
247739
267792
238906
269777
157703
210373
197084
253779
258177
196346
234881
162754
263338
266802
201498
258259
205579
262408
202528
190432
215685
262244
273105
200064
200669
175803
220601
229221
176166
185939
246652
274103
267423
182146
179977
162251
167367
150283
215478
141593
210658
263202
268787
179868
191651
230216
158783
233013
177483
176220
264151
188141
215534
160525
264632
148301
263816
240745
204428
176549
162581
159663
138967
153900
269395
205518
172840
180362
227120
156310
147452
270949
170377
189195
239162
251725
139010
160075
195364
174987
215340
198854
142197
247540
186412
221359
153107
176413
190010
144336
193467
201029
239329
270919
255267
180036
175241
175177
167481
247979
268578
269998
213118
210322
237538
245856
263141
194404
176065
242487
257879
199138
245057
142761
237288
250385
153386
266398
186309
219154
186635
247880
270406
213556
233122
184989
229380
246695
213747
242370
174682
264493
166469
211188
203951
154050
156422
174360
237935
153764
147842
240848
242596
237304
251009
263589
270037
157059
142603
204513
237976
147658
229901
165299
265166
228868
167406
258182
149469
232550
188783
160527
258665
222752
171223
171154
142631
188265
145811
266563
254566
138635
207509
196421
253235
183857
158017
200465
193583
185400
246559
150756
174367
173112
189192
256676
162896
224804
264554
177970
265622
169262
261231
251078
208295
241053
254009
215154
181610
141734
212806
245438
223136
200360
257269
241669
200513
213854
199155
248655
250456
260587
237404
218550
165895
209972
246544
229592
200951
218968
254916
200551
182101
178846
171366
165401
165406
251400
154853
165978
202351
220160
262007
210381
138384
200367
180777
213042
249511
232079
274327
244212
241187
207556
170703
240134
211773
249871
160264
204651
262947
197603
249979
193219
211696
179032
264694
215801
139263
252919
221054
155871
139083
269430
203291
149629
203810
181311
166953
224748
220401
249183
269438
242074
271150
208850
214235
222568
207124
186346
147169
238411
169308
268582
211271
185532
233783
193991
178883
145129
181869
222287
212802
144891
199412
184112
193738
173026
262502
207083
241657
228814
185973
254111
145744
138758
228119
165786
147115
225177
266902
216211
165227
234395
219606
166187
236783
250743
201990
148983
262624
161009
150421
139714
144670
211298
179389
223743
197989
210650
212724
210194
262120
191066
231833
212366
219628
252579
241634
142267
231484
232493
221346
165928
255289
241616
159886
147402
271272
154299
240983
222261
265144
257162
159329
180144
256499
262888
255188
180568
209693
244619
267937
234125
229670
141453
157204
229972
261536
147801
204987
152313
208880
198727
259443
183976
241757
203372
245406
210564
240396
218084
187743
216440
154304
188441
234772
163120
161301
254032
227330
244797
244926
188395
221230
268850
194066
171537
138998
157150
230813
206689
206102
268366
262551
252904
215785
147744
147277
219289
216899
257868
242913
146647
262663
179039
187864
196535
202286
164226
220288
152139
255077
193255
177882
254495
190970
206342
192712
182517
232008
219105
148592
259566
142740
222832
152394
201506
157174
152996
272203
166883
235253
263753
257774
168729
207140
215003
250291
200635
238233
217468
160505
258127
148946
199786
138429
261988
240270
151888
250681
241035
188080
252033
273018
232897
251212
203636
204661
156044
240432
160370
272993
268182
209115
189367
219909
196609
181637
258703
158302
254973
191893
233656
255460
167319
167652
149902
249788
231575
174288
200499
197114
239334
167590
250820
199301
152687
195041
267969
168117
230523
189674
186587
150089
194099
158757
164356
197290
212565
269160
214400
170438
139042
267676
234656
180183
221089
242440
142263
228510
214133
198469
230923
191532
244136
271294
173009
224258
254238
248805
269404
162342
252689
263301
231875
161370
243411
222878
182989
143585
198825
191827
155823
168950
263981
152485
246924
197924
264986
231354
217342
208444
141900
200830
189554
201733
195665
161996
215989
249802
181758
170911
177157
244452
158058
236781
237048
271214
192017
180403
195909
195307
218652
204120
243490
189490
163987
168068
219550
232397
166726
166121
187410
145139
231547
205076
227527
164955
145399
214545
239551
185693
183253
150638
198283
210657
193824
239095
225347
266004
171045
174651
230766
205134
180741
238717
198165
245887
165877
224638
273263
255316
246662
141591
214701
261549
224477
260892
155712
236300
268748
254192
156929
147058
138170
150724
242758
215217
247071
228965
243034
202876
164182
249490
150221
174070
144955
140741
160280
149170
232298
212777
183898
170854
222401
154072
271548
156551
238444
264256
176792
204713
203400
176109
141136
226748
142882
180849
191199
247791
233607
171709
247358
191973
239370
273644
171948
198893
153156
145919
185007
268482
219465
165378
178058
178935
181825
265533
207974
167596
224029
140744
224913
225128
242601
187580
258055
233740
175714
161697
164780
246666
265372
189931
235117
229468
157187
156815
206273
152115
183102
214207
218158
219713
204333
204825
251590
182298
205879
211523
189946
241633
234477
150820
164095
155186
220177
142204
139236
175350
233038
161011
258140
218736
239839
168745
259099
146519
185843
184400
261230
245404
147693
224742
183720
230446
215966
239407
145288
182867
254700
138216
205800
259633
213161
174629
159215
183870
271223
250620
266094
226880
149246
148309
246472
180973
224011
205104
195772
144298
269199
173467
272310
141892
269047
166160
200457
150351
249374
157004
242771
170563
235901
164598
214604
272790
155101
151772
235238
171248
212529
188429
200285
186965
199279
174317
208013
219259
255893
217591
240828
201953
149333
263687
148254
188655
178593
243625
237390
245285
221641
143575
259094
240279
241519
211201
247506
251502
274369
187658
185070
155317
184341
271596
226732
162238
158595
168373
259142
246410
241798
231858
217993
166569
185814
203666
177949
151365
247756
172421
166464
272737
141345
221582
270266
153473
184544
143491
175387
243746
219588
218416
260731
182674
216688
147073
229335
242421
233097
171390
167815
208477
272834
215499
181296
250411
158597
264294
256157
159582
188035
185750
203814
193603
203930
175734
218509
206859
261852
235668
142540
231746
223286
245541
243141
182176
264534
273988
233789
229195
162304
264672
211868
175099
216161
138912
196786
266129
227410
213278
186912
224347
260516
187891
266980
166144
173166
181787
241300
157205
264637
273421
151942
182597
226774
223806
205793
150575
253699
179115
199743
179605
239833
256300
232356
141487
142248
214298
203307
193755
270974
223822
147521
258252
141584
209287
247420
139022
262239
167338
178411
226121
177844
232141
224674
167725
199833
269028
274150
176422
205567
200012
244862
208156
198058
237862
261405
249048
200529
154596
263856
220200
142393
246273
195785
210949
185756
253240
161106
168383
155798
193401
176461
261164
230251
250781
156978
265621
167297
183847
255752
172658
229096
209590
148014
200036
274026
165497
164889
182184
245937
179683
184380
182890
167025
205233
165882
174404
172190
243103
195926
190154
176678
229011
150905
178018
173559
188764
174691
226392
251293
206359
216916
193024
269128
154774
173015
225563
159592
196300
219199
149608
252720
179586
150762
156917
206464
161853
207553
228982
238953
257067
141359
169535
147343
258723
150212
198548
185813
151453
189433
141654
148484
197189
138085
174541
165361
233567
157197
154664
266617
240924
215951
219442
195617
175661
230598
145039
140892
257176
204500
159511
207921
182824
192403
231382
167849
239004
264858
185000
267585
221748
149451
179047
175210
152632
272106
208240
221121
177652
146279
199791
151738
213146
212637
138684
270623
234670
145372
171341
164749
191179
253680
200792
227066
148878
155751
263707
205768
184486
259342
188989
178787
193807
179007
138535
176988
157304
256887
162569
169166
217359
180876
158148
246170
230805
224453
252518
259523
268387
261756
171876
145241
173704
199604
169182
240510
191592
154960
238889
161220
208676
255814
150704
203071
237525
264898
172975
143935
151852
274215
207880
152204
212653
171272
234767
157354
222595
177269
266029
161865
205968
228367
186657
174715
148987
201484
241578
201648
165900
254940
250141
219777
154922
260107
225946
195063
215420
140540
183887
153161
232292
197737
238979
224331
154265
204326
228887
215555
234672
171259
259686
149949
257461
190484
224564
199019
167525
178238
169020
170920
139842
168338
259590
151858
188870
186233
179494
179833
159796
253254
219159
264591
246107
256254
170366
184977
153414
214753
175906
252921
265127
242898
269504
265402
239691
169952
184153
246611
206936
151550
228063
242932
205711
187110
256684
218354
250014
159116
195090
191931
168693
258529
241796
254408
265397
237903
138236
209418
274295
166687
236195
259232
185491
270617
246832
234975
223908
186875
172131
262160
146798
158389
218073
236454
160504
260755
259830
221622
242389
253503
237608
184951
208819
141132
185667
235976
158974
171801
142178
145612
211357
225664
266819
237499
231838
147888
246730
140071
184736
151754
144061
237812
138747
213444
146415
215553
210802
265351
170029
207173
269555
220871
217946
267459
208835
267210
260803
144519
246488
152682
226275
224986
270611
261365
256471
157083
259346
203621
181572
265679
172675
207868
191992
168962
263358
192233
236048
157292
272469
153410
270055
236738
212729
160585
223843
165420
246053
232229
220307
245298
146772
242076
242042
218523
253021
159674
140831
261532
191695
265535
223187
145584
162284
255729
208453
235481
218327
212023
156289
177120
163845
169277
181816
211927
179330
251287
184549
152407
164235
230057
257253
150224
153752
200148
206374
238243
201713
209594
269014
185584
177375
230444
217031
225603
181850
213764
197024
250022
230006
199628
214929
237588
177966
240180
250081
189814
262817
160335
146503
180497
269481
260922
144716
248442
235838
231752
175048
178153
238498
181196
213026
231098
224901
186156
253974
157513
155083
237867
263923
255471
172362
143480
217400
187296
230526
138841
161626
229851
251164
217921
264139
214557
178898
234745
256338
213033
199242
165318
200624
156414
178628
230895
235077
234571
183213
172070
267437
238399
138930
151384
173406
241591
175474
214884
262598
214155
188772
166712
273898
161394
232420
192487
189839
170348
246442
173493
273308
181798
216888
214045
235526
255777
223333
221008
216606
212588
273649
157380
251831
187438
140574
158326
145091
149271
237609
253698
183809
219878
233001
195490
269818
242016
169359
252017
203587
240512
229507
128585
203453
222691
210240
202810
217912
267159
259529
158273
144219
255436
176356
220450
259175
156725
198496
179468
181073
164351
211679
216226
229543
190745
261958
210604
242114
220120
239388
187009
238021
273857
234847
203970
232367
223976
254760
208950
272733
158759
230708
210661
256657
236595
141959
196078
201675
177797
216920
144276
172043
234451
232734
198345
257933
258106
200292
150514
160945
230756
241520
154148
176402
256066
190609
245275
209844
234483
189239
253883
159673
242160
177473
240148
209336
237450
151909
185907
257988
138865
263524
185990
228161
244045
242535
203509
188535
257820
249129
145143
237213
214799
208962
252346
219635
146759
164929
221921
155014
258081
221001
219248
164721
158535
219693
169608
186437
199989
208078
196826
251815
199382
160222
267088
256445
154497
272813
205594
270942
209929
226551
249628
219390
251465
241365
141600
157430
182066
224336
265929
234700
206914
199593
223857
148588
246572
183608
207505
145079
236509
181429
186953
160594
226588
185345
138683
216130
261947
259503
256589
166385
244973
271609
172061
269343
194673
159777
159430
261272
254043
254060
148739
203492
205040
160958
154276
252460
204727
188722
188922
170939
187998
210919
138133
253646
258812
138982
263617
235741
248751
272901
164211
272121
140397
231527
223195
256100
173613
169975
175786
266109
218294
224111
247386
238773
238212
143710
235585
147027
146570
226269
211627
239240
182318
177140
152061
170646
143655
233608
154116
158733
155074
154243
199952
254397
226329
256873
185528
220659
160778
203507
210340
203770
154059
218937
239512
193778
219164
272478
155230
236559
188480
252067
156249
224699
259252
247770
195580
242332
217678
234826
224660
210273
260336
212523
214131
187010
235528
155182
150429
214513
261828
153177
199473
144527
220235
162365
238735
173389
148495
260175
160737
219655
181431
159980
179640
194114
255660
230846
206056
138868
142174
222995
259614
184029
174338
235292
229923
225016
256222
241251
179894
242452
267598
138997
239179
165306
143721
159260
196262
153564
233801
187819
231424
164318
262906
185688
227943
250883
181574
139552
249302
220567
273119
148522
263734
144221
148227
182227
235086
200722
143132
244808
207713
234275
230058
185543
215016
271107
233754
256614
153529
251848
227639
271922
139824
245948
252141
173361
249602
207881
198625
165917
239588
153531
267512
143679
214264
196143
176945
167855
210571
169891
257843
147992
192392
177512
270384
161330
180136
176888
179010
177189
162633
195829
175171
146846
197015
249639
139991
254083
245622
212760
157887
208465
269354
241506
183033
259324
255730
200146
256893
230643
166562
188244
188169
197494
163473
262670
159019
226000
254270
145687
224199
221361
145718
158439
182333
258033
273982
246511
239092
159981
204652
250199
248419
138740
164791
249573
197185
215590
152835
175094
246322
263276
253545
141961
204054
206703
163358
216027
252575
208479
151561
220620
227953
147256
204667
138986
246251
142207
142159
209163
252433
139812
188649
148861
234111
205680
216353
239347
208481
218141
269871
267878
143757
233725
257893
151505
238607
176013
255064
158259
190121
231436
222305
141439
258061
254634
142924
242879
236994
261903
238035
176820
268880
145427
240566
262357
262061
168061
155560
176467
261302
141818
157176
212286
195718
242668
198653
143169
257839
249666
226078
148904
253940
216454
185138
262972
179807
243475
164670
154696
261278
158285
165766
185049
248465
229072
197092
220325
249484
262045
198778
224505
271464
170599
210250
273147
255555
267333
202738
249749
161804
177356
254114
147184
157024
197931
150806
185804
217787
217498
216893
203023
270984
151114
272940
158323
194578
163238
142578
172696
168173
184159
257542
171700
219930
174166
247853
172001
178629
222686
271406
238093
271393
144489
219419
266686
204022
170315
162526
241618
263417
173633
150141
211081
192893
260476
163666
162924
159824
187578
251331
140756
211017
157500
182383
163036
243782
197664
202042
271747
144403
246516
229528
256620
138899
164480
166635
216297
213816
230870
257014
220344
246756
175031
210615
182893
227940
262522
223394
246777
248479
158271
214995
270193
183159
223754
244078
142911
209282
249007
193188
256891
183289
183757
166649
170442
244246
161689
149171
184297
183371
184291
181500
145472
164544
211644
208918
165411
166515
199858
273293
197337
144667
147249
167930
181441
219996
253382
222484
151604
138449
221963
162089
170418
206666
172960
244544
147863
208717
256786
167820
171121
215244
162369
265022
241605
149308
234729
233691
147349
205251
241938
246675
158905
212532
218085
249479
259714
156799
274244
148448
234166
149180
249534
142668
267077
161031
208984
138118
256399
226517
146882
266959
220997
199388
162675
168072
271264
226174
188692
250039
246462
148079
234092
141612
140257
209788
226593
235286
260060
146620
224033
269026
258019
171007
157344
158204
185282
240502
155857
164584
171827
190687
249727
273015
187701
241821
180345
237778
138840
148649
176965
249083
230391
225046
210536
250193
246290
260200
224360
218862
254593
264118
139749
202617
159326
264063
153927
232714
193942
255661
169889
254077
261166
261723
199409
271268
192767
191146
169795
239374
272906
189343
165878
185646
174809
212087
145760
149879
151638
156347
205934
173146
149265
194538
200422
235226
159062
232173
248429
182930
253887
203284
267257
172592
272214
273243
235201
209075
175053
220839
197740
139349
247751
204194
140377
270514
221291
172329
225956
163251
214364
166404
213257
156308
161733
204373
144352
150289
268791
182352
154136
169683
231338
177406
196717
185827
263342
194791
202045
143257
179848
157927
255988
232745
208837
181110
209395
191975
159593
219290
268116
158813
259836
193113
240724
238959
178854
205615
212536
154400
208530
223441
170142
160223
155582
146804
194120
187107
198627
231851
167468
166189
180965
270608
254618
246943
189967
152665
181325
183304
255778
205232
265666
209650
217317
238592
270054
241980
209787
246850
254765
241551
173358
237859
236330
201402
198515
189030
171976
257085
205736
149623
264882
173961
270607
154173
201995
253002
233224
160590
202142
180106
272748
244711
222277
266356
234778
173596
144558
154205
171823
153221
162401
256392
202518
142439
208251
260786
177735
201760
224609
213787
269194
190638
211442
212428
194556
222403
227028
204315
193257
229414
229078
169562
259107
183523
262221
194289
265840
259002
215739
171909
211707
237694
174472
227990
169812
159842
211120
206817
170885
140686
183380
138219
177115
191955
155961
260191
228200
176425
170539
196108
221998
161774
239952
205597
196281
222861
263987
217542
154619
188296
274094
264465
257561
231975
195221
187286
267744
274043
178281
166061
250129
213536
209692
153401
233642
206016
151261
218890
175791
204868
258527
256955
259672
147930
177698
149639
253415
218699
162674
246389
257109
183561
189132
154195
223766
195689
240110
189997
206472
187789
232559
158797
190434
159955
146350
197744
164757
268438
239660
254868
201190
274092
223205
228522
269086
263599
251188
202195
256389
157616
193808
177606
159656
205287
207453
267335
227522
182913
180914
166602
158927
153113
172764
181373
155682
263829
209727
243421
250188
150691
250192
266698
185190
202213
181965
241393
151129
148045
214414
270503
205659
162414
219914
198663
174371
182822
242869
197698
248192
260651
219920
269624
166000
238749
270649
228117
149681
232277
265834
160468
144625
219886
150074
201906
155144
195103
199260
169223
201245
172640
258506
174553
256700
189423
211800
203641
142875
174053
243841
265606
206596
219667
207094
230448
272219
194055
237639
196153
242058
224474
192480
166298
260288
147237
206137
261698
219176
245232
167060
237807
251376
164240
222859
221375
141662
245906
223943
262759
153609
161510
174845
176842
191267
230081
210585
274310
266530
206240
266935
256182
264455
196354
163556
168766
203144
193245
164213
184939
152423
191671
264461
160498
252071
234793
147250
238401
217036
138490
165744
188208
174625
235174
260589
225194
263934
239391
245707
234388
255521
168001
249773
195971
163262
147133
140064
224163
210735
260217
150365
241090
186147
247253
148310
267680
250985
269248
234682
165822
212142
259745
268792
213542
267981
241535
149406
182209
149570
221363
269143
259518
175733
187796
229396
273031
205620
171351
207147
148806
240579
239973
165669
249300
195286
219077
194696
147781
240057
253438
251476
208865
164720
244315
172913
193083
229202
196022
267637
187585
226907
232755
199146
146065
193386
156097
146541
152050
223677
223947
209503
246117
233440
258379
183011
188200
191351
262818
187370
149494
175115
205004
250311
198161
229638
217183
200223
253878
235122
215490
251779
253403
256102
157440
150525
147456
269698
227786
255325
241201
266786
203297
185176
205151
174410
148259
152594
244417
235170
177437
248156
225751
162191
144740
253814
232131
261158
202469
187860
201082
271538
181148
169879
193244
172058
197828
161693
215628
188225
221726
188943
226106
223495
145416
273337
264220
268416
211926
194842
226199
209259
265374
198457
142347
245155
271882
179526
163730
196192
212136
263686
223837
218696
158639
247340
244530
239636
219555
267950
203861
240842
254107
235786
216267
261867
141960
267158
220834
242020
154425
251570
215215
215453
204112
139659
187402
248108
211282
193558
249843
233969
191395
255918
185195
214342
139716
167886
226444
265032
158742
176880
271671
202778
184582
155479
209526
186433
254370
164508
152021
217644
190924
218320
187771
147104
146208
212165
243815
265175
187297
239556
158332
265869
164523
270895
201374
247488
174062
252293
172086
184802
205641
214606
261403
150106
204988
192223
246108
219979
204039
196187
172222
252362
160066
174238
258091
206989
197161
251045
184855
189222
266596
148432
190855
193976
139928
180105
154074
268560
146904
238002
201531
161407
157018
190646
219849
214151
244781
193688
163453
141270
175425
178820
264706
273518
210566
248944
191874
177832
139762
147537
236312
227982
185920
226351
172440
179518
152852
141184
253058
176755
245236
201989
182310
153483
187202
262651
166719
235537
179090
229469
161197
172485
153800
152904
251911
229244
230967
254563
246239
143682
159792
150323
168912
249323
183883
228672
139164
202201
172120
218614
236927
178461
244242
232867
181042
155564
211548
265073
174828
155977
225760
236636
243753
269918
154691
225310
184980
221823
271579
150455
164192
202375
214037
145563
139849
160474
175296
139551
197046
210035
221654
213358
222067
240189
220987
250253
181514
200320
271181
174326
251430
154599
213794
167267
154591
265603
268853
264406
178456
236253
225289
273731
238777
185256
144466
241018
182944
245179
195130
256082
234321
159520
152025
190784
210134
178533
256306
224289
258104
231945
223486
202530
168692
178235
203479
255265
265045
152498
194610
140988
216088
143246
141124
259468
217608
189555
220612
247502
238946
260174
157079
222078
150992
267608
142660
234136
165726
195051
181722
147708
139095
259290
220312
264407
267060
268993
153182
232023
257890
200265
175195
151159
165011
225131
144957
232304
224221
167189
234649
148476
270860
250217
182678
168875
253149
262333
266892
269301
244286
144813
176667
220037
188413
266827
190946
191021
244945
231928
141114
202352
199496
235246
247596
186546
155563
139918
167145
184406
267484
155716
241388
186038
148910
245332
270420
216150
155662
222934
273521
252691
237002
230946
141514
236223
151000
214767
237142
146556
198832
254356
140167
178299
229984
246944
264872
247123
150857
190987
260291
140996
268004
223158
191831
171178
267414
212347
168650
223281
155696
251154
216689
259440
172320
206597
229799
195039
243028
159654
190994
258297
257000
269643
164061
212329
177874
210106
147887
163324
201843
244007
171352
244766
202801
191209
179367
204808
223768
150950
247574
251764
213838
185625
264896
262975
204984
250959
246194
224051
222974
235567
237346
169780
189447
138554
229063
208625
159641
187439
269421
190560
245259
159972
250786
248586
245931
214220
202596
205829
139203
178070
202759
272582
213130
188433
152274
198422
250436
159075
176523
220267
240001
165823
173858
254874
145454
164999
228205
233561
144449
266049
163267
235202
192763
234703
227793
138140
204268
172427
159521
207115
232601
230166
222524
146345
210921
256840
250721
163611
228448
204302
164117
240994
224192
177560
203178
198325
171152
217992
164468
222714
149515
255304
186915
179914
170760
181684
200084
203588
268636
165284
198399
222692
272955
201617
241280
249565
232395
180022
142573
227555
217492
197850
261426
185212
226368
240163
174287
145460
227720
181479
160983
146308
264695
210112
273495
200334
250361
220638
221465
255208
162794
267173
154562
164768
163031
227443
258168
252131
149107
163823
264516
181720
228145
151665
236511
180143
258810
176410
194761
152326
138762
243925
231442
236868
161617
248533
265479
208098
189156
235493
166535
145189
210749
161051
200804
142816
211645
271400
254110
241954
138846
180234
239249
235729
200552
210718
211458
241951
206959
232614
209249
244948
261895
200442
198175
227162
230657
233546
262565
204938
188546
254263
194445
198291
183739
222838
153966
158137
231954
271067
209351
145828
271551
143341
242395
262537
139984
223431
260616
146144
261749
229389
165849
270587
189152
269135
187624
237126
176466
231652
261893
249725
173950
239382
209322
242885
181282
255296
215094
149799
151183
141876
191948
139364
244470
186847
272774
272015
234933
207066
241865
226019
184593
167210
227242
191643
260798
234543
268206
173537
159899
242969
148146
255119
248273
232611
170195
256984
242678
161891
185610
273784
178847
176315
184444
145969
171605
251282
220119
155845
140684
221909
256040
244130
236343
272854
166123
198097
238165
171938
253048
171806
192065
245779
208070
265880
251085
215862
157908
238951
213503
225152
190269
182690
274104
231122
230767
244058
198984
190767
265072
184812
148226
143914
270359
232893
140406
164042
139157
247413
185100
208806
178402
215897
220469
252621
269399
234472
237365
238357
261241
232295
248390
251080
180066
146768
252406
148945
167583
236443
230449
260445
161247
193764
267042
192341
198799
229949
220011
262940
205790
190620
195022
147610
189926
164253
234520
259412
165720
225090
269909
248476
235017
182142
155172
153831
163353
241534
222509
149828
264976
235212
237991
242000
260204
181104
149779
237372
211818
217474
156477
226664
176760
247606
168936
172012
267232
158355
251353
256179
205229
193959
168116
230552
173472
181121
195969
175414
241869
160227
266253
253134
206275
174896
170130
251751
224224
143004
203356
268445
200566
179158
247497
266728
158937
268941
194231
166786
224064
145647
257938
239616
187031
165678
175965
208729
245805
168279
262399
237046
265536
231920
230027
266857
195486
236309
153355
143158
153961
152059
153051
147458
200475
274207
138134
172122
208623
165177
180687
253031
214327
159178
227923
181830
190018
165506
183782
174358
265396
142692
261768
243369
209324
231188
191082
173736
172203
234960
206775
204002
214849
184295
156998
269415
220073
218334
274263
152956
159011
169086
265804
224423
142429
241486
179114
233081
272538
183987
230780
166693
264776
218345
265813
166805
158846
203961
261592
153530
207586
209153
167296
271702
219403
233320
152184
244564
253024
151022
220805
270648
193168
238446
179974
146231
191463
181633
149367
201276
171725
213910
160804
222152
162090
186247
213863
185928
156766
193630
170155
272466
224549
213499
241332
271002
188403
180079
216383
210632
233275
158943
266564
148387
209532
266543
245731
170542
177239
188010
161312
237769
227037
259020
144827
248247
220926
179736
188419
253338
184632
206019
234179
173063
156796
269867
166190
266610
199299
224933
149412
250818
189256
267457
206814
150420
167184
148025
261989
143958
234005
253969
228870
193323
210470
234422
140560
176083
197113
177975
263080
184528
166219
203625
211513
187576
255004
170560
166335
142205
260120
175477
226522
260233
193627
173186
213301
260953
138837
146268
266338
167049
182201
247650
165321
214723
151334
273447
247689
156867
252667
232861
161440
142336
165215
199721
202818
178814
190535
237039
154169
223442
188837
211485
219967
148439
216421
186315
241071
214222
273027
175066
201193
262122
162731
230495
211779
181840
144118
267975
181879
256821
176484
226752
269050
238958
142362
147015
242917
158213
222111
263868
266246
261834
201344
208630
216106
234943
154811
228530
157499
260701
191619
210103
260341
208153
180765
214039
209198
162969
150933
153394
183421
148348
168502
255201
240604
168174
144847
209448
224852
174129
176292
191257
172559
175697
273446
152889
231942
221945
165973
185700
273047
246300
176798
139848
213366
266690
159998
184894
249099
237487
147517
222581
207073
180456
139077
268662
254787
170874
141079
209392
213613
212069
237829
150385
153520
166744
166824
261471
252474
234445
166017
191415
148358
225212
152132
245242
263561
175908
252309
174352
184758
241337
194996
212952
148989
221446
185382
171460
238975
155321
179460
246445
263990
182127
199954
272584
200702
191513
272434
211303
269607
266249
250209
176423
177564
266738
227492
142913
201480
222867
212544
215669
164963
261270
156299
197955
229126
218472
195875
260210
227627
212344
267426
272334
204096
270398
227405
147197
190965
269134
149236
212598
193461
145530
195143
222194
218336
234415
171170
247651
173240
245380
208324
235397
153073
258854
164969
187177
272714
160673
185805
194895
235430
171843
215560
241101
181055
248414
148699
145061
177947
144887
262355
159926
262601
229666
169002
265673
260469
210078
236779
159243
141152
260623
231030
205544
229026
140387
160674
262046
205502
261024
175901
173122
258082
224208
232600
206164
265097
141607
217449
155865
178290
264629
256724
255305
172273
235251
244487
184915
238605
271340
176511
270220
266633
178555
144409
220542
267528
274090
171244
187622
204674
257662
193813
250737
153516
239308
228795
171089
255761
273475
212644
205703
217788
259549
270802
152876
210157
267164
218444
157724
244583
172793
222472
149100
226966
157693
138829
209265
175122
167053
181949
224715
272755
257219
249515
235563
200348
264134
138519
208397
143697
149666
221334
242940
234936
267749
187717
151687
234145
263848
156048
244537
178695
161171
198082
187605
185363
227921
264747
243281
201846
164602
243165
259001
172837
220616
206000
266651
143410
148311
187260
183932
255357
150647
201711
201786
169701
195730
213668
167276
212292
199884
231075
253485
227432
178840
220330
159851
234922
207645
195754
159984
173053
254019
168199
241495
250451
217629
193563
144259
269782
262396
266224
166040
209203
159728
256592
142554
260741
230052
206625
213754
261501
218922
156992
219117
168670
234959
224950
172690
227564
218546
184154
214170
261773
251103
216670
231777
151742
196607
185731
144254
151880
234051
198946
213277
201169
242627
157728
191678
147896
139763
217044
201811
254756
162417
271084
212016
227790
231876
150024
265693
179287
240715
204607
265805
179860
257589
252784
190792
168653
157054
234544
237102
204450
151418
206196
174365
270303
173764
265314
170853
141478
244111
182339
141499
228880
272908
262805
222414
167538
267320
204540
205910
269591
165671
183732
141290
259708
150693
229257
237272
255630
175601
178051
214785
242226
190074
180466
155552
262689
176035
199818
199972
192543
177503
262468
199137
231579
254555
161374
267557
213940
177566
187380
254429
253244
211042
190153
191540
176520
211942
173140
214768
211261
169184
202031
236313
144445
152701
179416
139606
180054
238674
247838
208522
262746
209958
184401
139505
157654
261128
224524
148046
242256
235280
259696
206033
260814
142374
143090
248651
223450
191462
176961
251513
191304
169528
221040
161120
272794
179872
257903
194123
231605
221618
196472
173407
205519
237579
256450
163081
153703
144639
245575
156901
188853
139547
198103
160794
210885
155441
148190
177522
164168
140726
236135
173934
256035
162550
161710
208556
223089
159049
220517
189920
232007
230255
229986
245078
172506
161172
163350
209710
159456
164409
233733
230310
240253
167079
213645
268832
171142
189557
215480
260311
205146
267011
230088
273363
187025
253754
152966
198192
215163
191983
219918
161077
189509
244189
259073
182882
174162
228332
156222
272932
186808
183982
166637
146463
218819
254418
245693
163054
264837
180214
179801
204438
204327
169921
186270
177388
232265
269564
255755
244065
212090
199826
189766
208557
155305
176076
238414
155413
190279
271465
194563
251576
255871
251299
261650
240753
268645
214600
244219
271147
148162
211781
189050
207131
214760
240255
149883
163248
202882
228010
228209
226545
170915
264911
213237
232464
265654
168914
145007
243090
245833
168830
182847
167445
270388
274146
254522
147803
207410
229934
220103
226783
270556
205290
271368
157259
155095
260075
251267
145159
217460
242328
238095
193997
182706
180056
193608
186803
248382
215791
203415
166019
148942
248386
184128
144588
152950
204558
260152
195579
261929
269082
148813
271362
181176
203392
186426
261970
161338
211549
209343
183095
212864
234735
240659
201571
148323
254377
236807
157606
212520
186742
162972
166492
270535
209794
180140
219645
238078
234252
183928
255523
168421
176140
162215
246682
258915
216598
220135
255285
272407
261877
230966
250484
264925
224905
239460
161879
177125
223921
223174
157831
196191
226656
187079
152671
212461
273139
170357
178664
245264
234068
155064
242046
206549
224451
226818
188143
235162
173269
184052
253820
163519
245247
224575
256550
236057
153755
238330
216107
200142
237468
233723
196557
217117
224958
145796
161204
261341
161254
156475
259689
262860
201328
158316
240528
201923
252037
148730
260852
155501
192568
204023
175764
186954
157995
189786
237688
174889
199696
229313
139678
143048
210236
155290
179178
243613
253843
213289
223929
196322
202401
185128
185552
157992
237266
155574
151603
186470
228129
198163
230547
217628
214303
239827
272984
229091
152548
191235
238960
163839
142187
239779
204236
214795
249363
233176
165155
161629
154334
208812
171168
188874
163308
187033
152856
204093
236093
257857
238434
181295
236418
184062
214608
141939
231902
207895
234449
211963
241925
210082
184949
166595
240350
271581
149882
155568
211641
264467
270058
142667
226370
204101
272522
263062
264353
158864
155438
229150
139533
187227
214006
171882
151773
241259
234654
206841
265088
231558
190070
174634
196833
271611
261211
141423
160832
152735
186731
224175
230599
272827
247672
157484
218802
178416
166071
168202
205087
145824
218060
226857
160922
174600
208310
217969
216691
159322
201130
270552
245733
249396
256730
238695
139673
197197
225591
238032
197849
250814
226069
184347
172517
138322
250180
174274
148891
169531
250621
266066
227412
196616
205135
208947
172478
195093
236214
154424
234734
159335
238686
213789
187581
174462
212527
243199
155707
182483
248861
223881
270933
255961
145420
259880
193192
214318
173465
205942
213826
144422
245451
255127
138356
180413
241679
269030
158164
169246
183210
180219
209863
222799
229166
164196
270517
263158
272479
177903
141549
206657
216102
208764
255159
199794
262965
145797
160008
176627
220155
272531
153658
257483
217419
229716
161784
161887
274394
198234
242249
229663
224498
273452
212834
243194
273368
255294
164143
207647
205950
146288
254631
188611
226538
187541
268761
257375
266214
150331
248265
225431
154272
156569
203198
143661
194796
221916
149930
139392
159692
258135
140104
212972
226895
146114
182829
273436
227987
234554
183613
177459
226374
194910
228607
232123
254396
222178
160782
180333
176696
270937
265196
230600
184385
240750
243939
178632
149076
222449
149285
196974
252578
234596
258802
146305
229171
227628
210390
205637
148128
214941
164005
214521
248517
155215
166554
143732
246424
206648
260751
174463
224284
154611
239086
216084
150500
214430
233612
162664
274205
145690
151616
254198
218389
184957
218438
236387
151973
171628
257913
179300
273046
158493
162095
200363
156994
186567
265982
163795
243393
150802
176433
265631
210786
160574
187974
155087
173676
226297
191153
248327
143131
252701
272795
150399
183918
266855
273621
206923
229083
265087
256438
170996
174227
154271
244289
232776
155835
222495
167509
221155
235652
189502
152468
195558
175420
210886
194830
216245
164303
146984
166319
244206
188173
273205
260042
219246
143669
218868
267839
156531
182586
144755
236811
255141
213950
207915
177941
212425
264654
176419
167569
170895
239062
168006
245594
226562
192794
256053
251718
274045
185084
156843
204601
215775
146526
253708
182237
220809
184647
265415
152454
262639
230819
151284
230329
221671
249459
154207
164215
228815
194483
253659
247351
151527
238811
202266
190874
219080
143334
233466
245039
272431
140458
150592
246057
261065
215025
272081
153309
250383
198524
167362
221076
232204
173687
257090
162727
182575
153436
201141
209913
267342
225416
215000
206391
140681
259353
171673
272826
208745
223150
145775
189492
272370
232655
200831
263572
195127
181056
245154
163746
169977
269733
266638
219435
216206
250516
265256
148312
212902
197708
236558
258139
225662
145856
246329
180337
147817
201763
232213
230719
160194
190819
243831
167734
184661
195076
185183
251386
263187
217513
156349
193842
259146
154769
235828
148036
175649
270683
257797
176890
208178
272693
227868
159010
169539
226438
264550
235259
146604
139585
148454
197214
155782
248741
256447
168254
223761
148303
201673
262155
159616
219854
156037
182612
176586
264021
258075
156899
266009
213355
197510
230022
142589
149106
201755
212077
195739
150920
219479
170940
201633
266220
197689
140325
265038
179631
206155
250238
227772
183631
145088
173968
163993
241708
213523
209067
153371
212177
273026
207033
149704
213952
204431
151085
138735
214735
230150
216503
226574
208202
183230
235156
175759
144866
214540
230974
196828
180504
171491
162371
182307
192581
171862
175419
241697
217673
273462
191398
204481
243108
161416
161356
153120
235552
203442
169116
188456
224716
139312
192882
194389
165623
173318
247275
191783
215263
263243
186592
239896
238931
254045
155055
262286
268924
194709
248162
201419
234218
146673
214008
189290
140732
179820
155322
181537
269629
200326
263803
144552
263306
255425
233269
226380
173748
189151
179426
265802
206425
166248
169232
172207
256350
215007
253949
147907
192688
188616
191342
148366
205729
202601
247814
156339
187810
215644
172533
239365
266971
206528
216924
251804
193787
198675
234986
139473
245284
220870
151912
167645
193879
171412
168050
202632
184931
242742
272850
218782
143735
273186
225127
197936
270434
255967
220520
216022
199910
270014
246772
188963
206504
139981
167503
209938
197939
176518
142555
217276
164654
146635
195597
273936
169908
161881
223511
259674
268710
163651
166921
181329
211204
186574
218052
193869
271390
246968
149795
150185
224455
184429
231160
197645
199503
223497
252416
191443
200822
188897
248629
209928
266793
155813
174944
207796
157624
192623
232633
139679
181640
265450
241193
247316
234085
219035
175659
170478
268024
172040
241778
252528
262214
168224
172943
219624
218290
139808
202104
269989
146987
166864
198569
190021
215574
201841
249790
212386
175378
224766
208437
142262
188259
218114
215587
219828
204245
240536
169395
197452
237415
216023
142859
173970
164041
190524
169785
262788
220201
265154
221662
186159
171742
219952
197018
170724
194213
161577
237930
167001
200350
262390
227724
169591
144783
272843
229761
161034
145646
216742
206335
207797
207045
189665
176349
242232
204848
260590
187432
168746
205340
168005
240769
166669
189467
270707
201393
172361
254227
157833
201085
247951
227547
176900
165183
151595
244816
170275
225551
209942
181520
139624
200948
239483
141765
155773
266305
183736
265797
149889
170587
149834
222552
152046
252370
271459
179190
191531
148276
186835
228976
234336
168031
164496
143110
169517
230358
204030
155591
185375
143860
196809
252877
212485
220832
242312
236997
210008
151745
138764
161565
227826
163074
202838
224909
266137
233960
225437
214866
234467
258573
240941
190573
212770
256560
253475
164847
233575
180659
224155
147897
241371
261352
186993
235183
177138
234572
175592
196564
270436
149941
150439
273191
212528
210277
183948
207449
205036
199164
192086
215800
240150
269640
181674
161903
225675
168220
240664
144360
181867
158762
193384
218267
180024
172073
222348
190911
159966
191767
172502
241647
144926
247136
178700
155818
258462
247416
158662
187750
185202
236441
214386
175411
194651
193160
158395
180037
194637
212132
142874
145591
170266
274049
261469
139754
161612
206107
232501
258181
145346
231697
193894
210920
192515
270490
176277
199408
251291
259701
250710
164467
249432
255842
166456
176046
141196
226923
203146
249823
147093
196110
236976
203979
234317
165676
174862
247254
260299
196734
228901
176984
247634
234015
193293
146681
229615
204964
244929
212396
252999
205700
149981
182363
267809
177531
208640
273019
240884
160090
211135
171794
273600
182426
195335
225721
219334
273341
153296
250669
199927
160555
240707
179837
205576
274366
199212
217664
201240
266210
261116
270792
270780
175940
203698
167923
228840
220574
224517
149178
149967
264030
214556
230327
243051
215712
257417
243710
252445
243721
142227
147683
261782
217520
222437
156671
256284
152610
257068
248937
266775
221556
218184
225729
267501
168513
274186
238048
217813
142702
228594
238128
248696
242299
186898
222898
255511
239432
233106
153345
161828
233291
161607
171985
230025
241536
203531
222607
144292
141569
263493
188578
177060
228074
193480
223288
240549
198537
211501
140140
200165
266162
208347
158447
264089
146602
271206
192937
153653
219937
187929
150656
227348
140187
271436
246863
140642
207589
253742
256975
234498
203371
145245
139282
149311
227014
216139
249245
147401
183167
162325
176075
214399
140691
170517
213346
238162
191365
243792
176165
164368
175203
249211
226725
201488
153194
185941
226560
235011
268492
232387
180117
139024
163187
148767
241859
266526
215288
156508
149439
225024
140389
193760
191343
202575
225848
260245
150819
163168
253522
140674
155333
165855
231584
146678
252488
224906
157822
256014
220989
238974
182425
250831
166010
176733
272480
247622
201921
186860
156286
225300
212723
211837
249822
165270
141731
150628
184640
180785
247431
196545
166873
257432
267357
263404
192357
203382
162654
191969
173469
215756
207859
152107
158989
154379
200354
170966
193542
146944
158723
246312
244836
173655
221684
252475
142373
214535
210146
196215
140591
164295
143874
203258
172907
147408
162623
251166
253518
258978
262109
204247
155251
139475
245019
185333
272362
186989
162349
191123
222825
192932
169481
197246
258589
271120
252177
216506
207465
246612
156234
142215
261906
225786
161917
160492
238057
216505
262166
254919
234168
172035
155194
231690
154958
203520
241344
180184
156210
198733
269498
139712
173558
237397
162190
235282
254072
188002
211198
202798
259387
145586
170706
217380
228094
192285
141858
257958
147029
158665
165723
223655
272977
237489
205357
254475
152638
221265
265828
213723
182700
231737
257118
262896
149356
169075
236646
211904
256970
206427
162434
202296
164234
138658
205515
231560
154068
180779
186913
183617
181910
224479
159033
259426
146909
202177
236983
146004
159213
251727
231849
219953
214172
178209
235898
264876
140883
138607
253908
173716
236292
170981
229044
159105
207461
190234
197137
171793
255997
199262
267052
198878
218136
227113
250702
152268
178616
215019
252937
168212
210767
156787
219560
140247
217383
231827
260750
175404
260533
152972
223273
238408
250478
252212
215455
260787
167264
237451
231011
262641
266627
186215
267556
206151
257616
274407
178436
231133
241930
251286
163661
201339
182117
273705
195191
151859
189098
191076
244079
229406
178382
209813
176470
257609
269356
169733
185636
197486
263571
246901
198197
152824
216266
191703
263746
169468
158847
139220
228806
242657
149830
186489
233025
268334
174761
272636
150353
230751
199539
158507
273339
255966
212613
268979
167159
174291
222167
252146
233376
237604
177902
249993
250388
150689
241042
189620
184660
196035
231427
204962
165264
212904
217405
213635
172664
158159
196528
237012
268040
268365
179785
213737
228427
225825
193698
163945
262701
267268
163584
206818
187190
266012
242896
153164
138578
149861
234338
221354
224918
203338
164577
158309
266558
209613
179245
211700
256727
200623
268892
228939
175673
219460
235420
242522
267721
190533
232810
140012
211658
203202
185568
220624
141728
208670
219712
271874
150218
140113
143215
234004
180451
166401
267773
156525
148450
209467
235708
253331
227374
215519
227373
263592
243893
194979
202373
270453
223212
241612
228170
247027
248838
236143
139966
272459
140593
230445
270391
158622
271157
153827
180359
171453
212573
184000
211467
159040
183243
231285
176998
141430
212574
175525
173224
188257
243839
250852
144307
215045
146351
209135
223995
193993
218806
250970
140485
222218
150034
236881
233653
170722
141213
170776
227009
213330
188455
255221
158614
236765
241694
237723
196301
242265
229473
234528
145642
254247
235512
138492
145303
259733
237783
266970
209632
173195
240720
194692
185721
270278
184817
273754
174456
158977
274200
198155
200628
162078
166527
186288
233573
173045
150085
261619
184652
157376
267329
144835
159274
156240
197081
247108
148688
142774
180231
212288
248054
170241
139350
173049
157296
236607
145854
185125
162967
254733
167501
260294
161244
257610
250844
274362
265808
143902
175931
235326
263608
230437
207995
261588
178110
267370
266975
237550
141343
220691
241356
156561
265135
139391
237380
243215
230816
226586
245697
155644
234161
247197
220408
184413
242233
189987
141026
183872
242333
189508
188595
258483
186659
201234
153129
217035
250935
228623
203066
237872
262793
263751
247878
161408
260775
140281
193570
171603
268208
265329
188799
267259
272153
264411
249652
250315
272891
193151
157527
248707
167550
245426
249946
169869
195411
189312
267825
215634
240697
197608
239223
181364
184888
226379
226526
246589
200780
230460
246158
230576
195147
143109
221700
221770
169863
270369
182872
219653
254754
155994
178732
239875
182074
171247
207029
233942
189497
195681
264379
185290
169925
240365
159613
223246
268031
159384
249126
204182
198035
182898
267533
228985
272654
174268
196797
144432
166408
239916
175488
149147
144414
248397
251266
173582
189781
191350
262890
145742
235447
266290
250511
202799
260451
178400
258713
172110
270591
220097
220176
242536
211387
219461
185230
144916
257897
227525
189539
259752
167238
201944
264219
226997
162416
203150
244605
157229
193736
269107
207784
212244
178754
203342
150712
156089
233293
155111
217410
248806
268757
224989
223375
272586
147231
198670
201049
247418
183597
179107
214023
272052
235111
240971
249982
219671
264755
157106
239751
179361
151470
166586
239049
141928
162651
207534
249699
177575
191430
220841
178991
203305
245865
149715
157941
149455
271521
262235
202006
191561
154639
197271
243494
245869
230910
198786
145343
238391
272049
225796
214407
210838
176444
143469
164046
164336
227420
231844
196624
260521
230289
217990
216717
259774
221858
192908
160283
264009
213169
199238
260487
161282
251874
229231
274143
228668
186841
183799
260125
169453
198818
224193
175802
141577
204617
260123
152894
185472
166210
154478
163049
139008
197754
157082
227416
191849
200019
153365
266447
260148
158146
194609
235597
257394
173796
211991
199437
237393
242077
231533
255005
224497
201490
154485
162466
226107
146757
150103
148449
156595
220359
197351
234441
219709
192622
263692
145758
191758
208157
143549
204411
150883
154932
173937
235466
205070
269681
233597
253526
250809
138501
213796
248013
161001
190415
168802
142212
188704
224200
241517
222441
237590
266782
173512
233680
147228
159160
140109
150345
232264
189390
142232
198593
140630
267056
143493
167968
204550
166018
188261
219108
264572
220004
232121
252590
181951
152550
206981
208724
205364
167671
250177
237843
174930
270484
232191
268626
248188
226125
211082
139732
161350
156795
205285
259321
249239
174428
166238
254952
197207
228621
256933
177901
190842
222227
168730
211242
205628
268926
160925
144726
223368
248695
264662
235534
157379
214617
245453
198337
204313
176289
166835
149840
243966
240646
269592
176510
158903
211267
182675
191713
158533
188822
230681
149772
187464
263091
217888
252244
207287
221318
147196
200303
154348
194680
183672
212954
153400
222991
215034
257081
156258
255578
226888
261131
254718
144123
207216
223726
234117
196643
215532
222289
228476
148934
242659
251457
162712
190435
251759
258736
181856
166357
166159
238469
263621
156809
147798
247009
149087
177867
231973
221664
156101
242316
157253
255851
213252
231981
196750
138194
216381
252042
217437
272368
140372
196861
230064
266456
220233
241986
197896
269677
268978
216094
236293
154185
167239
159499
177481
216096
237810
189198
240656
235634
193288
153173
258770
141630
251488
240283
227126
247959
223616
250594
254316
233178
255181
206499
212328
244934
172543
159137
230197
142185
258128
242034
238394
248230
221978
231112
213931
189979
202885
176714
247037
187554
210241
225413
265660
219279
142895
240572
270237
214860
227470
262518
267572
143855
236414
257492
267388
239094
151904
243083
156145
182992
257488
189726
145745
174285
191777
230243
215372
214350
150249
148130
215051
205237
145140
211512
206556
141479
198997
265084
152630
191719
174289
248572
207908
198374
200872
166267
142282
199001
264569
166305
253413
243700
272846
261703
227479
215713
202300
236088
168397
230356
146781
191470
182878
271701
245774
207386
216134
206095
268680
244518
240275
157609
146558
185504
193420
246374
184256
192168
171613
235387
155614
185581
246405
227896
156565
229697
260117
206189
163103
231186
168586
255850
219200
190345
259994
231168
203906
211302
204363
232477
219565
181940
208622
154483
174101
199862
176298
266862
152140
271326
233540
208561
243723
218884
214183
139149
242208
190817
207345
207677
259269
262726
263674
151920
264315
237235
177333
235504
166704
213202
208877
195547
220961
270718
245429
152339
229077
164887
140459
270079
159519
257030
273572
202365
199477
255876
161960
157856
165373
174534
250056
199691
186075
148335
213576
259145
138534
172824
245725
225466
268925
184877
269208
144013
156360
140035
150502
175174
220541
153266
218824
165842
206117
236887
217730
224819
255037
256029
250324
187026
222844
139338
217041
188123
210164
197969
227316
226828
218277
270597
223598
237161
153811
242688
251355
255363
153728
253747
233792
192674
231274
228300
193286
168525
156616
147191
154458
167048
149870
237926
267304
148380
179137
184273
196814
189265
191003
188411
215881
269709
182459
148764
241658
195715
242231
152440
265357
272254
201247
233660
249273
208094
182281
208172
162642
151147
214444
180848
152611
249510
200089
200802
197071
155923
240556
210823
241135
172564
215725
174612
257565
163237
226708
170516
192393
152703
216269
184264
253046
218209
252427
213126
209940
185462
153542
193200
245993
179774
234510
193490
235839
257643
213776
143607
260051
267179
164700
146911
143568
245109
256576
213829
212626
180210
223397
162264
228429
184320
204123
241154
164931
222672
240296
176707
203754
234157
185992
227744
264932
210225
206543
188802
249072
150583
208855
217985
198037
217995
173841
267916
209141
243498
195711
258857
173066
241276
273594
162537
194184
225622
169033
239060
172289
222790
249748
267536
138960
227865
140776
190450
164223
139888
155463
259487
220757
173740
211158
274324
232830
228515
193175
194860
235906
172668
264067
191041
240906
237937
190553
242277
236249
206244
259902
262673
242728
268307
195417
235149
154714
230118
195928
219255
177871
228914
203043
155898
232532
217687
188359
252581
245195
201286
261238
158573
188447
147406
251943
229981
207780
234293
196236
231923
206907
168499
177794
267030
268651
219440
204485
181453
159859
220524
198811
163599
226346
166866
244901
236001
202997
228443
250121
185132
146920
202872
149505
164465
267430
223402
165770
153700
258309
177672
236304
211529
273209
235467
213173
192156
165386
176133
260149
216508
239619
233443
138811
257629
199481
243739
151524
273172
238723
164315
266502
222894
168416
156842
169201
253602
148230
183869
227097
204608
192830
191673
228517
190341
152592
175829
243243
157063
200620
177673
221418
233978
206081
264578
166097
242419
186502
201097
253856
267184
243255
223859
205271
272616
150619
191121
233225
201505
238133
268047
143631
226165
186174
166339
146903
216544
156973
242698
196658
225842
177077
171644
215871
168108
209618
141537
182284
215530
183980
259757
236153
201093
186128
210766
153027
163395
256152
161652
201314
193064
228390
163080
219962
236297
268420
224099
263710
182046
229647
240691
171234
213266
239670
243321
139653
230825
262315
220173
236373
198489
253534
221807
178193
244979
228202
207460
190405
253924
200505
153547
178409
229653
178266
206964
185988
162681
198612
235392
210719
201927
178858
260692
204103
166570
260098
232652
195374
233912
244562
202424
261755
203637
219173
212549
202398
177986
254342
270031
154186
186843
218207
179313
229869
176962
264097
252541
231595
147267
262529
249638
198390
236284
239772
191192
225705
185714
219433
261050
256659
187733
265182
244320
215741
245472
213607
221393
144225
156847
205396
166584
208330
230001
220423
175813
234479
250280
232071
228963
189480
266473
184880
203287
165771
240499
147740
151710
231039
173931
173316
205497
157935
185056
175882
245793
260205
143013
165062
194054
145913
213985
149604
150409
198911
156608
221862
258044
262042
232039
194569
205924
139319
220157
253497
272495
171485
150901
257975
175533
260382
157727
268735
236176
244123
240952
143737
260928
140728
255641
184035
214873
220642
159181
140413
255418
256016
149378
198683
271047
187329
271626
251323
144049
235144
222896
197676
235789
228820
237758
234675
231194
268627
271238
235293
209506
141141
208785
260591
254185
181944
184182
242909
193446
233354
148395
273590
235021
226341
188177
169383
172140
263851
164025
148816
239723
192998
253049
200164
242921
259609
270269
269898
221627
141431
169687
211604
165141
267065
201630
261843
153967
200668
258161
138804
223393
150577
168607
226823
217430
239075
174259
270253
243164
234832
246087
208839
197426
265313
164059
152720
256044
173473
269971
267503
229906
239267
271193
139253
228182
252321
236782
157370
274201
264254
207244
230706
217676
228157
181489
145221
237021
268588
236502
208068
268156
197365
144462
197995
153110
251596
176927
196375
222961
152116
252761
254454
231126
159573
201210
144641
231695
144672
172367
227747
171445
242246
160904
144365
188661
175677
142847
206192
149512
190712
184403
166696
226012
218450
205812
210889
154603
214495
230292
159307
180486
171718
208654
267905
199984
180436
256170
271504
174755
160975
195688
189354
207555
145004
171988
259219
156662
191339
250323
261232
178975
237746
195724
242407
146738
202524
239746
139752
162673
168575
206160
147139
186628
215410
225988
194944
235043
252604
238205
212941
243252
180637
261803
210586
259155
248208
248441
259762
182881
172536
187285
154474
162275
144045
169931
181323
215417
191898
162932
240681
159188
150079
214840
231420
234491
147926
157507
159292
253389
271665
190496
201878
265176
198409
185883
265697
147824
248876
139288
251344
196036
155210
231116
230092
243593
143488
180126
200879
209272
144802
183628
203474
265793
241382
228692
142625
154800
149048
238863
149957
262614
181098
182369
269975
224619
233512
272659
220551
178451
193074
166195
239632
250078
154872
199923
145089
221132
198716
138206
266002
197332
178177
224317
229784
147324
241196
227217
239127
226730
199447
147627
248022
167947
178254
242274
256673
234386
210541
232494
209562
245403
172366
221692
172482
193103
162535
242244
187574
140942
271064
212197
208344
150814
244674
191542
157027
147417
140532
157303
222492
252537
251953
160645
246285
182528
164063
184407
228526
225106
231810
205331
215162
185444
260021
217886
210991
188311
150193
225276
190478
252754
272896
245119
251208
236231
230248
265164
223251
266788
264983
216911
249270
144220
249383
243233
216289
163655
197887
208693
258246
161826
188030
216158
239430
245627
180826
170815
259784
251860
221546
203887
150305
218249
223214
202460
185243
269704
246297
146027
268241
183886
264771
256551
218380
193910
220746
272451
206258
208800
256327
151893
232217
271940
263442
191077
155103
139556
157129
148913
260199
170380
263077
177513
232619
158648
234339
217773
162540
194768
201661
199152
248335
212463
175792
221430
168742
199620
230519
243552
157093
266950
200181
193125
242235
226768
247439
140990
176101
200419
236204
224910
184814
160239
148574
268133
143751
138333
147582
175946
184667
152605
182806
171946
239090
158741
262981
182274
212614
200713
162202
214315
224679
242207
195863
150104
235873
197115
227546
142826
189453
272992
176318
251126
185417
197243
252768
205438
171525
217165
214286
219185
199446
251901
160087
220993
138152
246355
269503
268068
205130
256362
167418
169529
167234
217381
229489
209072
214653
198731
202350
245783
149782
141014
248284
138668
250828
154668
168462
259922
227020
273517
174882
224597
190588
208345
257456
160876
242583
169372
245230
142290
171172
233251
198634
219104
206900
158550
160006
224861
223433
149429
140524
237479
253874
169478
240719
203958
217817
180941
242293
218147
163013
177641
186674
178662
178057
266683
188452
154724
163191
239656
274354
232028
229786
217320
252026
180860
239625
198793
150038
199880
200293
260289
186478
188213
142139
266204
184573
184072
207580
228720
240891
191137
155964
141044
221404
212316
185652
208927
269934
180211
259243
213242
242768
177705
253740
192376
264792
181030
182094
194336
223558
199161
205138
215436
146766
195874
212038
151315
202407
254496
164037
170046
146353
191417
253637
167626
162804
138495
229412
159431
188176
244453
168880
193169
192240
181471
226594
235152
173791
265611
216428
221209
245124
185278
171279
250898
207688
210787
237725
264570
242988
269850
169504
228714
219629
227787
187610
257343
188451
182772
171465
247251
227856
255432
146431
257604
177083
185705
270905
225773
236794
218674
153723
264781
203570
198530
266931
169206
228034
196113
209050
249991
157483
267466
252707
245222
263324
206420
269532
152961
220722
149417
171241
174692
196194
211048
265404
227311
201972
176845
222842
175460
186181
166423
236316
272945
214904
238368
251026
185032
270175
214095
267582
186462
159817
211079
196899
257907
172258
266347
241909
197786
257477
159948
176975
185109
179548
187821
219860
245443
176543
244118
248043
147928
186061
217464
154065
173359
239259
273472
198722
246303
244742
248351
145446
175756
179160
247495
263913
207886
184792
184929
144331
261349
268809
250325
168314
259235
272681
251692
177433
254528
195887
227587
163687
154552
199520
197771
193060
155532
266589
204612
270729
220941
256739
183329
212642
244465
146616
208681
152579
178974
214238
229452
243609
147704
243495
257872
244514
265524
203672
236031
251326
204648
212826
166506
202840
225324
164781
240683
148967
168671
259162
211682
256124
244828
180656
189365
155517
210512
230779
222721
187602
138914
218439
268469
172188
188454
171569
210539
207340
226869
230494
247269
190875
236831
202750
244612
154930
193033
183101
269917
176976
242248
199419
169042
182072
150799
153905
199069
235944
138709
171382
198563
266701
270952
179932
215846
189491
185435
195308
213598
246277
261542
172686
192099
235566
190744
178344
167882
190519
159505
150352
190996
244855
192960
230019
140943
183164
148598
194169
202313
143780
144701
175324
182640
160681
226575
187111
150854
166913
175005
256277
245743
165000
160818
218843
150773
213347
203028
164527
272417
159958
271798
207533
191894
196371
258855
144419
247925
227860
214614
234439
221742
249037
147921
174278
184231
257254
203295
158564
183984
146999
213222
192552
203629
236956
215727
141586
166765
250845
161900
233395
244220
267742
230887
163548
177976
256238
251206
209061
158707
251891
184584
266969
215308
221625
219966
189451
194581
213312
174017
145679
181770
182347
173008
224714
146372
263951
140807
155169
174128
189690
272729
223320
164049
211692
253427
222056
255572
241339
248012
181616
271073
220220
264510
268498
181794
235428
178371
179120
231349
226228
195655
204005
188345
243163
170926
227512
227931
151357
197525
254438
174598
167340
148038
206598
162829
264026
258666
223765
239037
181552
248210
236476
174561
182267
228541
176977
218371
214236
223536
138799
224585
243611
222849
213054
230566
227559
141373
177817
198955
168423
215538
172741
160549
152633
203673
248451
156483
198850
155249
201797
185666
151141
146280
210914
196961
159331
180048
159416
256911
157529
147483
205819
265049
207385
197945
228371
183746
226186
220737
215939
232444
239327
194332
148548
208894
258559
198300
204403
268554
233329
207483
189449
167439
198636
145658
160886
172874
155543
186321
249814
200450
214921
170464
223102
221956
207535
180569
142430
235142
191780
200197
178395
182122
264862
160976
149465
223357
156808
195968
257391
270993
190743
254770
174525
139052
157851
204563
206171
218046
170072
165979
140815
141168
201838
217408
160810
214388
161498
241913
239498
188967
238798
239568
192984
179147
273287
220276
215809
140600
224728
166826
257586
211869
208502
249860
240146
177346
210463
270345
209984
259682
260859
187561
171343
179799
239798
191845
153895
152340
176496
154829
163653
155303
197245
229467
221505
181183
199165
168232
272756
192931
240378
226339
201108
151732
235745
169113
154567
145570
219100
205560
211533
238982
233845
231115
190343
220972
173685
249203
245985
154640
167191
212645
209799
151986
166548
212892
170752
254191
240551
150539
178890
152963
241453
215677
174182
231561
258908
176658
158856
177451
259087
152314
169306
204227
218319
144382
214141
262596
163924
145906
260938
189267
199682
159349
239232
145943
212065
145277
140978
179940
206068
195138
153470
138496
165993
260743
248779
226528
256717
187781
201241
184864
210371
186702
245316
193667
249967
210904
259201
162307
164714
266055
215765
165082
199328
167966
263268
232172
255902
223571
228573
201135
142992
263609
239808
219666
224257
197610
194875
188342
149999
168369
226408
138229
198773
168679
217692
161972
218916
194614
176302
211203
140427
263691
200814
174045
154607
174775
211251
196333
264174
260024
260297
262843
260444
169125
165655
199371
267197
226355
272184
208087
212587
256375
232025
202978
188140
203289
210887
264327
234578
159701
270422
250521
162457
194141
143472
263500
216357
255268
148150
162127
148023
183768
230627
183539
170263
150568
167190
200894
215084
180500
272396
247279
232856
214523
184449
146512
197202
181744
166315
149645
156352
238855
147475
158364
204337
215414
168524
244035
257762
160338
185387
157650
198027
151257
207623
180534
180199
223870
227089
263542
220499
183737
164706
181374
229617
238793
238687
255951
213749
217928
263490
172246
149159
203381
204926
142753
213123
272656
188898
249857
163889
256334
204099
254250
227474
140424
184668
247219
172231
273614
252500
253007
268129
212097
212401
243975
162584
240308
208953
270218
158832
180855
266518
183067
258707
220850
181682
234688
256215
171091
239890
235693
222314
213187
182336
166512
151128
225250
261133
214309
162422
173141
149756
166707
141458
200286
177694
233174
169677
220050
217022
207420
183183
266061
165519
212419
174038
151540
273400
224754
209317
171110
273777
192790
142880
153583
170261
138149
267038
214847
228494
194454
229765
266879
140616
225648
258216
225505
229580
189646
200734
246661
188292
239311
245063
185371
206773
266754
210879
261122
216536
196358
158473
233548
242711
187645
160859
240665
166542
169679
159366
263552
215364
156527
212186
192111
224946
150333
215106
195355
199018
229896
241448
257636
199546
151105
218018
171831
260450
184364
259124
226571
151447
185912
158062
236991
146393
179449
267072
249925
160462
223481
153423
227734
156905
244262
274113
262669
224008
250692
268868
267775
139054
210617
188245
160117
154023
253354
217987
142304
262168
149688
198341
249519
149092
190698
261466
158779
253688
245377
184466
222673
182530
154183
226452
253164
192544
262578
201440
150642
163529
146889
264801
250930
260477
251833
263040
262885
257193
181496
206747
154759
231670
160430
185495
170952
231109
243131
172892
226013
192040
154859
209657
159352
159684
161707
263638
199221
206231
232950
215176
267312
189606
197617
249307
165247
175645
159123
220296
240531
244342
191376
203894
221463
163886
175840
228640
273443
169294
154118
169414
139631
257765
219061
182118
168897
250055
179918
146859
165934
147553
263218
234010
210678
240120
250013
160501
141233
238729
150919
270498
144606
267045
159786
229821
203888
149061
160884
173551
148002
166300
249497
187460
172647
160634
206683
147218
259879
230709
144876
217550
146702
208668
226459
187117
211526
207332
269755
149490
206539
145768
162977
222239
157970
160419
163197
193015
238613
261134
181162
224411
225196
241000
207578
202807
248798
170862
138728
199050
223457
219079
250214
168718
208607
164698
183267
235299
141503
183996
184229
216051
198783
218558
159631
208127
185288
141888
183775
231725
201750
154014
189020
249147
194574
273233
256497
251145
195944
198655
269246
144790
263347
224719
259541
189158
187109
210708
265629
185120
172867
181550
204208
200781
245182
257838
233447
150785
183128
205101
187963
141701
214011
208426
155617
138230
252336
264679
206758
224384
262276
175040
250551
212215
204135
236594
227051
232822
171877
188410
221822
208349
259034
179488
170521
202677
157808
184683
156035
216418
235813
250357
269120
221638
174593
147772
233828
145222
206639
223367
174265
202228
229392
221136
192831
172167
257996
247249
181222
182569
265139
180367
228111
172151
216914
218100
198229
232845
181228
172797
166033
219529
249114
183988
153431
164754
236400
216133
189669
228152
244806
157536
211887
237566
267057
245965
210024
207812
185063
180139
166964
227133
233108
253092
183437
265764
187553
224214
267545
148212
172400
166183
147385
168332
232495
250105
186698
196685
185146
177254
175119
229301
140948
239795
251427
156016
147680
272556
267229
146050
232721
267726
265023
172731
158563
264232
207759
256848
204630
192190
182848
148834
192092
176827
268870
144069
190329
143273
195588
201563
156157
147097
230654
187395
160027
175776
201164
171927
191599
149818
220203
203877
195366
261235
209087
202207
233018
232374
210083
178426
201147
225588
141380
209547
170171
195500
173730
242621
164546
178339
263173
183074
270968
211444
234909
264132
191005
248811
189100
158351
232380
236022
201259
243565
192241
189796
241212
220391
160282
156001
161724
165169
217254
208028
225145
172419
180193
271788
248761
181194
256045
222144
240164
182831
175123
189532
140499
197382
218028
264457
196823
199028
245085
253867
181959
160078
145605
184288
209941
163933
192744
182040
141741
167050
214359
157062
221292
271087
178815
212953
163856
197174
188460
138438
149653
181829
161368
158352
147905
242343
229449
208407
189114
266408
191803
178204
149396
165947
243433
156297
235651
169010
215393
203489
269202
209839
158387
239050
244379
233475
200373
233316
178037
237369
142507
225740
162897
200007
250715
204548
231755
238114
199038
195691
204832
154331
227046
238416
257847
261568
226267
191689
173794
264919
207055
164335
168868
244407
216099
217234
259079
261849
162478
236171
212322
215747
266020
225619
140748
228833
184752
162847
194912
256032
160253
239199
239415
242623
225810
179487
269191
155302
150554
162324
156014
145024
211989
198532
143752
162230
184941
222829
210487
257042
212862
253192
152528
197217
252885
202124
248008
199474
188384
170107
253765
254602
244468
188490
155287
212445
258658
212264
252327
141288
168448
164067
203743
227582
222688
194932
144406
245362
151969
237543
255954
144217
215059
221842
181454
261161
225962
196220
156635
141377
212331
258534
174947
217842
203834
184806
139306
246957
252696
159353
249518
216086
245136
194164
224924
217155
235221
261287
250913
250023
251996
236998
213697
267588
162012
273592
259520
247589
160313
250622
194256
223452
249776
262879
208589
161228
192130
169654
159128
172233
241902
251639
250603
144171
154034
234377
162321
234064
205607
246851
187283
220852
153205
265361
239205
185220
264077
161633
261441
262970
174638
147641
190669
140946
179672
252694
229036
195267
204904
248819
266475
238085
211951
158548
193643
212833
187505
206321
270274
202563
242045
200324
153699
183444
209060
272648
250328
152739
149156
231368
239747
261143
157638
266245
248850
244795
187226
187719
244161
231005
169252
215522
206445
252124
210712
190665
269754
241806
247595
172479
188074
252357
160052
197514
172693
268693
198580
173879
207200
192347
178093
223788
157237
241586
176043
159619
252929
203196
246246
211603
142916
213376
222202
260836
159644
150977
198485
237986
178475
223700
166993
193836
260333
157235
238994
158041
213367
226527
254582
179651
180897
202862
214652
158291
261529
171597
144561
223776
236115
213896
202069
211125
201730
208228
211709
263714
242549
265222
244889
155450
181384
260257
234827
253264
256606
238718
223013
236523
213998
140526
177514
184271
161101
167502
164137
151708
145223
165999
242426
265630
222800
272413
197888
262722
169972
253041
209755
174172
176346
208053
205014
154233
206311
263583
163618
217712
212590
211368
172077
140531
188831
213676
237524
159044
145219
213048
176662
154095
158765
204623
170717
193536
150124
194788
203317
203611
159435
203249
161081
264113
173854
215672
204649
139271
175308
192033
159265
197145
243940
249998
247300
223005
178953
261327
171104
203850
195494
271315
233655
219896
229272
173462
246212
273236
232696
192821
172229
153845
177630
157485
215571
227439
263391
173823
155873
238658
242619
160038
271233
245018
201850
219793
187729
181005
268542
138362
163917
239650
246449
268944
252848
208065
237731
190006
152626
146622
239572
177777
146335
227147
155664
199681
201808
158305
265455
253491
244661
155028
202851
164809
143263
273744
173272
262772
200252
272594
259770
244143
223501
203195
267110
188940
166473
152723
188718
149474
269235
158222
180934
201578
173715
258864
144147
230108
176237
244368
249730
173985
238097
245198
139822
238269
141574
255817
152300
209834
155963
212423
271327
268785
246483
147146
225108
208057
170411
267953
165836
153889
266942
258629
157494
205913
183070
256346
235213
273725
195342
172719
191963
220111
138598
208817
228137
202538
259390
203398
197233
189755
206555
258781
145102
188539
164266
199336
226604
238795
146123
264338
249442
261521
212558
147895
187418
148082
222273
169156
143750
170268
220948
204678
196941
189112
242544
267711
163931
221896
194217
252107
181117
202505
255109
203277
221098
263195
159591
263635
254510
210326
154475
216636
274111
264844
138752
222219
200931
142289
265508
249976
177748
171890
177509
155431
268027
214924
239181
140201
238792
215873
182388
238585
269027
226099
263991
218457
212444
262795
205838
273310
178210
233728
263656
191567
266229
253514
231083
240336
210372
216100
212949
272291
270788
165493
227468
173222
221220
204775
244278
187278
152609
159064
171813
210432
151925
256414
171815
244607
198326
204501
220743
159106
145410
180940
264749
242958
239262
151266
229364
206707
254692
153749
142892
257083
223512
225877
244683
183045
245643
261150
161830
254056
162344
206618
166458
164382
228271
152129
194689
144560
212998
264544
177217
219216
211475
233736
247721
240933
254727
256619
245750
196198
256348
206146
179662
271475
191799
258385
211398
262506
252123
254122
164810
169347
143152
255853
162335
258807
149349
257332
208155
158818
248034
200665
261685
224874
248394
167376
153838
259904
187848
197654
166850
259607
162607
201538
153459
204749
195831
213338
196565
188178
243074
138934
253639
259631
208643
184641
228818
194861
206474
204953
252181
228585
217168
250875
149221
161962
166703
223956
271040
143853
184769
201734
183744
218393
237626
146825
212936
141075
227317
256960
207020
252039
192690
225767
229371
259645
195732
228947
201157
139387
165538
229107
139261
202745
180114
178077
265193
170238
208449
148049
158582
202371
176059
158502
185586
182150
192312
158751
257895
197366
202037
154078
265052
235816
160215
259585
236830
158894
246473
212738
265719
227866
254035
233304
146490
230275
193227
198127
224268
154990
215959
232558
248096
246915
170468
144474
147173
140144
219536
269020
219744
146127
253527
190603
193989
175151
260865
239665
251429
187944
195492
146552
138500
151117
265602
215214
258455
166526
162887
251616
143283
219575
267061
247547
258550
261857
224635
206177
176580
198220
208533
192667
211935
140263
260342
186300
269701
182536
255799
138555
185743
219579
207457
234426
200227
229417
174161
140561
254707
231882
146237
165131
273058
231607
170472
241420
151060
243702
189958
188027
214211
214543
207791
208021
231766
206740
224732
141267
174530
150859
186025
195290
231877
233565
231536
151882
190605
155422
225614
185765
266925
255962
153333
268798
162910
178335
145160
172389
170406
167272
201319
173612
186572
152775
220677
218718
193450
256013
215913
234799
261819
183892
240810
149908
172090
217841
152925
214064
200675
269467
201556
230266
243809
256168
184162
138089
245294
207836
188745
204488
169144
234788
175427
257149
241063
147471
210489
246878
243080
258363
233382
154927
186231
252434
260519
211715
252981
269949
138379
204477
163984
146645
183009
220523
229373
250446
141676
226212
232091
155874
181755
210282
273256
255655
215294
233058
163724
220070
228349
171455
262790
167831
233307
268562
270161
189925
173357
237624
156914
271510
138442
210909
155983
141382
267146
160202
227459
244232
193659
177265
228223
148941
260677
260237
164380
257480
226023
243002
261267
268046
170388
239465
160364
153039
207781
156181
142130
157002
177105
155523
207007
269562
150826
191465
161357
185018
148679
221527
248489
159596
234664
174321
198141
200427
173449
174982
188683
272615
246860
270324
215983
272602
173898
250664
257368
236117
179593
158516
160016
142822
256312
226681
199471
248328
268705
152790
176080
211646
155984
178458
183767
145741
162999
213604
174676
205215
193889
204149
175966
218473
248477
265640
209382
255106
194726
229131
262636
140922
269281
251024
219570
227757
217118
190960
167587
263234
235575
197060
180176
244998
261605
186327
230885
257175
168790
160195
217396
205939
206569
140626
231046
248236
154758
216056
256820
260394
153236
231892
174368
245227
249131
158815
157008
232276
153343
178544
264436
221186
270137
168530
185390
274100
268054
256899
256807
214836
268139
239969
169041
234538
179963
151064
185514
197397
163245
214685
272037
273662
208115
250100
262495
180964
266239
265298
153589
178534
241499
143401
157090
156781
180524
195939
162533
262652
192159
174977
142865
143213
250855
200035
271333
173060
274317
254487
218251
155336
157688
228615
211006
258815
201248
248020
203455
179939
204948
196622
199787
165225
227548
239330
202972
224458
250318
159553
221876
194666
146777
145663
159134
182196
146946
212715
217843
169477
174754
182811
200797
246024
240744
165583
189601
228484
264014
266186
255647
242145
180484
204136
192506
180852
173719
170538
236266
192150
191835
177861
248413
238725
147200
237420
228305
178950
176571
169207
197458
160510
200128
218402
183138
225157
234429
185235
153690
146475
248671
144052
232869
178711
240859
187981
172127
141703
171562
233758
189403
187002
226715
190308
245818
162883
159303
269594
234897
225496
171870
196582
150046
241760
257538
191034
158827
139250
199004
186498
261066
206529
254988
207374
219496
211787
246370
147477
213261
250301
241549
182080
172542
196485
138822
208701
141385
186744
185206
140640
217603
158120
229939
186445
212503
272288
270444
142608
142643
171428
189861
269652
178467
199916
261251
216944
177449
231626
266951
223312
173936
165379
231619
162097
212067
228910
198959
147511
199631
157074
181114
142226
271934
207336
154701
150729
183314
176841
251202
271256
184741
258034
245401
187406
188868
229753
180629
267023
177028
228655
260329
263478
272508
157487
197029
152535
142076
146996
220170
241426
206675
190274
215512
195502
270817
254130
148067
199482
166948
178971
210776
208459
198977
156327
194191
171038
142781
185121
204698
208657
146439
140739
249706
138905
155767
173549
147874
240807
226958
255554
262406
265106
274081
222694
262570
250839
181660
162583
262616
190455
243242
250477
185533
142530
263458
234995
222255
203044
265988
170424
231254
144324
211632
159281
233729
169762
142278
177670
144922
209806
161103
218487
257949
201889
182835
138594
139262
158440
263518
272390
229100
223374
140441
259059
230450
218003
224936
249278
176991
246549
153909
221071
208119
142108
214241
248462
248348
198552
263446
219503
196008
158375
169373
212064
215588
198631
193508
215210
217397
141053
189201
199266
220237
169155
139816
273781
138215
227178
159230
141531
154056
229661
208317
260352
155710
223010
139579
144300
267611
197143
273758
224207
159661
257136
164898
143989
180100
269826
234433
139911
240506
215561
181255
215730
153876
267044
257802
264310
191030
171106
249909
231265
168698
185713
194417
248330
189243
142111
163994
179844
273150
254182
263595
262484
142075
185848
233722
241062
241883
233486
240809
268742
205843
162766
173273
141070
230418
265365
223634
154911
210148
147345
252329
254570
201652
247916
150087
174734
192268
140430
229121
140225
267883
252380
171901
222184
237621
237030
148138
186649
270705
243468
272803
239035
260555
242901
187784
221320
140495
173324
166286
213745
190091
223738
239830
226137
271785
142779
206872
258172
211310
175026
149658
224260
199067
148456
224429
139755
217972
199205
268097
154461
227542
154225
227781
152410
168489
193615
250827
138136
225239
139524
262799
199655
169514
140483
222003
246942
159750
199851
154850
169595
229001
245185
202574
263085
248119
187065
166783
210254
271645
258661
272004
189995
229514
145621
225055
252149
152225
159348
213223
158282
218451
229043
164116
146735
264297
242422
142893
261126
183020
243560
249845
175637
219981
254432
147441
220483
199109
209848
163263
180800
187880
179303
239878
242559
262270
269907
251333
271429
233044
266333
232738
252126
243691
220724
197601
246467
262478
190579
165530
150849
169496
262739
218044
240527
185872
188850
267098
189852
241304
180829
257957
243246
250642
200502
161240
154203
150643
195219
140411
241141
153222
246016
159755
156839
228412
194083
188040
208403
253663
271813
175519
264126
223960
207331
269331
164980
237928
220014
146856
175949
163783
143993
186733
271179
210940
180995
175898
194195
194750
176579
155473
264886
163594
222810
239175
159607
251611
141246
252182
192000
141407
254264
190135
259539
210918
189950
227677
218693
160155
271749
141719
173006
243187
161956
166891
251634
245216
231416
197484
154037
144492
207867
219252
169274
159445
186290
152054
195912
195746
245187
181491
196620
250247
201289
273596
159486
162871
159203
210492
243916
233873
152631
261681
200143
176915
257725
179821
246923
254493
157930
264425
241336
258796
153972
245007
141282
176261
172574
213756
192679
271814
252704
149800
234432
187915
234376
192333
179009
228511
227706
148351
150225
141924
158872
236916
173926
165559
140637
200999
208218
262814
210811
196536
258473
257140
173237
183509
219567
151376
272154
271868
225288
234886
183120
174131
265944
262584
212001
176100
170726
266703
157460
154907
172436
200388
164659
199045
156003
256267
222388
209124
268817
268402
200063
216550
254667
209821
270841
250017
220779
250589
210742
223265
164943
233012
258074
272999
241094
185608
148321
211428
166655
157538
193929
144972
153840
248926
176863
221888
159223
227059
158289
176986
254520
218946
167536
195230
235769
210834
173037
206494
168647
158976
161188
243626
240875
262705
236962
147612
185067
169413
217266
207488
257237
225032
172049
224802
186348
222741
188879
155094
149377
141753
259381
223953
176572
142273
218091
248080
265585
221489
164745
212311
164569
243607
223638
179970
183735
236321
167392
238043
243777
264788
208872
248369
224177
206712
174614
273305
149279
169537
139400
212490
158224
147376
269048
244701
250010
156024
239434
208116
148253
252423
165734
138819
183235
171792
219636
263050
142302
189371
238823
199783
187143
238333
247490
208008
183227
167087
182832
160143
182421
261815
238029
263704
172751
162580
220383
159845
266687
209533
173110
198225
146887
261993
179291
205734
205454
178452
269631
270119
149886
206577
177814
255906
190456
221608
221680
189815
229590
230171
204833
153934
187519
238098
180332
156427
228503
187714
143181
149929
138896
155989
207459
186477
139977
184446
260271
216546
207171
175303
179949
141268
210130
272467
169278
235844
207180
166381
251529
236208
193949
175164
256126
138162
245842
268869
213243
179916
199035
159256
194189
151138
175237
154942
237035
227687
272867
225400
212865
186585
243440
217499
263519
139722
219938
251785
246676
232508
253349
212191
193208
255776
195860
234181
270816
144248
145876
262415
209778
212391
263968
269667
155400
193004
192432
242640
234689
254387
159484
243762
237058
171898
171238
169886
144616
272987
234277
176987
205794
176679
208199
174717
187667
237826
223720
263385
246044
235719
191984
238209
216300
261645
208367
192598
250314
224844
161324
266213
221983
253578
158109
269538
193157
167933
267571
223354
196252
170451
255992
200701
274177
183334
261176
225839
217260
211511
140420
238109
240794
269252
187930
206934
200066
260084
191459
213724
217599
188558
251094
183626
273092
210362
170699
247417
179464
153477
138277
162557
244336
264894
147922
249771
234200
166163
139446
181612
147622
179123
145234
199023
190551
168620
239774
265382
214576
186296
241046
167382
240963
247685
235718
195900
268854
259637
264673
141148
185085
245145
173041
246594
200393
222608
173634
181016
146704
222345
211460
243096
237132
151962
250697
207357
153593
198801
181977
201061
228004
236938
152590
198647
233366
182975
176956
170113
219455
236074
217218
146960
207931
220521
238742
219364
235198
174275
185911
175704
264072
252075
179410
246894
224323
222131
269577
217940
152200
178363
241221
159068
189559
151713
231630
163869
218687
225019
247970
249217
173567
252928
178813
223259
235160
150478
231943
205013
263482
151968
170206
175932
193334
207114
188014
146061
247280
242446
261664
246274
200302
237478
203731
172946
173873
166211
194015
172714
191225
176671
162818
199762
145469
249605
254844
175917
242551
154880
206082
148872
154071
239015
235643
209038
159945
200372
207262
201430
148365
209205
189527
202331
150136
258610
214601
251638
264104
171432
204088
205379
181788
266205
196350
163539
177728
197885
169686
232961
257515
260520
236491
238593
197823
195791
145058
148557
147940
233381
271091
219535
179569
225803
143258
253525
259608
139359
163833
258066
184700
162627
233055
266966
213095
147536
231763
166301
198178
253583
261676
238794
273260
145482
209815
257603
180837
155980
224169
151900
240552
171220
225246
226190
199450
161424
165758
227598
182742
167643
219402
229283
168187
268475
181961
217759
152848
161781
227903
263667
210223
145374
196979
172638
183308
186942
173679
208788
269792
248281
155648
146402
188412
139294
224181
238762
168843
182580
250351
229702
159103
242001
259783
214147
143295
190672
149201
203514
152086
249365
196679
170373
269687
173563
142077
164181
181433
174922
163671
223163
254749
159144
169401
253346
167253
161858
166107
249663
263263
199871
237944
212764
197388
151107
231448
213171
255061
223693
259359
177057
250652
185405
211422
234850
154837
197870
246286
224034
183409
156694
170223
184776
165114
155711
208337
242349
189161
246205
164727
183524
240840
143162
175593
228859
178383
254389
232741
199926
246104
138706
157193
255542
138150
176972
159381
244367
151089
236526
181846
227429
218735
189422
182685
258583
202915
273360
258264
152055
216308
245959
209691
258848
197697
209177
150488
187416
196445
214798
151403
213425
162038
149618
151634
261314
143636
255781
233961
141838
185006
246678
167115
138616
218513
223671
159406
156639
233409
148919
252111
234821
201502
159700
236342
160350
159133
222723
267272
253160
199713
230372
271578
191268
223242
211957
156619
232945
217695
245871
160180
265482
254384
253703
138332
250319
147909
268356
221149
266772
242795
214709
175247
249809
240220
139771
213132
170931
180408
147001
179324
156717
194557
218138
248262
219482
268717
272042
266628
148998
255856
189705
155978
217373
241335
141273
234206
225118
183688
150206
251983
218202
216993
189767
181824
172032
272770
199417
175348
262836
260022
262969
180554
248923
246211
250354
272715
215715
186045
229366
203113
243805
236417
242526
261779
212837
152338
204016
203580
218873
247087
232640
234342
142666
162185
268800
229515
167029
246091
269231
254997
222897
252776
203053
244195
192978
152783
244080
193767
203171
269964
255574
177598
139869
166927
265492
209541
211146
259863
238939
225973
163134
251056
166015
160118
257593
174917
266755
231147
179018
255136
213053
229581
197943
239868
238419
184599
198477
270171
233948
255650
272351
227375
219554
178503
270713
170936
227403
256949
195399
159470
184717
236032
243306
271089
256537
177270
248069
161916
265906
250419
247882
228353
167104
191981
251622
225229
216039
274135
176869
153596
198183
230902
138858
206112
140599
211301
155497
212054
157565
150895
274053
181348
161135
250771
219488
144131
262866
255999
233946
200895
144686
185963
230257
231568
149798
239690
191773
147682
213527
151651
141780
215679
269163
230520
230229
269904
169829
189266
199418
270875
229776
171568
269882
199074
251115
151637
220875
170669
146234
205503
204385
176718
186292
188196
141931
164106
213116
206523
217459
190421
258977
181783
227638
195059
143293
146183
245527
175857
240250
186014
237698
227960
178055
180431
224344
232865
229991
169997
191895
230556
241305
154704
181541
217745
183967
238325
227142
200237
206045
200522
203206
239590
233918
201604
273091
182663
223188
218715
177068
240183
145169
201773
146750
148530
260635
146064
211369
139841
261120
220358
142112
271787
158700
175669
264715
144357
174516
252685
201776
199573
186087
224821
207605
197142
259138
245183
157503
207428
217348
156262
146317
149817
140834
175313
244493
142325
160991
188434
242842
182733
215179
226608
265338
166135
216501
237422
264393
138462
146715
220002
188475
227446
155688
259279
196019
269403
154035
154208
162529
175024
228425
249985
268370
236587
170036
267893
184694
217025
147294
238462
238339
206820
152912
248549
224091
216568
242503
204797
227864
173226
139169
156840
154795
163430
204221
146436
139564
214137
219807
263020
201466
213780
167300
192328
239933
160943
230635
245831
242357
199765
269937
267354
178693
175895
191004
271779
247987
251641
233843
178287
182440
192439
250787
265624
208086
217151
168032
251076
209093
189520
184476
238964
231856
191425
227067
201917
232358
261003
268379
152980
265153
153119
146982
237356
255007
215164
233469
260747
199969
197360
227980
214796
150338
211561
156951
200817
192923
270081
258005
189063
151623
223739
160626
204596
152489
204127
220933
150446
174794
164767
148246
248464
181524
180351
143185
176881
206058
180358
161371
238680
220380
192563
214945
198032
246032
267028
265568
149288
153223
236877
181212
191986
144531
192537
161214
268528
215506
197310
263747
244842
210284
221591
229766
162538
161561
156111
167611
189616
248573
240975
197930
195877
169847
209904
153836
160225
190233
244751
198964
233041
173864
152335
262556
244985
211538
218160
224931
178244
147915
144255
194948
265356
233513
216939
241354
272777
233652
196459
170888
206680
212154
247954
191446
161261
165244
235335
194580
169745
248307
159088
260706
243104
208867
251580
188630
138336
244170
219256
166494
197824
221777
157715
149295
195508
166127
145946
212699
238516
225699
200430
216059
265173
182005
260179
261854
252916
271336
218078
177338
151229
145332
141199
271345
141946
250810
264854
177429
205949
143620
151052
213860
173901
155211
234969
196970
157581
149004
206309
208003
197448
240796
214372
160452
227389
265735
171409
163369
216083
201428
228725
245711
170254
190218
246236
199259
204799
198665
176823
216956
191627
202068
255275
262336
243892
253066
265792
198211
236447
218394
149821
165908
247986
253053
156630
188104
207031
158183
223279
236596
213567
198782
194276
161366
219898
210183
192997
176285
266719
261463
236528
201053
196575
261042
266299
266860
219947
221826
177127
270673
241408
209563
229510
167056
200051
217949
260505
188827
182627
244884
240182
217682
262329
227663
257072
177526
163363
238521
218159
166579
245532
190391
243965
238943
190815
156013
192511
177846
172076
205467
244096
146141
173162
172985
233238
260828
262808
189116
211098
202646
157871
244209
249970
216409
147543
204007
198757
222681
213109
209356
173440
233438
180402
194634
147181
203973
230423
227646
245895
155482
260829
229305
230005
237494
230236
146895
204216
167852
258197
222622
146056
247901
195160
258639
270208
194809
210714
187503
200583
147036
209084
207615
190856
260315
203543
264562
254511
146527
146265
141147
190714
238566
161071
161182
206542
255011
272691
236819
153234
185139
270954
196648
182361
252613
256076
231247
151953
208255
195176
187314
198495
208190
214578
238360
239187
203460
252836
141524
164620
180146
153316
179533
239339
249899
145290
233305
248111
153538
223325
177829
234925
193041
201788
240950
144181
211268
138164
226998
195196
153024
247361
247077
175891
234537
271348
146870
272430
156848
190089
181814
139375
165859
243045
211407
244103
177650
221468
257834
204253
226674
257038
271642
251037
213664
231546
260332
244581
250878
223479
169104
254220
158809
234255
267521
201596
272084
225180
188881
199865
151824
216849
194022
146030
155593
252100
166822
253269
154738
164392
237025
225219
197553
185538
233095
253494
184723
260673
169475
260173
144210
138411
162133
153785
179929
252519
251365
262702
264389
141384
269279
204503
157951
258532
248622
155306
146257
273708
237454
245412
249988
194328
200077
243259
214313
267758
190702
237094
167657
143976
146352
159707
230672
147985
199166
178582
174380
190682
163672
154321
195618
251305
188253
152402
223710
235427
186011
244467
190043
169090
157764
195456
264169
211461
269649
200657
182669
178735
176490
157261
195697
167090
149434
161930
169350
188847
240451
189571
191733
205047
172540
191970
223781
226323
203388
176748
214466
179822
141137
143376
240074
227287
199569
152192
212156
140112
191759
212688
186764
230218
156677
177248
235770
175097
194071
259711
153125
231355
139500
225158
235665
175111
270691
213009
234468
163506
261129
156972
260715
243353
269034
240538
145515
218071
174545
230470
179896
219855
208095
221225
266275
206860
170510
256721
163641
162591
149309
241384
211547
264998
139342
260784
202933
237612
248704
203982
252387
156244
210315
211455
166911
161287
194357
180950
183567
258087
225291
154222
164254
262412
165323
162319
144675
162081
270410
233227
241488
141504
141393
182708
151759
171315
210151
210375
160764
190271
227577
172789
272909
235805
175545
220654
250729
225514
253481
160617
147957
178769
206291
151640
264390
201154
205542
190886
155416
166647
155720
260675
271174
173221
205995
206870
196641
146720
226029
215379
202016
239243
139907
192304
163328
259192
211685
265104
148732
273624
239578
151130
191362
237074
157893
138894
259108
205335
158416
167900
240721
219818
195764
140029
226252
162819
256226
231019
267367
229287
190955
228860
217900
252210
159815
139183
194850
192585
235491
254075
190592
143106
163025
143320
252391
225734
236027
257800
211315
210464
191383
171551
245086
264668
260774
151780
171469
164448
194940
273014
235579
229849
224721
226008
150703
236103
167344
260363
220744
273823
225241
140342
230149
211358
266667
218886
206746
168883
210542
156473
160467
152813
197465
221027
189241
267150
246254
239975
269712
227859
141844
143846
207703
251168
226487
194973
263106
271700
202902
154625
228603
210501
262761
232685
146017
244617
180746
217604
196385
180924
205747
243928
149589
153923
146510
208338
217181
270219
254491
270024
177532
222504
193303
218926
165259
261040
162146
247849
262454
171215
219951
195612
224973
213394
238639
241002
274163
228537
263547
184748
239421
174951
180495
141050
217830
226113
224449
255015
262880
180458
212867
142307
196323
239763
139846
255857
247515
226129
142140
146621
192924
151388
194514
261578
179795
194551
261540
216182
193098
251431
266707
246262
236777
139595
181766
252555
216288
273335
240638
149064
172404
178330
230921
192363
190403
205269
203296
163078
192497
265788
267655
252733
198396
230262
183435
222891
147360
182649
186542
198005
252221
149193
153742
154248
207876
238530
254169
166832
198456
186057
163861
194192
215201
147263
269627
172979
183448
251870
207139
138577
187199
234874
140737
266895
146876
171947
148677
161061
177317
178390
195635
274285
145272
251147
147156
184158
146528
215175
173680
156740
41239
269657
270475
216154
203374
200753
217388
262828
181599
209658
231124
144111
254534
151194
169673
243868
200985
157218
254499
142322
152840
159099
162486
187818
200085
247059
154220
142712
141890
174200
145447
251337
243458
198014
210330
162180
231176
239688
233069
148521
146898
198401
223681
238298
236440
176119
165239
190917
219253
168443
176899
214640
163849
249977
201321
224121
215136
185389
164583
246005
193859
146166
221270
261555
212403
265775
229349
154127
166599
247841
224953
214272
264899
235409
257596
253954
198478
222400
234890
199156
219546
171897
191496
249128
204781
144679
174479
233205
174426
233497
180945
207450
228990
215762
273667
260385
178181
231464
147794
146450
171381
177264
229645
177200
215334
167696
220764
204560
238193
223274
243341
173445
267607
233832
224797
232187
181480
187091
229689
194427
252718
190713
212775
156139
167042
151756
221087
194687
219824
142213
197631
256351
205450
161250
172271
260768
262213
195420
250915
257607
180041
185971
268625
232385
152220
259044
228328
252088
204202
157984
220152
228542
148438
267007
193553
181588
140318
173519
248337
163949
213002
169410
213402
182844
144502
238648
250267
227467
214581
266184
179371
171598
233820
216824
196968
171195
221733
267994
177234
260089
225643
169626
203174
271752
164045
236306
226995
227855
252128
147634
156273
249340
237818
263807
258668
227052
176304
259266
224425
146943
161086
153511
231621
238123
207774
206695
182081
274066
142386
245758
186746
144535
263839
248206
168431
141467
177468
139515
224019
157322
174230
256104
182886
172534
255245
246434
243690
252549
146171
237238
218956
188015
153056
246240
248847
258018
228534
264743
188188
178634
196246
217323
196645
200602
253425
186589
249554
244466
218807
222990
197123
263637
145560
207925
207358
215793
230515
183068
266441
240271
240047
221427
184241
217298
206043
273022
230939
151878
189413
140105
259148
178822
158754
214362
236984
258671
249457
231150
208925
247167
198182
149128
250792
151724
249465
258478
155910
187703
171906
212427
229032
192187
223323
221416
226614
218796
207738
153402
185199
240627
186364
240052
240172
143806
208010
256162
272540
184367
161880
182024
215722
149904
155398
138418
249614
266031
235964
183968
270413
189006
154170
172224
165286
240990
177523
190612
207349
200888
179922
143429
179036
273473
193239
201198
194108
214324
210038
197891
189709
183784
230344
261007
140091
175105
223338
184918
204060
264355
185712
177329
228273
194939
204578
242228
263563
171972
183330
184658
231272
179948
163491
201453
252148
259358
195935
226621
155757
141419
175340
221281
172029
244225
226957
239099
169643
241301
146938
195165
160363
151373
186670
178869
176517
176081
260116
227565
148491
247252
157990
164489
258555
204954
238903
259204
250549
176856
229724
240104
173722
261123
195888
233707
192940
266283
269488
166112
197985
257673
147773
186549
243054
180720
247091
162792
182028
205456
219189
273005
199856
146580
198188
215980
223876
272300
243630
220253
246614
152153
236583
270890
272851
151901
207078
238232
218580
211258
223035
143247
222224
192812
235159
142651
258111
128318
158675
178470
171676
180593
139005
159372
222715
229224
145203
192219
201552
225812
186555
269230
225361
255828
214026
170276
240903
200539
233505
234022
203263
231031
254736
236477
176494
189826
233846
218889
149766
224533
196051
189147
197263
233977
168201
204044
222763
244916
270429
274051
175852
162494
196477
192307
203869
271286
273110
151917
225442
202186
224840
168253
238340
138268
260111
211183
150348
243142
157965
179671
247568
215718
144620
162212
239214
185953
214467
258145
244540
184121
184043
267539
266891
176188
196043
194147
187728
228767
140876
161295
224664
265248
260626
149478
164843
220733
141724
151692
153507
185292
201287
215133
255202
227752
182049
154469
179029
199169
272142
147771
269255
222411
180840
177525
228245
243760
146242
170167
234122
236348
257941
244579
153988
233331
211295
201980
166268
209469
170299
211354
220974
259921
253121
197972
247691
159510
172239
161734
268441
247489
188360
228960
170544
176086
230656
217991
160037
161203
161552
146525
151048
273918
180861
239914
163317
211675
238547
205169
182937
246732
186840
172773
270335
223376
156081
160166
170289
266565
232586
243344
188507
266133
198067
234815
262436
203769
225572
183078
144384
172223
210253
186891
162132
268350
241191
260298
218230
218037
207732
268610
260353
251177
251251
259035
173092
170814
214745
207333
154542
257200
182603
187501
234709
200939
175173
161161
191253
185944
243381
227928
217367
266453
173648
184988
258622
172692
268855
229160
167256
152117
156239
172718
153268
240492
194305
160093
239530
169106
190282
274232
245040
152803
227907
149109
200290
181179
232087
195159
227237
273687
238492
197804
189772
181632
208938
248324
206128
229189
207234
214215
273700
185344
257986
234018
187094
180419
223297
152290
180260
204340
162096
243722
230730
154572
158605
219905
267346
248497
232034
235448
143053
248935
172947
236638
170820
241921
171713
172451
165585
149687
253311
263160
241017
256774
154653
203435
139478
154105
175385
262909
183480
168311
148804
247084
183973
195288
240972
257075
258822
224117
178417
175763
222051
270180
219450
260991
194993
211320
218494
151670
181197
231136
231871
239980
185259
166449
146518
226464
202271
192738
227260
254777
255682
141566
268035
240596
238129
186034
138407
212249
253054
240130
214253
171942
159375
161151
190506
195306
147429
138599
153517
254128
173797
211055
175204
199839
227835
210247
178247
228327
182750
177420
198780
192934
141783
260354
249197
144503
238087
256115
205831
171929
172464
247382
233288
236467
173871
141306
174453
228106
179157
144512
268833
207593
261608
234065
248445
147546
142766
166810
231643
164981
206589
158896
271632
218773
217714
147175
188124
153057
186021
160785
216354
166162
264610
173960
149510
216834
264736
190232
143466
161686
147426
138568
144948
165233
147684
187331
138707
259278
206754
271231
207088
145623
214449
177699
144296
204514
173482
166496
208576
160001
218392
213994
203732
148178
165541
242469
162953
144099
197385
186681
218171
160200
259298
221437
184448
211545
141057
174334
227725
146717
145736
246301
219209
231604
140522
182718
198292
236618
193076
243759
180065
200687
203153
175731
244919
198169
155391
227372
230880
231520
151036
271912
258637
178328
267880
211742
207795
268100
187857
184587
245687
139649
173875
153601
256336
165769
232577
264555
273581
154012
165040
205028
197277
183600
197795
167171
163323
156496
158414
163391
207231
234329
192982
254804
147178
144642
267374
213588
152258
208971
192435
143308
150960
232944
235396
203736
194161
253409
249779
152908
258767
273706
181367
172057
156743
244631
163859
214352
198018
260252
188576
150921
181549
208587
220570
208934
177590
229930
184772
212497
249908
257190
152573
258760
178485
243766
210508
235231
249006
165294
248722
257858
158522
236025
239687
157598
182435
185977
267575
207806
169151
146354
271056
250886
202359
181186
179233
216002
233511
235068
264596
196461
267263
179286
233901
143960
236827
201607
255698
160993
220187
180900
208089
267620
189842
178806
202837
141810
167915
236020
185597
269616
190718
172226
175629
248005
185247
173577
218284
185891
188913
229018
232449
249507
251963
269669
152196
144885
187332
138574
205367
206973
229791
155109
190347
141251
250691
199614
152660
174533
197445
265430
195187
248587
177080
240410
247246
266337
234067
180442
192523
223577
200232
202147
224242
200381
208114
226968
241377
219179
267682
229042
246561
246786
183473
268269
232321
247467
251973
141812
248109
193342
221540
211722
183564
228721
206235
194049
237330
245703
194949
219576
142440
142737
263821
234661
156433
143566
200871
193947
185935
186064
229194
140753
172904
260874
168049
189533
244284
191366
214020
236629
231823
254172
209461
221247
143518
172020
229922
229422
208245
200233
247761
179810
178607
273658
147109
201323
154753
242161
176706
262723
227620
139036
216771
176896
194460
197040
256686
213377
144267
198705
153032
236787
220462
148970
253833
250499
140864
186018
176813
255519
267974
154860
167578
184799
232117
257911
219395
199763
230884
163660
257374
269061
222731
204048
207508
223556
164160
268344
255452
193635
144339
272273
162289
191307
247940
162323
224056
175788
193452
216714
175748
250088
203620
262988
169836
141055
206393
233708
210404
260744
147793
244746
230320
238139
150100
155323
184457
251907
204377
151307
249439
250249
200526
227656
246326
252262
158811
198419
263728
262765
271373
158987
247109
245782
251487
160618
211229
158880
195707
222988
208598
208898
244217
272789
233024
231814
159735
245781
253431
204773
181759
141589
200461
245735
167489
227357
229057
200609
220451
254187
259903
143562
256767
150499
176170
222426
228785
187243
242957
230699
248399
171557
270601
268682
205010
246470
190803
218817
222183
219589
169385
255311
149574
190217
209519
138315
272668
159472
142868
238383
210262
147609
175958
227382
241340
245531
163812
189495
240607
199576
255038
266415
164901
164681
246740
154865
161750
149025
247581
222052
183743
178621
273540
154188
202302
180350
230625
261285
228964
222209
253584
224626
181685
194843
182828
249501
192385
232103
201555
174743
186145
202681
258845
194943
195561
155205
150118
196244
177677
168781
264875
265117
215533
186419
236527
173521
171590
269307
159298
186319
264075
239970
247971
263578
163678
139249
233649
199665
251398
208182
207709
186262
214246
263749
273580
180428
220321
165314
265928
238668
157405
181665
246525
161872
155663
223886
151249
247552
140982
195152
241501
243290
145576
206955
154435
240466
240444
218404
171996
196780
175538
222994
153657
220224
140122
179712
271946
270996
226579
154586
216395
155549
182251
148742
142172
188679
256831
143130
230856
174244
171277
236216
174007
258258
186737
222394
218997
170941
227062
190861
274311
169322
249461
235908
246629
257376
256054
253548
237886
233258
264634
235081
148858
218647
235637
268687
190387
201445
255880
166848
215607
212464
160582
178644
169574
272948
267540
209879
188572
149709
241685
252956
156002
224046
213212
262544
158249
239564
183049
243310
202541
173877
163726
146182
208874
149042
142288
253560
202777
261444
170265
260862
260547
258577
207708
184979
138704
228243
191385
225992
241349
145588
254217
143766
213225
197467
241206
164850
220935
202443
237650
211746
240960
142962
226362
198167
139116
139941
246310
205918
243820
173616
167775
228303
262964
157765
162065
247207
253295
161224
239251
199514
190905
261010
162590
257356
177762
142243
138373
243331
204980
252486
170781
151825
216164
196625
196048
166960
157101
266345
237324
224622
170918
257098
200693
242504
190595
234977
239254
173365
213804
139571
156088
175937
180376
201860
197773
159371
236375
224816
258647
152843
205318
138307
149713
230799
187878
150709
184204
252965
207446
268839
166952
262149
238010
246204
173601
214158
250992
226978
154112
170234
148766
227994
231006
264657
196297
258539
214194
165127
173279
256370
265823
229550
267786
271566
143081
162956
142845
202245
264069
176941
209742
218702
210200
149273
196389
267909
153213
212531
203653
271242
239020
146803
241170
148663
184659
181876
174239
167021
215794
148839
192602
271031
226945
192036
174473
244641
154739
248812
213730
259308
206052
214140
272171
202582
165007
244536
195185
238659
180355
229139
245822
145846
248171
229569
229536
264241
189128
200662
165792
231865
153606
269994
236179
241728
195801
187866
160107
189073
241919
225116
218445
198302
147473
238649
220247
191752
227572
184039
243148
259372
219228
208787
264741
261299
236767
140435
221192
248933
211566
179420
198015
176852
143349
138297
172648
230011
243945
202756
189697
200655
170467
193037
240086
193952
140651
201544
239628
241134
235234
236450
146701
184054
143188
219553
208181
223077
198474
142654
184067
227404
255933
194678
160035
173663
167339
170293
204641
163064
225665
256639
195676
253650
202651
237979
201632
195166
211716
220289
247805
146589
196721
210109
228086
179442
220406
245436
144058
206757
199173
266838
207013
170318
231910
204064
240918
251747
225476
212694
184530
177357
175638
167874
255110
172385
259498
216075
160706
142370
164554
209910
247670
195241
269482
271529
139943
243217
217747
272172
200849
248370
169398
159538
252749
147735
246459
272166
271588
245495
189840
244775
148282
260161
187863
251023
268081
246948
242495
271028
155188
221670
156891
191907
208463
178186
256964
196841
214665
235400
142708
168997
155115
209052
193686
228133
157105
255558
228150
203111
171757
164986
204469
194818
210628
214746
231096
172261
216337
183160
209682
215083
146210
270072
240823
219006
232174
187112
176216
140729
186299
224081
155569
216626
238461
262199
258486
197464
141120
263726
154005
207699
158423
202536
166338
168442
188926
263996
211784
220544
192964
139504
236385
174712
181686
253396
174806
180230
183403
171893
246270
145867
240282
256562
223153
238369
226565
163501
178994
232107
239417
230347
150290
264199
196988
167018
186734
204803
161975
267748
244750
138765
239126
184966
152561
260860
151636
234167
246565
157482
166154
238142
250938
232668
242871
255150
195756
149866
154785
213700
261015
208713
138720
142802
254413
189735
212451
160739
185531
222802
145422
240532
164967
265930
229683
209449
150162
203735
239213
186632
188851
196747
215757
257889
211811
257235
206408
213743
146653
177815
242990
151220
196177
156011
205639
143870
173059
216777
167504
174800
163946
150031
165363
152857
264268
239678
180158
264356
271660
274109
188635
138643
186072
138184
264392
199943
238101
213906
158162
238821
198576
204780
239185
145310
263097
223451
225891
178979
269071
262111
261914
192775
165656
144882
168033
244833
163682
248932
240752
237127
164550
151533
266483
139948
154496
273107
257639
198227
268041
219610
256886
235940
203972
228485
268989
200867
272024
240414
139891
239659
175767
273351
220791
144568
222554
227853
212493
206886
173107
204551
154217
156257
151689
222376
206392
171958
200740
162099
202043
249920
177891
156844
263911
226211
149917
227964
176864
240092
250015
163934
186068
254876
208896
154383
191906
266568
168918
208913
257454
228368
215660
163561
222451
168668
189159
252134
267687
247844
245132
186560
237164
251119
225693
183813
198913
262366
251455
168098
146950
181415
271751
171189
150306
219427
189736
267854
252274
209298
170405
220806
241734
186240
225421
214470
237419
145107
167144
170894
261921
214835
202098
218459
196937
194826
204573
268656
143345
259872
233738
242572
227280
213492
245031
253944
226424
223016
201679
214636
164494
141104
192561
162701
179407
264512
181693
216135
225784
140631
236958
196149
210570
146913
245873
211731
150991
176322
239220
200570
182585
239087
233875
187061
217409
270046
158574
211744
254138
227299
147312
163182
185191
205848
210584
267568
141356
203278
250750
219265
262801
218496
151323
210569
140501
159781
140405
221886
140361
219906
253202
203164
239597
216168
245326
168034
215054
143787
157175
178471
212333
224571
146457
267015
193059
192970
182245
255719
138629
268221
185789
176694
202716
204920
171631
157929
196687
270452
153324
171648
161822
236706
270900
241222
271099
231659
233192
238641
175816
200796
228435
229266
184865
251730
206993
236632
208697
194604
258025
212085
187704
158052
206739
195661
163604
176591
250689
171083
157346
138306
156162
166438
187529
154138
262258
232788
211889
184269
248360
177983
200556
198179
167508
160015
266817
207805
269700
146705
155448
242245
228558
250597
221634
139987
196863
195304
159143
267863
260684
145624
191051
236906
139300
169008
243941
157070
193550
249536
159518
219559
238852
212034
249745
177895
245534
273841
140585
240068
246935
198887
179760
160341
150335
188154
151326
174687
140410
226742
266074
273824
220046
237131
173829
160543
186902
168975
230122
240771
163794
182445
171651
199566
186063
254112
152367
256424
157993
252552
224736
237631
182286
243712
223935
205672
163543
254719
167843
257377
141480
230929
139037
250025
174025
215108
168302
218855
254766
220505
260708
249740
233221
154456
179719
182263
261043
186833
272281
191188
194645
210744
159682
197258
215729
198441
209189
152260
255207
187024
260681
270316
161208
241123
240099
155891
228612
186641
212037
245239
174856
164733
187738
156091
262716
199277
240738
139004
153875
240363
138666
153320
210278
273397
254720
213193
151174
160457
166304
225836
249770
157594
196224
183790
174795
228508
230489
227510
225537
186378
177389
219614
175449
166161
213497
163159
250533
177766
242292
182314
152420
222722
201848
261798
166344
262925
144987
180069
163662
158996
247924
174566
264693
187968
177252
169981
250969
221683
159480
156699
171639
156668
219502
231246
148670
266576
214732
231550
138328
205722
138955
231566
206213
221827
183661
216286
160692
169810
194930
225959
142308
237574
182715
241944
238507
160564
205313
228849
139403
140296
246150
200927
238316
209684
183250
224442
259473
243576
259875
142812
216928
262156
250066
272375
163567
143143
181847
183198
264969
258995
268328
229881
199121
248485
218395
182390
181873
253013
224704
263312
161032
191388
162336
262820
220032
254604
208309
265422
142665
175770
190509
214005
168967
205685
252176
147089
221731
158314
153447
146896
240520
217950
197436
162459
206069
214018
260793
238107
251176
143530
163735
171591
241074
178022
211763
234728
235328
218761
181233
230861
224418
192379
177688
257608
233944
212301
152870
209261
149954
193986
200835
266366
190828
203561
231255
244552
223085
226785
191594
143431
211589
237756
231569
236228
183863
218188
214645
204787
266639
139147
217867
162135
183244
265608
166098
159762
185724
219263
157888
170417
152900
254065
262963
182133
156133
241635
143250
164594
235684
154916
232674
270881
261972
186890
245071
253745
206433
145364
183370
194247
174492
264606
197466
196091
271151
243460
235767
257540
156850
205198
210905
191998
178601
239304
246530
152919
169325
150030
213336
240702
202329
240157
274204
207906
234582
261451
202791
148513
165832
227376
267338
235165
168695
240862
268589
205363
242133
257505
207383
253309
229159
172456
186371
247428
244618
218878
274024
146139
177624
230091
158482
171625
153019
187253
220204
139216
229152
238743
142423
139292
145274
254005
150010
163260
232653
256798
155755
224956
180586
236614
155939
213686
159405
239900
187304
200510
165765
192346
236989
206178
156104
208663
181976
199374
147370
172930
169391
244372
215968
267317
186644
269883
273320
162513
242542
162409
145778
159889
205499
203405
151494
171372
222594
263162
156763
192473
138808
207521
138789
199103
139335
172710
271866
172428
207343
166706
150130
182999
260419
202333
248589
237421
260733
198024
206496
151404
236128
177708
144369
272277
228194
187767
201924
187948
260702
173414
239439
262103
139734
195199
249169
181048
245683
194991
237128
160595
176512
263590
229316
266952
197726
204011
255120
243400
263470
260074
168430
223714
182096
240749
260537
185526
214619
148415
211137
192143
212123
227205
206208
176436
231196
161427
152773
193580
230890
258290
238867
199714
146197
207643
169634
185178
245529
206286
231332
234800
162116
199982
201949
159943
218311
156385
234602
195235
220182
198890
165707
175452
147066
182204
255801
257227
162231
234081
142091
234266
144676
166630
250069
204889
240265
155079
266758
264873
234930
167884
176473
262309
228845
150896
204430
175145
145144
138146
230069
263379
160004
248525
254470
270160
230093
233168
195577
209546
138288
232357
153618
231989
207220
245953
141956
177569
229344
174902
203036
155366
163750
190102
152649
268862
189800
192539
221825
193138
261862
156010
159109
260278
267694
248785
264078
153002
251829
209299
180539
231992
247058
148867
272870
260043
233982
239001
192338
153575
221653
171804
184395
198967
200636
209337
236336
183645
146572
189481
174648
262980
217778
161527
158664
166513
260850
228172
191819
155624
270400
160738
189694
227473
236826
193019
239781
198375
202931
142495
248620
144748
249772
139346
241273
258552
156996
161906
157438
182102
154160
186584
208333
148064
212798
222785
223461
207757
256622
203718
239276
248987
234594
269256
184118
250582
177492
271079
213818
211169
154286
170577
242435
196148
195767
138719
153807
241502
167427
264024
150917
184358
215020
255920
223372
143072
185936
157125
216566
247978
159474
152375
260809
228703
208246
270663
194424
203446
156594
148962
162260
224965
231306
191942
260415
183470
208802
174842
164407
205657
228255
140102
232417
226021
173585
239836
227831
150888
198321
147050
253270
162994
269420
170636
238152
213937
253933
158948
164473
195931
237317
259575
272840
176904
145945
228471
243758
160263
263954
273141
143596
252857
189645
240883
172352
161315
184324
247531
150466
228688
147019
274338
165513
232473
149486
142968
262789
220728
219732
221070
228154
225468
225255
268564
194906
256943
215057
225942
150082
203627
259496
270071
183765
271748
226423
251602
197140
152527
260794
187560
227946
273906
240907
262172
159831
146322
271828
192351
143280
216215
250847
139823
258844
270344
268414
236460
264833
195330
186924
269781
149382
166559
171926
151180
174642
204383
209919
216444
179165
218076
269582
235931
249318
225487
246244
169576
215817
191377
169979
246250
198869
261177
272050
154314
202754
222442
234250
169371
204374
249249
264871
156083
211572
147158
257719
207963
255790
168363
212223
227880
269843
227973
182862
141396
253182
173989
196751
163460
249005
234851
209601
246841
151143
273852
143337
176485
162733
145564
226769
217674
223887
218332
150088
229028
144609
240610
217988
261922
273541
213571
155061
213284
185107
166983
175623
188564
262401
200376
207335
251644
258136
198879
199757
264968
262308
243987
194837
152096
221688
237459
158402
148154
148573
203797
260212
271745
222416
210848
148235
182873
180256
268480
194936
186411
183778
228513
161290
198654
181762
236907
153256
164153
139784
197492
167243
217555
260690
166236
139963
245896
244494
247438
245514
234069
257352
151701
157107
216246
163318
236503
266252
207009
200969
208798
141914
206766
228527
139310
153715
184868
204262
244268
270169
227428
183538
193305
238548
176951
179538
152033
194137
198895
227887
182200
223449
259895
232115
265160
235923
151168
162657
250320
200102
188409
149968
210864
228877
144706
209441
200813
140797
248411
147082
231929
192571
211723
177496
270080
149776
231937
255439
158910
268932
254517
193432
220381
196361
192318
196619
163990
174251
228852
238172
266794
238720
273350
236220
214113
218539
221841
186893
224444
265125
259657
162619
181307
246861
229781
207192
193784
205802
149321
220959
159938
150816
179418
267753
217611
201272
141702
254311
162117
146524
259310
163467
177169
236408
150054
245767
163433
191622
195917
154824
258611
170189
267174
201227
266552
165415
165554
154460
245861
145980
260596
173861
215237
234124
226979
234921
269055
149149
186522
201587
157285
151444
225029
160951
256042
154710
143647
182485
260006
235141
158857
264499
163843
173731
178659
161318
209871
256567
168972
156376
271354
272499
214649
175812
188920
229669
232241
273602
246715
230614
159201
211816
241207
199502
202344
220851
263381
167236
222577
265068
177029
227583
219519
171952
267502
146243
217986
260158
182964
148666
214370
262449
199792
247551
148149
170333
227080
257029
160772
209057
206987
271816
140804
169251
223945
147101
202619
163535
216603
232628
151525
172757
234175
177758
263086
180070
164626
261522
202782
259227
270092
234233
164102
144341
188483
254485
179787
265418
269152
143869
173705
154352
271330
190781
224083
197232
200298
159572
254726
200351
212677
193336
219812
229271
185587
193457
230622
251769
199095
258470
139115
214262
251952
265400
238694
149372
164641
267066
180706
184139
160517
262560
218430
192467
204931
254715
188118
209582
254947
209347
210077
217178
237902
207682
149855
228358
168490
145831
194822
188654
208775
261858
179236
249703
154257
207452
192734
142807
170707
173033
257743
229562
246403
139819
250601
221882
206718
251104
154741
218219
230028
142873
176727
269486
239664
245010
156611
247628
203608
181388
243707
176111
251905
201612
164947
245561
183443
227384
141909
260262
139470
261262
168901
273699
223698
245759
170225
205566
154820
213856
192952
138147
259700
230845
230002
164270
149690
165870
217212
247893
157858
180330
175262
199066
141121
140805
219944
239714
138968
247779
193061
128564
223378
254081
208475
184862
200721
178398
243617
240866
258356
181440
148815
269085
151478
187577
240201
265263
229498
166386
144681
246598
193520
154420
254910
246902
142193
159272
180027
175900
231542
174967
219515
246867
267891
173666
213386
208829
158729
152522
196825
208644
168550
246929
217329
174996
166869
251915
235507
169236
170846
216472
180673
257510
167978
185335
150598
205752
272099
185557
231495
270230
182732
247965
272442
145263
176649
144921
243568
186529
194740
204671
238787
251930
170279
176459
185562
209116
245757
212768
252415
190621
151991
267708
190600
228959
157971
266923
233070
160612
218874
265955
255957
263849
154190
185728
220145
270938
237342
169174
246208
217724
153426
145231
247763
178264
203835
164873
201410
253069
145395
172225
239326
190768
200379
214106
256958
152193
259516
243167
159173
226005
241713
189014
240805
240780
236921
273118
225176
273340
157680
237503
162188
190084
156393
267980
231940
197505
247567
158233
148399
240929
141903
170496
249090
165710
241893
213272
158254
188910
262479
190136
144271
167475
188946
162254
159396
210260
244283
209414
169321
249801
180985
209208
215369
230457
140839
215820
138796
226792
252451
188477
183315
162040
271888
189680
194506
171925
257346
165944
162549
138280
264492
232835
235135
149580
236151
142148
209229
218397
255675
224822
234495
217386
218914
195591
247168
214599
253575
262660
257476
151716
150368
209201
189514
191640
246775
177342
166244
139518
209425
244877
206109
145336
273485
214757
181269
139897
176313
202693
270510
232531
180463
160130
254047
146011
207609
229708
178115
256932
185469
232167
174674
270586
196787
251709
144157
184594
226628
202095
242706
249990
243585
214233
237413
189877
215993
204066
183701
142528
189230
208416
256944
238604
259139
166724
208797
262921
178945
159664
146671
217889
154270
270019
188690
195872
212363
152365
167013
240385
141947
196785
186324
193557
192649
227411
198448
267145
249486
161360
159110
198735
223147
244801
188175
166938
141418
273168
269409
226037
177712
212355
198475
231406
251380
155365
159579
168599
138474
251918
243370
232247
265718
261266
220007
245258
138814
270298
266481
138314
178856
188682
187088
246199
211786
247018
258556
193984
140248
266854
191676
177353
215279
260470
227659
173421
207144
138583
266863
167037
263601
149585
210154
255117
187279
243894
158235
253506
259448
217198
268583
170655
193906
146873
240949
206873
259357
150269
189513
236764
257390
240185
216751
250815
234262
186178
205372
210825
248545
150151
245162
224255
186407
224675
143533
169392
217596
163778
209959
147476
201127
199456
204222
144569
139774
191008
173852
257780
162280
168597
195163
219978
202130
270145
251096
180719
155008
258646
157524
269804
250111
245676
203192
203046
138736
158553
254407
257123
185737
241561
169918
261104
265360
210553
192977
267456
179947
226802
179846
243209
227681
226952
157787
151856
211939
161631
209711
258320
184878
273551
167724
195793
172678
200016
253410
154268
192409
164170
141096
225453
161033
177456
221563
221599
245979
169094
189384
254820
243709
146121
197500
217781
244383
162568
192489
239102
259488
158602
255114
262373
243305
263648
148111
222824
228037
203237
273786
149569
203880
198316
250587
138249
270786
178333
266244
244030
162475
259995
252825
172473
213760
189061
232149
186293
153378
171858
173625
175635
180494
272533
218161
212379
195340
220361
181334
215046
210743
216987
273766
192780
221253
198235
161709
157110
253835
150969
201043
226833
245928
240887
149424
206676
169594
201777
155031
259870
203708
273008
160301
179294
196264
221157
175138
203603
220699
177917
254367
138093
181101
200188
233384
215831
266920
218906
252827
167723
181490
186077
262170
187551
158653
228758
229484
179121
157985
205377
223412
238698
160400
210526
170038
186058
197776
186291
167523
203456
226658
217807
228533
256379
190029
128136
270495
217551
226117
249263
257967
176576
175544
144364
190059
250654
253155
189683
268995
191085
168853
192320
155588
261196
140918
212803
267861
172031
264017
266306
168989
191282
197983
225944
260661
212789
203552
242462
263052
191528
167605
173545
179470
271666
181084
171582
248362
185802
181160
197533
224645
236866
162761
272306
222879
205506
202593
224293
140100
141236
241054
242514
262954
224570
147111
173940
197287
191236
194714
227797
197814
206536
148697
229634
249763
203702
184460
143459
155089
213651
146361
187897
183041
159308
269508
235438
167063
189905
254312
244012
194227
260082
249718
204493
263447
248694
220017
241789
233674
271370
256344
146389
170789
249380
177666
184332
163088
221549
261714
177991
156231
273410
192691
155383
151768
230170
215127
266165
229239
228126
266711
186594
157044
194269
212478
267728
246789
186234
145434
174057
140747
272830
156318
149351
199886
209551
180479
191203
244213
177455
148552
267944
224607
208979
191067
240445
219457
146299
243847
157418
171416
266699
169815
241998
255789
149836
218491
156758
221598
216035
144710
202462
265661
222026
238771
160265
241072
160057
169006
201042
211174
207404
161096
194229
256458
215950
225045
273520
162799
251358
245375
145119
210261
255438
195001
246751
150887
163700
226780
160316
148733
223918
235089
215299
264421
141597
217956
170239
229397
255844
228519
261410
224335
149633
194057
181361
271706
268150
221735
178658
269147
234284
150223
239031
231199
173079
178192
239144
233462
234151
155853
195771
141275
254352
196088
152091
260246
186952
148081
164646
248098
239897
147586
223581
211260
246489
184081
202875
245955
264834
157185
247360
160763
153681
179359
180123
184033
154748
140212
222823
195549
150775
201176
270013
178014
225605
248017
218155
254995
197343
180832
138790
173385
164197
263333
223097
170842
153897
168263
155017
255345
202105
146295
233996
224222
141170
258194
232359
176136
252793
233066
226513
210494
256023
242696
153461
234232
172945
248530
201716
170282
224629
264418
207684
190031
252398
206861
274102
161266
207242
163498
166926
139156
142899
188927
139431
182359
211347
223864
142953
262050
156965
192837
164085
199117
190041
219426
204738
223753
182045
196742
270957
156490
255873
213886
177996
234504
162714
220193
206917
149102
236602
261436
199918
162750
213819
269774
150244
267107
143936
244729
247860
220778
147997
234758
222574
249721
205361
209270
198938
228017
184338
179579
208472
206544
220748
159924
249808
254501
247150
237101
248256
210736
226474
153307
154689
177279
229703
273960
236846
167059
266339
266119
203862
227683
181557
224470
193672
244015
198349
183187
207628
209505
141950
160366
186239
228155
252277
161923
176120
171328
188862
263044
148410
260026
165263
217256
252267
219704
257555
219260
260361
222110
150672
249430
261239
156879
200854
223873
196980
240217
149078
272054
159877
202402
147626
238286
208272
273396
247031
251835
207718
244386
222839
197257
138838
270188
178270
140162
271929
158929
173699
200559
245321
153767
200187
192609
227532
219171
234870
173988
252637
142801
156256
270375
191761
198274
205426
261368
222104
153880
242716
245823
210377
194390
211416
172852
216005
264700
189612
194182
156268
210232
258443
235235
165404
226216
143200
199119
213167
154359
154132
207528
261576
151541
225759
272642
240633
243692
185454
269394
269346
172255
231234
174460
160914
165968
237417
193185
201981
233330
249414
173607
236012
209063
213088
193354
242740
175209
143633
258030
217716
242992
163365
257827
168043
231741
163458
270466
201541
227665
230278
271058
254661
241832
214283
212014
201572
139477
235947
256002
272071
266645
169882
216690
269184
150291
196125
227434
262895
243673
260310
172856
245116
190240
147247
148957
154685
187081
177072
205841
207322
197706
193378
202825
190178
148028
248028
233544
188186
201080
244060
164669
214913
265716
260935
219798
149790
140449
172671
265509
247988
254314
271901
229108
248767
235914
203577
196033
223856
258593
255669
204723
262768
187566
159048
168731
188842
210872
173038
207295
188544
208012
238835
219760
236381
153424
220491
201138
143903
138220
160156
182653
253824
271968
140089
256916
219190
170322
177033
200993
158446
216388
166874
231960
177851
217003
251920
213632
147840
236657
149215
148645
203684
206730
229646
243181
249474
232648
237535
187138
246148
251081
223318
206104
241816
190655
234434
150999
225525
250393
165047
242736
213978
159551
192262
174865
151538
236661
206546
192340
167796
183934
241385
219984
178884
264916
159050
223659
227769
254395
163814
217389
274405
233151
227221
239358
240356
228900
229701
151306
256005
208603
167950
190943
187118
147325
246497
197899
214030
227508
167821
164026
240558
175317
226416
152369
245416
257548
221421
173133
182758
181273
273532
262081
191230
190582
214490
229379
217698
183483
210576
271759
143313
232551
210451
232146
157068
147114
268887
197154
262367
168012
216977
214536
182193
144559
219318
229589
145491
205402
206851
245138
197373
264304
235733
265738
157098
174796
205412
178547
259228
230031
165123
221182
157325
159402
265030
155669
259986
211996
153165
165315
267743
182795
208769
138835
152555
252880
144275
273378
270134
159993
230240
190161
200309
181298
176946
228344
155222
164206
156909
255437
161821
222856
242565
167061
142380
261520
185269
248990
172887
224927
255942
262823
245382
167527
155896
208708
163291
262675
177929
214418
182173
152312
198629
147363
248603
239165
252574
148428
180868
143978
221873
259046
199368
169176
252623
223507
243392
204129
235441
179507
143330
224362
229240
224340
236150
261193
189811
213493
180236
142231
267485
245775
266243
168436
138702
268727
237611
180031
161185
258500
230350
140913
145783
189668
259365
166115
241025
189001
235190
159334
243649
243754
235140
186402
154778
214837
228898
177734
244387
163335
273055
207329
270226
251356
271019
139859
154626
165728
228337
191387
247991
210655
145299
173611
188075
257054
143777
181568
140226
219602
174830
161995
243634
171808
220712
247772
160288
199815
153063
190284
253644
212234
141401
190163
211084
172033
231775
180774
140641
138675
227297
174437
189537
273902
224433
184938
138743
186911
264027
188711
165528
222716
171611
242709
199741
234114
139570
230641
222103
230692
220518
265250
217436
144224
179864
256674
162432
142452
268893
188299
245471
203130
201974
247041
252360
197234
270864
266071
264697
273090
212465
211350
150927
190058
252190
237475
247612
194306
265115
245587
229837
260145
233995
210891
213758
229099
232183
265879
180172
209170
138587
273377
246494
218385
154062
191174
177973
201567
217728
206440
258849
206620
252291
241522
173769
260632
223011
144345
223812
195941
174342
208679
176728
156280
205978
195712
159878
156599
210258
157445
254615
270067
169510
258084
150016
250389
236705
274301
144912
162716
156966
149699
203448
160183
253736
194139
204451
151160
145871
163707
204844
171027
224992
179360
203013
188421
210137
155274
218821
216015
175008
206607
246438
159450
167529
145753
252826
259591
247629
190755
242677
156387
171053
218684
192018
181352
161213
167736
261575
192625
270818
170691
189270
185904
257951
152218
204718
156319
218054
265471
221146
152295
184111
195475
258418
187150
227771
167245
187323
195552
208410
214705
200523
165243
267958
208312
274119
150981
193880
271947
247863
193687
194706
191059
164578
182419
219940
257664
221708
252031
143984
171001
252082
152161
205179
175282
180473
179374
273879
223668
144497
236813
232863
160455
143016
162776
245642
139373
189774
156592
199092
201977
212785
160201
212575
215792
139303
209605
176771
145995
215102
160877
234223
193706
170244
204489
184950
199987
260088
170616
178319
223654
165664
175331
256647
225932
173354
197727
162592
155650
254222
220041
238670
216074
238030
268871
257663
269024
158384
202923
202189
273142
189219
203532
250984
193617
186049
273797
241917
202448
239669
164092
180932
221487
227152
162635
213618
159880
270626
185192
192746
219182
166206
229356
267037
199476
191768
184233
244986
154082
178753
155300
195348
222434
186267
251468
227827
165324
156628
206644
252202
189240
260904
245881
225372
221923
256604
234690
205901
209867
257326
256189
178472
239510
144328
149243
182761
174701
212171
243862
214390
274271
239577
171255
256049
226101
227520
163841
169134
258501
240369
228657
202691
179620
227823
204672
175355
202379
169826
214065
175480
206700
221755
220648
180576
216700
229763
262978
214561
191306
154725
270534
232238
233148
190262
173497
202679
180805
242813
186155
167917
180718
225183
149676
145555
138962
236412
187807
244595
261939
273143
158736
199723
222514
140682
196422
152936
259218
209370
266900
155162
229002
154146
176692
246574
162838
181644
265656
178448
257240
226917
156824
188332
147968
212260
266317
216047
162773
166467
260582
199265
169548
158374
206012
205187
253219
257585
181887
200006
182741
189082
179044
170906
159483
258097
164526
269556
155972
199751
207167
253658
265056
260903
267695
199780
241322
209980
216761
196179
258338
259172
228295
268059
205528
207990
139105
160605
268064
236211
203942
231631
197100
229744
191896
219976
253888
158081
249276
233004
264974
181303
202412
210593
254492
272991
210931
259160
274381
249225
237866
210929
145547
189940
189464
185058
224682
179786
245470
151606
269288
270808
265223
151279
158408
153091
187873
245149
199486
235312
239195
247594
217293
272483
139102
159626
147732
222136
146650
273878
162436
206524
243984
171253
158350
191478
143277
239962
149615
227251
224628
270847
236242
263808
223867
191171
189656
155811
184238
176336
262104
222587
146924
186528
183195
209001
204952
150739
220068
152839
190361
257247
241220
217296
213638
175846
212070
247425
220863
138932
163475
244285
245944
144731
179268
156131
144601
175201
165245
233629
216416
251423
230223
183903
178029
226986
155396
264091
232780
255720
235344
205266
241541
246328
138949
256747
210511
263725
161934
232807
261088
189385
213019
244082
200111
215521
249014
196694
212937
244059
177925
172124
245365
171646
168048
237169
263539
218409
208703
227174
200219
256832
176477
222166
235910
162547
174752
200213
231419
268176
270971
216331
267603
219625
247707
214510
147460
195180
219922
213834
227305
146055
268902
165023
225509
197934
216110
141169
192730
242672
236999
265129
148457
186224
195276
192229
239796
189759
206623
196877
216708
259793
202768
140969
147080
219314
240778
180582
228423
147571
142821
157531
176950
191710
266385
169406
214912
189771
138378
250931
144910
258010
148298
243017
186439
204346
160614
218872
236719
227001
166249
235315
160502
221014
178913
149121
198717
216032
256725
193123
166831
219603
273800
254547
248277
185741
203384
145766
145920
236691
161778
234152
153306
143344
252818
226388
206753
252069
186788
181582
142378
237784
191239
216517
164633
215439
145732
254976
193837
207203
200577
273948
164899
272619
154315
210047
219537
146884
153635
239834
256678
241470
155796
213104
184471
178611
273471
258648
201050
264380
214923
171669
238252
269069
227129
217922
227483
217424
205067
143641
240233
161076
169488
192961
164332
206978
251654
252941
138450
250882
269078
250089
219342
173962
229890
151809
162559
249842
230225
194468
222992
200875
174567
178861
192906
228605
138401
143536
180082
245286
273448
150736
252185
165639
232054
270827
238523
232266
189498
222857
193295
147233
213459
177968
265101
221929
274328
267138
219192
243616
192043
187036
219955
274108
159959
235904
207334
212899
259391
216980
240116
214881
181403
206297
189009
251537
255210
172262
140457
241364
246945
221381
269124
242505
138391
248333
270473
204724
227886
220686
143581
154285
149009
160732
255946
214440
268548
223383
145512
190303
261888
258821
185091
138913
220509
147469
174110
138763
197067
254444
235851
242637
250777
174489
192871
147574
224598
162157
163423
166076
267890
163942
211216
206277
183254
199252
226075
168642
160204
230631
192104
252389
215348
270262
210004
172388
215466
176161
149814
234935
257606
232512
224997
158071
210383
201099
144051
207125
159411
207917
258685
260574
169297
257152
147762
181978
184219
211600
246801
215782
240669
149395
150986
185651
170518
241007
146559
266525
210454
267962
211263
175905
255426
259949
143025
203591
218111
201695
198808
263607
156874
259215
151289
265919
192090
187534
168289
179279
192456
249485
155838
174700
177572
195344
190276
189370
153854
273617
204579
148102
192554
206210
152242
273459
201400
238381
248289
182171
139327
160828
165266
237713
182175
190574
171127
163635
170247
268927
250835
194659
186642
241260
167453
175074
170043
149484
268970
207108
185506
169298
195124
149470
265371
138842
186334
178598
272018
260861
194326
236785
266118
192280
168780
150599
212266
165076
273386
153696
187463
178783
158280
162300
197379
199007
226504
159305
187814
143832
211974
211069
265782
171869
211720
219099
154129
150055
263415
216251
252596
179781
141624
144459
263866
197743
248160
180076
269791
154672
234825
150137
192720
229811
177826
214278
204297
207252
222285
200145
197990
242570
248588
253414
211928
243935
178147
262807
266149
270401
251618
246225
207905
188960
156902
226550
240684
226262
220618
177955
163559
221322
174151
247655
238241
145381
212343
198573
264236
143930
145990
260281
254939
226698
238640
271025
180766
140676
174418
258830
191546
143915
156625
255735
235276
260631
263917
160796
274105
181621
193895
225441
259527
222295
156351
167833
167394
201759
271248
268135
250559
209164
252888
144791
157584
225256
271328
262088
195918
156828
206937
237605
178427
193622
256022
181598
218899
165751
197225
209487
157642
141483
224776
202672
188275
212988
212754
197803
222021
146536
244956
143691
147568
196615
163603
189732
261086
216281
149409
257163
274282
261210
157167
237908
238116
163701
248823
158385
245100
233306
252997
195123
153093
219399
211812
261954
172448
220255
233780
142574
218507
177403
273416
191558
270906
171800
272968
236064
174636
261070
226457
170658
139584
179556
202739
214843
217584
217103
208967
186046
178295
138718
229967
256599
207711
256865
198886
169538
256829
219912
238429
140031
251354
241602
155455
182993
185307
227197
171805
173249
235105
262372
223926
142694
182279
266742
148236
190168
176244
172832
241272
263061
146802
191432
154479
252856
240589
253727
149012
255040
148075
148791
217897
207937
176858
212200
227916
263337
144149
170762
162966
196959
245079
210705
146272
203841
166803
188147
189471
253051
179694
209954
262393
178565
170881
226596
150629
175885
191742
183191
256321
224790
267734
168262
195606
250109
164463
272155
219083
199500
224461
149357
199728
261484
147653
146262
138160
239649
169490
194532
234234
215850
240521
184999
222363
219768
237093
183979
157171
207273
189932
138922
207662
198819
227574
225627
187831
186098
235100
245788
164428
261776
248243
162672
154048
180118
215073
204603
222707
173184
172375
255103
179028
221163
175392
272416
271182
260958
196087
207516
195991
237876
200137
183022
208535
232340
265543
150465
193189
254179
189519
223095
189268
140083
166722
160480
244109
229833
274302
212095
219380
235804
204906
231250
228234
177716
269462
206631
189217
193003
188806
182860
138805
241139
192866
223555
166074
209734
203029
260223
186375
232680
270027
217547
259397
222518
220690
258476
267385
235713
271245
194416
233577
188086
152463
174443
215289
170818
165883
240507
177457
167907
272590
234156
203200
202906
148514
174486
228662
213482
252588
146995
172580
186245
167682
235806
151369
188038
260094
261348
157819
248930
171874
187389
195728
227560
201745
240486
164455
207576
259729
207447
212735
240826
189827
210671
243561
215267
224903
189334
198504
218516
217885
261701
141644
163551
273435
261680
198380
253067
250685
232017
190494
162677
202537
243803
152530
165165
267940
231387
217179
166468
253068
164104
236774
268169
167062
219372
177743
207360
151804
153229
205777
240127
248548
171941
267008
250904
153103
234527
161026
240820
270155
204991
188529
197151
246446
168516
139057
166199
208468
254790
220817
152019
224887
243062
199608
255826
161520
222328
176251
255157
164628
186765
157972
210686
258210
272575
163709
187417
215639
178784
249411
188744
265111
221462
174539
191648
206894
163592
162244
183940
218213
270352
174631
251317
222498
205057
194392
270646
176234
148605
149865
187673
229352
253617
265720
182559
198871
191360
149857
223299
227708
198344
169670
164301
146480
215469
272742
233552
216498
140249
233201
272860
244441
152095
154894
202032
149411
220455
151409
237270
260183
248769
254385
265772
181391
211167
232509
226872
246298
267012
198353
245566
174377
167862
260220
167333
228652
249995
159096
268393
217753
267669
213922
233870
185184
152829
256129
228741
198535
160622
245077
189518
148721
252551
216628
245848
231163
232782
231485
239710
180799
189281
266674
243466
156480
271291
252534
179904
244104
219360
238923
241096
196727
180566
223964
208651
164267
206839
187798
166302
181036
164829
240692
176094
264588
181139
272449
198982
153207
273661
259196
272456
239863
253319
193329
168994
151276
165611
271440
160465
270048
236172
233551
237836
180186
155073
236966
151877
226466
268089
212019
151552
178734
212092
140028
141094
183551
223769
225800
273820
226169
201764
171019
243389
253751
159630
191452
191820
216966
192463
220919
164200
187822
142287
223982
214855
160096
242083
157917
256063
163832
187782
235929
230632
199017
223509
206899
272980
269702
160056
217073
143207
208417
148051
159595
261355
155016
176189
232754
161896
175924
196914
268315
241559
217020
182940
200174
142849
202626
192155
262486
243220
162696
197574
150148
220855
211247
151474
174107
266482
192669
143836
222470
176693
273304
170902
251028
209897
155608
186253
232429
192197
161910
266826
242051
205671
261380
252658
263699
151751
252712
189778
177396
226805
182979
155731
153535
158133
194757
217104
182478
220680
243203
144799
161639
156463
173917
211396
161435
176227
171834
189515
238284
206265
254603
216197
250493
202753
247227
158262
145281
183543
138423
144170
193538
268539
265599
144402
231251
232135
258088
238336
224665
166491
212122
267912
162855
222740
269001
168640
224726
160210
262848
141596
246605
261586
263777
160349
189908
272685
216478
173104
158021
140335
231363
229450
143972
216822
192294
204566
234365
219928
200202
263496
258597
250646
204932
180206
206255
253434
234228
184312
148250
170697
188543
147507
169738
173341
199372
191866
214314
262400
182479
164130
225114
172467
155694
142408
236512
172403
146515
197683
163477
143748
176431
149029
251969
174686
154665
241294
239228
194806
143342
187198
230351
160248
164741
223551
212713
266500
204638
173230
149175
158570
239720
230185
241124
205050
259050
186991
256077
208526
211075
202615
214641
168123
226263
141916
200038
264917
174300
182814
156350
257387
227776
194151
242146
255260
194351
146554
200263
253176
198297
257766
141922
162707
181066
159895
227712
254954
147760
260064
156296
209969
202210
260893
253573
168376
257921
188500
207511
227745
160273
171314
246613
249445
217931
188209
252388
273569
210528
250759
273153
185402
142672
199136
257665
176029
166573
204960
251156
214777
256320
232589
266492
213359
208923
171155
205256
266330
230026
252476
140434
270501
248614
194584
251130
247714
173766
177321
185596
158714
204902
272591
189851
249657
254743
231529
271142
233765
162935
191856
201946
260683
234556
207941
239155
202141
248361
226641
262211
233785
162705
214700
185274
175442
180972
230962
200841
261762
147439
250873
139708
234419
221913
182849
143140
188796
152255
219797
254421
144764
214229
260449
197895
245918
177739
201244
241509
180764
217243
211527
224179
189750
205746
253102
170968
262242
210009
244684
206516
250914
229219
141663
186709
265835
223280
187220
178887
185836
180885
149809
151851
180174
161875
241693
227083
254861
184445
186690
262234
252121
193703
186838
167454
262960
188206
212543
213827
200567
213623
173181
236102
252079
201916
163185
179596
172172
235052
265548
242268
270348
147424
155341
257386
228107
237734
173466
273449
218716
233463
228406
195050
167759
181371
172163
205257
260956
158530
209058
207691
206406
202336
168066
219490
140190
209210
244897
248404
248977
200031
271822
182407
154780
197967
190537
220185
233002
245240
175085
260135
166237
201355
215200
205410
242455
145378
194662
253146
229390
209267
197551
173742
263733
252499
210005
226348
266178
188880
188676
234302
226671
180527
237691
173874
218192
162997
153950
161713
260987
241106
193201
229177
186520
270010
156748
197070
271895
184087
148883
239842
252457
191617
153412
187925
156755
257726
222193
205386
267286
167639
142718
205083
198954
177482
259013
170737
186188
200915
241515
250576
267429
199530
269284
217957
175640
223849
231339
193849
156391
139689
174816
151639
247465
195503
232491
256194
151547
225230
211456
265456
237924
184898
215761
249719
273002
138415
139076
240557
253516
229695
255825
217127
147384
160740
143894
241666
206580
161619
269036
150879
263472
142645
200733
158635
242676
266402
273321
271131
152053
222248
212838
164119
240032
192374
216869
160830
144471
224544
259834
243612
150555
142655
256799
190502
245070
230558
143728
172030
269333
222300
273925
163574
155190
138446
139853
166932
221232
194255
220599
191247
203720
240674
208491
240800
250653
205352
209588
215976
187803
138642
170452
208365
161277
180371
175072
272802
148965
243990
149013
258314
243858
252792
267684
191115
211636
197812
189166
269715
224272
189133
144997
252404
253286
146789
149122
148452
212783
246350
180834
151440
260260
255996
244205
190575
172106
232133
267987
262079
143045
261074
230809
201010
240628
193472
191945
145907
259605
171883
235256
235136
151002
128355
202707
220859
251799
187685
250064
211741
223079
241750
254839
273248
209617
172129
163457
156622
243547
249233
263165
269648
156228
249477
236234
249195
151062
253350
238652
180978
210351
148768
145923
180948
202165
247810
238075
172214
187317
154279
222757
181451
224325
199454
228156
245637
168725
231978
198370
272424
180012
168335
212376
180726
177230
214003
265616
229502
138553
256366
266590
207657
193078
174893
158029
189108
223073
164199
255579
210668
264918
257978
152881
198339
229842
198397
209348
188241
250103
179699
191618
166946
240590
191295
174109
214823
262424
178803
222433
265453
183404
142446
139264
215119
223759
154984
179263
251447
190627
207376
203501
181272
253696
223470
266623
168485
238026
252448
202980
208563
168267
223419
264362
162272
246693
206013
143404
157280
256665
175542
268191
237625
260038
158232
174441
164476
161776
251803
244371
218253
261610
179184
246833
251765
149043
211382
208150
189809
201091
207678
157265
198217
217417
177587
215269
239993
147975
169454
238940
249371
167263
144280
268422
147083
181011
230382
244586
213505
265949
189595
226320
225344
165072
160360
236884
160620
150744
258207
245692
154939
163035
242636
251582
228548
222473
253903
254714
186436
252633
163203
243436
216250
192700
196366
220221
195624
199518
263564
227186
153820
157656
177664
145862
266810
206548
163761
211157
167574
228646
170474
187027
156004
139969
182194
242386
162548
179141
230385
191836
177618
205730
157958
171183
235172
178300
187191
185401
244757
149625
181903
177795
199394
231087
162697
268961
248415
239335
203298
212782
232813
158820
264272
156245
207567
246510
149979
229530
259382
202293
226058
202056
208399
160952
253419
254741
265737
197506
178896
138444
166793
189599
150442
145938
237227
273949
139623
188865
164174
144994
257388
251667
156579
212125
248331
192507
192662
163549
173565
201369
256965
141443
218139
188221
145010
210751
202312
169303
164915
191706
150840
181605
250983
139451
194046
192095
242182
200333
243951
223653
196546
139417
146883
174646
261772
222983
261361
262003
160340
150078
184531
212025
163606
207347
221828
253469
170246
253107
198428
170617
207394
185092
238824
269385
250769
273923
215936
148249
181317
210946
168579
174908
213809
205721
267506
172952
214963
195997
255973
150509
175089
159187
146900
198483
223885
176578
216746
271123
253385
146238
201188
162694
156577
206953
239685
163513
210439
224124
194279
245675
194000
159076
170280
198922
217355
146486
205763
160845
148851
214869
147135
214931
190332
237629
163630
241761
272212
174976
200429
273678
260552
264636
214460
169892
274277
246856
237632
208857
223462
147357
218452
138701
210256
253815
190430
205196
240243
139069
267408
143590
235351
172755
229555
157126
170783
223289
160883
179768
258076
172259
140862
171046
239533
156050
198176
173702
245518
163782
250489
209814
149371
269245
225592
145933
207679
270826
176884
149626
157785
270168
163768
260398
212160
233980
158521
234240
174784
148541
167110
222330
184003
160224
182778
172848
234037
243338
203060
202109
230451
231440
261760
273579
231812
224552
269364
249548
238611
187267
257984
273164
161961
200979
181024
152842
210043
256598
226411
241267
206901
200866
214497
160837
140339
154140
261423
195386
167292
189717
202715
252077
156726
223933
208759
139740
228673
269605
140668
207604
257325
255810
203559
192305
162721
205038
269842
232952
221631
246558
219980
188192
155273
226864
247829
247692
185286
225373
226761
259981
188216
171905
188383
191095
194730
198272
139379
200160
243177
205190
271230
271081
189141
183696
152785
146763
176779
257867
188933
203304
208830
229497
146196
172198
259974
221589
221048
194963
157660
187164
143134
237179
186353
204386
223796
244656
199506
211619
139742
244668
145075
143120
190923
269583
189868
149038
181460
162274
199288
211762
228050
273926
168584
240204
253931
258403
239912
246492
251615
253063
272075
254380
189790
239612
269505
231832
247419
214223
249695
138836
203151
205810
197136
231203
178648
165960
146200
236354
140191
224678
255666
258287
259937
271076
265495
174180
251878
264699
172269
225214
212152
169580
208862
177946
238549
257659
155204
216031
209062
194366
196394
185793
269059
246672
153732
219203
209494
246635
190137
188274
186162
193172
215576
198444
210797
245684
212388
255952
208194
139406
229509
142189
175642
138963
188811
230817
188911
149500
256779
204549
238378
193412
164770
248023
252854
199779
185136
175627
155128
243860
178469
164194
227385
230553
220982
224270
200896
192630
228022
208983
227490
198986
199540
177922
147894
260838
268125
255709
173980
270189
170067
259329
238908
244282
179893
253077
154629
227513
172317
258239
192488
253133
185606
262290
175128
179235
251186
257159
154227
274278
201662
210572
213407
215678
247139
142171
227811
184687
185095
256842
183842
251758
195218
212793
171690
178619
163719
223364
148875
157462
242507
139952
253156
159247
235483
149125
223884
261125
230718
169916
230199
209328
187559
210100
268457
239011
207607
246195
206576
177545
272379
255598
253486
231791
232785
198833
236824
215699
247125
155119
252157
239474
143008
183263
257495
224557
219757
252305
151021
173488
150460
153677
183132
229788
149825
181140
207040
266108
145425
177313
210975
231977
176375
165810
187862
153096
214087
238359
226567
221059
174956
256772
248842
235106
179085
158327
150872
214073
155514
151027
234077
179356
188548
195297
218434
157962
194801
239922
231072
176334
148642
148182
246180
255367
263925
176208
211764
224285
155824
252369
212042
243117
197172
170553
204459
215840
179852
245787
266620
268698
176604
208050
250322
181235
274226
181355
206477
187284
181702
159270
272553
169473
196949
243041
220115
212666
265908
198538
211495
226077
272920
157189
201516
204114
153986
272295
215766
216565
203380
191280
216190
270263
146089
250756
197265
193605
172038
199619
263623
139956
187562
181922
167869
268655
199596
212145
213903
271212
218233
231917
269267
260877
144138
147820
167644
241058
176243
191593
204250
233699
140715
264989
156632
152435
191272
264098
204816
209256
152063
260663
168175
213535
155816
141657
272610
201186
257877
174933
270011
192501
205697
147631
228779
228798
230804
205983
142375
191996
241562
186103
194723
172369
171886
197283
220674
262067
182487
264171
237972
174898
237597
221667
202932
170887
212239
182830
212908
205100
140819
214415
216532
188227
224959
169569
186488
149450
194970
252002
145404
236310
195482
192656
153844
144301
219608
161341
229995
170833
229607
246221
232411
216450
240729
153310
254835
237628
266361
205832
248395
150005
156047
220533
176673
165847
267668
248686
182914
192917
236651
193371
223909
253101
139964
154439
175850
203704
203404
213268
210643
221148
208893
153765
253904
233706
163714
146599
247584
165558
186042
221740
191734
199638
152237
272471
207939
246617
181386
139931
240440
208109
245554
192587
228932
159415
266601
144718
255113
175240
209831
223742
153012
185337
239721
183673
166666
228082
143204
138241
273887
165653
265485
240152
139058
240419
165031
144444
151978
237118
229613
183019
214587
159337
150679
205958
245730
211325
245084
240090
192806
252764
218662
176129
200224
221297
140480
188522
216609
164605
217989
237528
173595
173887
227660
215242
206885
144698
271990
145082
149891
158221
140994
194854
143482
170161
200364
210044
187353
260845
192741
206334
203876
248657
170456
240313
241571
217270
239790
210851
206428
187014
161528
258867
224072
263292
174990
141441
231395
192672
151301
221600
228394
174146
138622
256661
239816
253657
175170
150019
250168
244764
169747
159167
178899
264608
198466
209186
155259
164819
198253
155647
171695
271449
178985
218381
266171
172629
259956
168882
165957
211965
138385
261788
150065
270353
269796
202856
183953
261431
164732
234078
243768
170081
269370
206251
247786
233812
216910
139996
247996
261428
165238
186167
263863
245188
256201
170512
234038
215203
200315
252507
165166
201487
261192
178021
273116
243537
161430
261945
145465
165605
233673
171119
244556
251567
234817
249189
222153
155177
258926
165599
141201
231662
239286
273187
225227
151457
160018
192799
262530
156469
237175
147844
163210
192361
248231
249594
153278
155403
189295
271055
176513
187946
154503
142073
176025
186568
271313
231615
182368
216343
174635
243582
185638
163341
241366
148752
171133
152292
250693
187354
152141
153071
208854
264604
220911
243266
149134
272496
168188
184634
248824
198684
201500
177730
210935
229196
150522
144744
245836
197547
173622
234187
173953
242172
144759
167555
263788
166086
222322
153452
213848
186530
217291
234430
146328
235882
200832
154652
208590
211551
234133
262753
184995
250861
164404
153685
247642
237469
187734
220540
178716
194596
210292
225897
199296
268952
242868
238059
221448
160843
264799
147011
182497
173002
244522
229681
222461
158406
201620
177134
210522
189654
168475
187845
151053
261369
255767
272227
151546
176376
154482
193344
162268
240894
151508
196651
231067
256785
173368
213334
271083
247928
165282
218942
218088
186409
217983
254538
169343
187263
145963
145406
266982
189909
144190
229317
165402
265683
207065
247897
261613
259980
208237
198687
235539
161201
269628
264868
249431
243539
222643
179206
270809
226724
222796
221922
211997
227773
173471
238438
187149
228579
210001
206930
232078
225746
270310
203849
144506
218340
236358
180980
185790
213196
185720
244620
229130
173908
150257
273743
166612
202920
186996
199349
145156
237020
240304
267692
264378
266144
186252
250662
181220
146626
156382
199075
185577
258832
219133
197571
192316
223807
174658
170674
150811
233900
225456
193046
240525
233955
255509
239513
197816
223868
213678
233819
263852
141374
162670
138387
169951
202435
192833
177852
219769
206668
153640
205704
181837
212945
140047
169381
157934
219168
255849
267241
141102
165004
263387
214595
158045
237644
187697
274352
234238
228104
255929
172586
265290
217273
179404
223897
243060
241537
174572
180850
272569
220792
216279
170732
153046
208263
207246
217964
272721
185410
151368
208267
145342
213548
216259
158397
261518
250400
202426
152657
149041
203799
256240
245632
148100
248186
241625
175166
235178
195480
162634
163485
232271
190915
216926
217861
273358
256558
201336
159479
264752
231778
229475
169647
216749
175056
254428
146841
153095
192731
245392
201879
146278
179307
139272
181827
225712
191737
235361
254186
172817
247222
161959
145773
251604
267899
260815
238125
215736
244142
166755
232894
200281
158468
174304
163408
273610
189993
212336
272503
247310
251113
272713
252940
255409
163514
151827
144378
166772
218844
257598
172431
193147
154806
186754
177463
168565
237442
221312
177065
190304
192914
219840
219166
184922
192263
230664
179665
195467
216278
143307
243363
147223
201475
264994
271921
162159
220689
159642
176595
153738
245465
271259
184542
258175
247917
157181
170064
146040
242950
249615
183328
222835
185460
265436
186523
166131
206190
232257
219361
234316
187456
171564
264082
220452
211356
217810
186379
178714
195687
166511
236147
233413
270540
155559
198245
161100
186944
183500
154467
155070
163664
267955
256830
179395
217307
158195
153239
201066
193600
148734
163270
214714
143942
220705
226886
151782
200745
172354
166936
171402
149033
187815
212189
268601
210543
266227
186377
175984
252862
245794
270692
236669
249531
200692
174911
190615
192808
206108
208786
158808
160675
148163
271570
163617
167819
204369
223900
185787
256505
176167
204053
139920
196674
177444
256600
180653
192108
224178
223086
245897
174451
245324
188742
205877
202607
219780
150014
147202
218231
224713
157298
166777
189407
186541
181921
246933
203815
201156
267701
223521
192140
242620
147749
209248
232599
248036
271161
259983
238716
150204
171545
209377
271616
157108
190883
146419
268743
185471
190752
267546
166046
247600
187496
155622
173776
228532
179111
223680
221795
237360
214845
243619
212349
186735
219487
153718
245930
266637
150566
157815
157558
194122
158991
230280
218598
180792
168380
213385
252716
155106
163879
184047
205223
201084
183571
267976
184106
187116
256171
242942
223407
226180
242712
182652
233743
246855
256646
180218
211667
243183
256276
164713
212022
192498
245520
191988
216223
268497
226965
228016
152674
231879
247578
202183
179957
192281
184968
201527
158645
223561
150247
269113
206355
186438
255568
268499
219755
140523
201836
230557
139048
188824
254473
262983
212662
238618
267896
267685
241961
194341
179311
205864
214320
224499
240598
208852
217395
159391
146385
238409
140536
237971
203166
153305
206401
180933
263309
251254
260057
226153
216794
194018
192735
262247
222532
257299
258116
270995
273460
181204
198351
236286
180229
145044
245265
272470
229505
210533
221413
253153
146092
139481
208257
139056
182614
192052
170138
187467
255586
151492
273928
274106
192894
203240
169911
228764
262511
200486
250432
201768
194852
188293
182973
210379
157336
198083
232056
254159
220879
173718
190220
255940
234489
200667
206782
266150
248401
231009
258487
215124
196458
208289
158672
190005
206294
148151
199978
206678
250370
163160
266958
155846
258108
155812
162082
170801
189476
138345
255926
211453
172581
145823
152270
236402
144995
148991
168602
152553
246012
237726
197592
144752
244820
230867
229506
261206
162622
201413
198418
203918
214962
158107
171840
244222
242937
147062
168992
148047
257808
257924
156604
157003
141954
196654
139954
211463
231289
144039
269332
198700
195680
157829
208011
194310
160353
205526
182354
204265
267279
221790
262305
175018
269100
138113
168639
266880
165331
226947
251775
153389
255687
268464
166620
261169
158036
145212
260447
261102
258869
174100
243088
189335
215427
139739
180750
235419
185260
144838
148895
246023
252567
141963
150293
146686
169476
196762
221184
187816
263713
230554
171459
157545
210616
179967
272555
255107
269514
217738
149294
161082
141570
257439
165853
250877
216021
201039
181346
255955
205345
148086
214406
169355
147443
241151
242920
223045
156730
205591
145361
249220
266618
151646
230076
237900
147278
239634
227013
169336
209890
200235
200809
207412
175854
145779
255031
156466
156757
183158
179454
156288
262958
170051
198091
235346
228149
140770
223748
226345
144242
269668
156290
272775
219772
168672
171510
260438
206384
199635
274261
187145
212031
237879
265130
186318
269585
168804
185421
255635
274087
261630
187058
194024
218679
242777
270935
199495
216991
150774
171617
217936
139243
157202
205020
243328
222246
187657
193745
205430
243615
237514
251940
191164
232220
222464
150270
182499
212099
259288
182666
237780
208074
175628
147212
149508
262608
238637
146563
158560
148656
174555
265423
219242
138917
196969
224994
268219
233498
233506
172334
167156
265814
213211
174087
248928
162820
270424
168881
274071
180599
270329
200172
169448
224493
178261
231042
251598
208296
240693
213135
247768
255062
164364
225354
195053
205024
166307
220774
167974
214891
150145
163489
183125
225996
177574
164334
182904
168468
164761
273595
187090
138388
217658
174347
140017
246819
249314
151200
157544
239647
216847
187686
197732
239431
163156
142860
196681
197117
258273
181936
247289
158823
258251
266069
195873
186871
236464
162562
139084
177135
143383
140746
242483
210281
241794
188270
154263
247432
238848
242864
271311
179572
146516
261652
163192
203828
229143
189378
175448
198646
222599
233696
227431
237290
220263
198621
147341
187790
154616
250381
248266
184396
201748
220252
158738
239613
259314
250067
184669
252587
220403
182970
256085
199589
181088
209807
254884
221583
237529
266060
271322
227182
229963
201937
264863
205818
216748
162013
234898
139511
192606
165831
214927
208015
176895
244827
173963
225034
206855
213575
195582
198953
148244
182342
209218
193618
169919
256432
245056
233377
246008
215317
181420
161509
175281
233040
272764
178068
268986
164475
169884
246506
228414
261049
198519
253592
235375
235191
263738
244908
140054
170647
165741
235445
155791
225917
188675
271969
188280
243298
169838
162787
241663
171731
252347
187730
246623
229730
219359
245430
140869
156366
237306
175804
219057
185645
192942
187522
195314
250040
188243
251737
144852
177450
167954
213361
152652
146591
155036
252672
148620
242810
240177
217064
235102
273149
253355
187057
258015
207620
268048
194901
190077
266600
265333
227024
270166
173850
145254
225843
198331
151934
158912
203423
229328
257909
227493
238018
177358
189824
225109
153541
220789
260637
254267
232906
242821
220444
273136
149065
175246
223469
210249
161049
214109
262136
231511
171523
231367
262703
217345
170436
233467
140018
174080
237977
162676
171484
166048
208952
145872
265150
175517
138097
223589
178976
256039
166378
204967
250479
273336
263986
250117
254276
197996
189651
205590
270636
167623
264144
261774
238090
236277
197344
185019
174857
216582
200261
184399
213832
221675
183384
257972
251700
164276
193361
264906
227104
187884
201644
209939
165774
254656
264893
203623
234104
201076
202028
146564
198303
149093
141230
252641
216363
261258
254684
266577
147361
236079
174785
139502
260010
157372
164909
248423
199824
240713
237645
253245
155157
268252
187927
233731
230502
158168
253714
195305
195557
263329
221486
264007
250748
211648
222917
221564
158464
138875
155769
191347
152910
268847
253194
200644
172401
268421
186351
177842
219871
232369
249034
181923
234855
173626
210491
210875
219138
188627
222220
152405
198943
185786
169617
263462
236290
251191
250452
179740
229958
211819
257283
231271
236182
170912
236245
249227
180281
264383
159282
172905
178044
269043
246343
159529
170986
158650
151132
219742
249630
165641
263879
139535
146302
197316
174907
258581
244365
221552
220736
253398
188648
223464
183043
237206
250779
210335
172392
153033
250131
144557
188888
224342
260592
150357
260226
224345
145432
272943
171867
189981
206962
254506
236508
237799
180748
244964
172002
147515
177756
238662
252722
234841
243906
235782
243835
198987
235632
233265
228467
217068
193400
271694
210898
207574
178587
188369
209230
229732
194608
158487
154832
146548
274406
239041
170702
151473
228232
144159
171489
248029
272125
216160
211601
239949
153404
162394
261635
141576
217358
163523
171788
194257
235880
210622
251821
146712
258466
232465
149675
175011
232844
203134
218700
233242
178550
171749
158117
173998
149452
239899
146081
181417
232100
237777
143563
272000
157078
179603
148152
173069
179824
244179
170146
176774
195999
159776
184084
154582
218974
252728
271023
235225
273829
228847
197461
146293
236522
210710
174540
227030
173846
267428
152672
228884
143097
236021
206330
272386
224513
193862
168750
183885
260634
151598
248313
238478
213545
147570
206116
161556
241558
252651
207150
193283
205275
190114
251949
164383
148600
161716
252660
177283
266570
211605
227957
249063
223049
237463
206041
254690
182410
209433
181643
172274
207973
149303
200723
170176
168477
273515
273213
143859
223829
227820
271278
223345
139818
161472
182704
198839
244370
174855
205418
228953
204336
180935
250921
253638
249021
257334
272821
148969
217823
262734
259004
199094
153008
187445
157340
138505
179204
251984
238278
253730
146823
256388
258917
191915
145443
155278
177547
254920
267491
238879
171242
172611
148369
256996
146568
236014
203072
158057
152346
214454
216647
192933
211250
251464
269757
175867
190007
273861
258886
175755
201899
191735
213297
242574
175879
261953
265074
242135
167105
216030
240286
198766
198003
264642
197008
190460
272741
269162
204720
231173
171316
244443
222615
174643
249402
245479
145666
247478
226203
140392
198921
233943
213488
244879
234471
256078
209704
205095
144848
215503
231781
192954
142392
234914
244178
255262
219641
233558
238448
149749
150510
143579
177071
247159
187128
184761
240383
218467
227150
184794
200108
164367
150001
154113
148914
267180
179369
269066
232467
249364
267629
169437
152748
252247
142550
270026
223974
236152
206867
262141
229975
249077
240626
177235
233191
209357
172835
168065
191497
185893
220552
234035
206149
237554
269977
265240
172830
157853
206506
232681
242369
270791
176361
174556
153592
243109
172500
215550
227056
272570
142719
153043
176877
232921
194133
143810
146377
173503
265627
247851
240262
236092
230206
152532
189124
171826
203168
178083
241160
148355
176348
171845
241392
239888
187914
269914
209523
233387
238126
260512
147710
227273
271489
186837
143755
203781
221655
165297
250281
212489
179308
246899
218272
268820
269703
163345
225875
243036
173367
140703
162878
224209
149862
255502
190944
176453
176944
272110
247576
270023
150017
175868
251107
178687
229609
149375
206129
196269
178212
172091
222308
264279
213883
254994
139974
231298
173480
222870
263380
269659
271556
242353
152799
212703
215401
180768
167668
228299
199928
210731
169895
167919
236279
199656
248491
211798
270289
218510
174914
160745
203024
147204
209509
210421
181443
265003
272720
265103
195685
230334
139474
184283
177390
242371
155722
165812
199761
258551
165189
219721
192321
209750
245718
150735
214895
186201
170349
258513
239194
257464
218196
141131
200199
179452
228838
203576
247347
211228
245420
245671
150966
191778
204479
234513
153340
174989
192213
162556
208073
156617
185624
215459
179713
189142
178792
195963
267631
202497
140261
236931
246448
268569
159169
211838
138603
152169
236680
228301
252268
224888
225124
144183
273166
173941
266670
181832
247182
215167
192692
142284
214053
154307
185583
184290
272393
232431
158178
271637
231609
143494
269565
185185
166024
139611
253929
252298
232448
264088
198149
271350
217515
211850
208742
195891
242078
142616
238730
223582
273179
234516
156443
233437
188031
154583
178297
214949
261005
192828
218565
261046
147279
226342
194639
216273
273369
205492
191817
141266
234775
233120
225743
233582
229767
268167
177548
188218
159721
183179
219911
162145
184421
162902
234097
190420
217478
139685
184369
168664
161555
151501
205148
173355
253870
145837
206521
263633
241939
214736
244251
161225
162222
159424
138377
183442
238845
240547
225302
193593
253017
237695
173986
143668
140308
150625
247579
245433
147112
242707
195883
209000
171945
161843
256416
211535
155539
148635
156217
145256
166615
148824
246402
264552
170877
261800
152995
169704
193018
156788
218480
174546
179056
201062
174605
170554
156026
174149
202869
225908
178168
214282
233815
271640
246496
216352
218532
165872
171686
195960
217779
212545
270117
145322
256755
248019
146447
227815
234019
230165
259131
212761
192116
186485
142597
262135
173684
170606
157695
232250
257698
241645
270851
257799
250230
142335
169898
225184
193006
176668
202278
139356
254936
150866
187773
185041
237751
213971
157662
229950
272551
270198
210590
273803
201998
240529
268372
158337
171124
265486
162582
157761
144401
243065
160420
245535
152186
180891
140466
193274
262655
234731
164008
178733
150134
146983
196740
154512
254786
233351
167095
156821
250377
242283
172082
156927
266513
239398
207484
207317
226048
142716
256390
210790
168160
239120
257401
209129
266190
270099
146066
151377
219707
187544
202033
260714
138424
199730
178936
250212
253685
212805
267017
243849
192382
239173
164924
273280
154157
236272
218971
214299
228190
247239
142547
240858
145528
225780
252395
147405
217821
234162
147504
194883
217023
164803
171015
264907
146767
144875
138898
174386
158807
178563
181095
201483
274348
162507
191544
254552
171062
174490
272224
262131
207857
165966
160446
212711
232060
159870
139881
256439
150850
150914
262217
263103
266666
251548
246020
251031
153539
201297
202049
187713
206092
244416
250225
244475
180448
252227
183335
206813
196947
264335
256989
158376
153788
153211
271394
210506
248025
163626
216806
250954
260570
262069
147086
138664
157852
269227
173746
171261
147625
189703
167273
237911
263350
195777
192253
206121
248510
151178
169213
265638
190068
245769
185909
169637
163583
166510
253709
222585
225867
154123
184266
274368
178581
157800
183871
234996
270803
240543
167610
199931
199256
170320
219315
193194
168825
170600
147331
215497
158438
244725
157607
253693
235859
210011
268223
225576
197031
252408
208042
165645
140923
265206
238315
181210
267654
170423
152181
219715
215640
253726
147318
214169
217632
246803
197962
150342
149082
193567
253009
170376
214214
265559
216446
181785
173617
249123
188393
232177
169729
268177
248570
179343
259594
182147
153671
197862
199612
148787
154283
163500
207733
247074
234662
184805
180016
255734
255450
191270
228588
185631
211893
263745
212409
240452
229106
200607
190984
196392
177089
166581
182522
148292
238371
247457
159356
161501
235310
168593
212254
173005
162022
218955
230215
244967
252090
186146
150759
259680
204223
194261
156406
199361
229006
214809
204445
250977
262929
237923
161104
228410
159658
194160
179495
179017
244861
152970
170828
212179
251150
157803
270086
258250
216653
210102
146059
162661
250872
183530
259968
222307
233535
240156
153079
253552
166227
162456
192003
145488
239229
150618
222290
144454
138650
185456
163128
168305
244843
256326
231855
143478
156371
195847
243308
260699
233896
177588
272320
254381
188313
244337
260578
273329
218309
268411
218403
184340
212822
154899
199611
158800
177012
190836
256210
250278
245513
216685
193665
247661
262952
166002
234796
154301
225756
231253
230518
234190
230854
221140
228352
246305
190658
147593
242653
261614
178725
195684
259703
160167
175116
197659
250080
236194
233350
206737
211331
166549
235682
146756
163929
219748
182899
208262
192859
168601
167345
215324
211876
270821
182297
205869
147962
189024
196079
207058
267993
190685
156777
150719
208303
193588
248469
186857
235220
212081
192835
271607
196127
239585
190645
187678
249113
211489
209069
155147
162858
228908
202120
201046
203976
196819
188287
164548
174157
206517
180846
145363
228458
209447
171970
256396
146306
259603
181841
253723
146223
262142
180101
251592
204122
179319
191352
251048
171192
154437
260499
251994
176240
216081
166825
192566
185612
243245
224975
154535
221578
163623
170843
179103
146751
150252
188841
252640
226340
191416
237210
177268
200991
166607
188909
171978
171067
190165
244382
256959
175036
186417
250645
260437
242398
144970
150961
242685
259742
272529
205081
221107
213350
173995
170144
183431
269863
193812
184070
242585
229345
249676
184876
142367
206956
168793
242580
225341
247053
179216
173948
179890
269988
166380
143325
167116
272488
234047
223688
166055
268162
146316
245992
145344
181885
140658
156737
198842
272884
258254
226240
223980
186118
153841
243061
266269
179434
184588
184734
165951
167901
192204
170803
223605
241208
234717
270543
249504
227323
200917
200958
266622
188350
173529
257043
195208
148096
269150
172299
217668
207870
158023
184193
222023
184192
161276
170090
228659
262269
179747
234335
212516
210707
244462
263662
199827
215109
212595
260290
214814
245115
260034
181900
151091
244186
235591
221690
174876
140345
140489
169765
147425
241820
152371
169737
248048
154744
178960
243046
224456
256818
230778
202387
140280
161361
263802
225140
201392
268646
161725
171331
196089
214613
259380
231676
228253
190408
213227
176391
219103
227138
173199
202181
232156
192349
191533
147496
218648
156255
258918
221424
172651
256417
268611
146173
221311
229772
266468
219467
188942
249391
144610
230853
150581
187066
181216
209118
181142
206270
204665
202568
205545
259483
178042
155528
232736
197640
181757
250423
200633
146441
263041
249057
166243
207455
253120
202468
247475
158108
176603
148613
273247
171327
165122
261547
271955
266163
193712
256750
185801
250785
202771
146796
234555
217503
239893
242733
158621
252381
203354
149096
223233
185143
143415
213943
267079
148885
244191
174535
206101
178165
242136
153160
230238
154883
229210
217116
164567
212416
185556
170977
159002
141672
264826
237989
256664
207337
161882
173780
191641
148406
222066
160799
159725
192408
266372
221127
242026
228600
215567
159051
196946
142568
269453
149597
225858
245894
237017
186280
272233
229068
211231
149901
209225
155546
142598
178129
207413
168115
210945
272684
201862
172951
170166
233641
190986
201840
262678
153143
272397
254752
170755
221307
198935
195253
203790
264808
236294
194207
198758
237743
143686
166875
248676
191786
199359
202196
270235
268770
181134
232102
270966
161901
225271
197546
156747
148005
152425
203774
198527
204001
154446
184870
201218
156200
236434
236845
215169
210565
194985
208608
235219
232571
213755
262207
188498
186859
161265
177251
194884
235883
272492
182905
179477
169849
168990
167543
252676
167982
192736
272341
263481
160528
271561
172549
246392
232441
152734
194101
219688
172356
150071
272045
183079
164742
190539
163754
193121
194333
226829
202019
217069
147118
200481
157948
174744
171320
145641
246134
243095
199122
196581
227414
251552
200392
219297
255795
267106
161949
187348
190396
170797
250790
215306
196555
241375
236580
143811
153695
273073
204997
142584
243786
184262
204925
141637
244116
165135
263088
260069
181243
229190
160882
155019
142157
184580
272670
189208
180490
222241
199740
195140
151039
227569
225432
166880
205147
226654
235457
273669
254753
203925
182553
157954
188771
143601
232180
174592
149546
142559
177490
236660
196562
182596
234605
203102
161390
235008
258643
183772
224650
239978
233831
234400
138190
138906
188195
187207
182842
264248
177622
257433
203727
197974
162017
208490
251661
204187
175055
147078
221875
223287
261901
212076
209570
153092
218927
157220
198604
174778
213799
217097
262647
201511
238258
218545
163667
154011
238484
189802
250704
216695
157746
214990
169225
260251
237901
180312
157058
144435
182659
247501
223741
226759
248709
213325
211701
188725
236409
245981
138214
181838
190610
185113
212651
262645
205178
219430
182738
176061
159228
147870
224052
206854
228665
271941
233859
273291
224273
228238
203646
229199
217852
220352
253932
217851
265075
182488
212318
266953
203912
269306
139953
215443
173778
174091
173419
187768
140114
214166
267772
192325
224141
207506
152143
231201
257582
159584
268028
251749
235525
141905
230843
219740
207096
169506
195033
161978
234685
238910
221049
188766
204311
155405
218882
210174
247631
151274
207205
159884
208848
264975
272249
212073
149592
141159
208904
149353
236060
250936
185208
141210
152257
241023
270596
252759
240125
225411
173635
217170
259430
219850
158519
166814
140588
209504
150665
154787
272159
163842
262318
194489
244693
201373
214996
239760
196864
162155
153453
238926
220727
221450
270738
159235
223957
258531
147286
174127
227619
170430
206686
267237
157684
159906
208858
201655
147767
258913
138100
234469
146936
219870
259991
226229
260812
264675
266154
222815
154002
224279
230569
269513
265903
226415
224826
221103
151292
153655
230124
217929
234091
208258
176656
192395
212188
261546
252062
153448
186564
176609
239851
262638
192234
220685
236324
258073
156179
228169
165610
213705
199366
156916
161421
145067
173194
231623
193685
227060
193249
203039
176720
160702
162347
143133
263121
254536
147812
229330
189303
241083
268568
203676
233626
161743
187016
211626
171924
250333
213771
151273
158969
173845
157362
194935
172257
247221
181144
168054
259871
154242
192716
161140
273466
177837
206627
252053
146002
269901
262856
155367
243044
190850
221012
164167
178564
233622
138285
161836
192941
263027
175662
229953
253241
151263
237064
154695
158072
173052
218881
211661
185774
268518
235399
208261
155690
156667
216537
225390
238728
253753
270917
202012
212990
257690
151177
149228
235248
157052
181353
184708
173593
207546
138971
157399
261291
156401
217146
170454
154172
225966
150318
175344
144734
209192
141543
267046
169575
205295
235001
138948
187075
264996
255003
177175
211758
258516
271103
141618
178133
184346
205108
270211
270147
273897
202549
147010
259864
217894
255394
243908
230680
227012
236581
246835
257587
152879
263153
193248
168195
252413
181807
148898
174949
238767
221457
144767
165424
221999
252292
193660
239930
215851
169698
164444
204634
241556
246595
145401
273780
148231
200295
267787
160568
246685
192722
161722
181863
220398
226766
172003
253185
138788
232645
175218
207414
192308
219498
183324
262334
193838
178200
259954
166558
174329
199246
190246
179711
227003
203536
247819
221141
222675
238372
195025
139217
162518
141088
183845
223000
220929
144258
216322
199327
259932
195810
182983
242327
150620
213087
140412
144720
193133
158086
227803
219456
255529
218590
210337
208047
140426
256233
177626
191587
153789
198835
163153
232215
191886
148951
219983
202393
249454
156263
180478
178052
211403
265118
217905
205463
252171
159879
180415
177364
231413
223875
205990
145470
172750
271274
166640
151567
186492
198932
177243
250019
244033
144591
190334
194564
241838
261882
260372
204370
270579
227201
221429
171043
174937
174664
238954
238158
262249
160773
193318
232443
184247
266030
164021
146348
258897
205804
158486
230616
151025
262032
223256
158465
229503
261891
149002
182524
146376
255889
155799
246101
268194
253183
171703
253739
249458
166329
230116
171668
191333
138218
144172
241814
159850
182947
227998
272380
265370
169984
141669
253884
265564
194418
219679
152343
233737
248583
204111
268152
225217
242344
156615
192167
162949
153385
243001
218917
204829
221863
245923
140702
222536
200276
167058
140545
234332
235091
218241
264870
182021
210846
271638
146638
229387
228056
207316
235983
161478
262029
149480
235449
206061
218040
213273
260853
255640
224782
255081
238431
174193
230713
263152
241318
155452
236620
173201
178348
269157
160718
237577
254144
208311
268134
262810
168945
232478
161189
180369
272946
149475
223792
269845
260600
161377
229015
168739
273648
254823
217082
162974
226663
190643
222011
160007
196109
216785
187383
245827
171555
149369
272793
156243
188000
226119
265706
249648
155163
183752